Transaction ID,Price_Recovered,Item_Recovered,Quantity_Imputed,Total_Recalculated,Is_Estimated
TXN_6867343,False,False,False,False,False
TXN_3731986,False,False,False,False,False
TXN_9303719,False,False,False,False,False
TXN_9458126,False,False,False,False,False
TXN_4575373,False,False,False,False,False
TXN_7482416,True,False,False,False,False
TXN_3652209,False,False,False,False,False
TXN_1372952,False,True,True,True,True
TXN_9728486,False,False,False,False,False
TXN_2722661,False,False,False,False,False
TXN_8776416,False,False,False,False,False
TXN_5422631,True,False,False,False,False
TXN_5874772,False,False,False,False,False
TXN_4413070,False,False,False,False,False
TXN_2490363,False,False,False,False,False
TXN_1809665,False,True,True,True,True
TXN_7563311,False,False,False,False,False
TXN_9634894,True,False,False,False,False
TXN_4396807,False,False,False,False,False
TXN_4206593,False,True,True,True,True
TXN_9939063,False,False,False,False,False
TXN_8685338,True,False,False,False,False
TXN_6547964,False,False,False,False,False
TXN_3314099,False,False,False,False,False
TXN_9980736,False,False,False,False,False
TXN_3481599,False,True,True,True,True
TXN_9057609,False,False,False,False,False
TXN_1599706,False,False,False,False,False
TXN_1598860,False,False,False,False,False
TXN_7138501,False,False,False,False,False
TXN_5444504,False,False,False,False,False
TXN_4353295,False,False,False,False,False
TXN_1543244,True,False,False,False,False
TXN_1494700,False,False,False,False,False
TXN_1621497,False,True,True,True,True
TXN_6398436,False,False,False,False,False
TXN_9065245,False,False,False,False,False
TXN_6963438,False,False,False,False,False
TXN_8312797,False,False,False,False,False
TXN_5836005,False,False,False,False,False
TXN_4223250,False,False,False,False,False
TXN_1019817,False,False,False,False,False
TXN_1110407,False,False,False,False,False
TXN_6276518,False,False,False,False,False
TXN_4740738,False,False,False,False,False
TXN_9587232,False,False,False,False,False
TXN_6404316,False,False,False,False,False
TXN_9331642,False,False,False,False,False
TXN_9729422,False,False,False,False,False
TXN_8425168,False,False,False,False,False
TXN_5379241,False,False,False,False,False
TXN_8413369,False,False,False,False,False
TXN_4836321,False,False,False,False,False
TXN_9451794,False,False,False,False,False
TXN_8218431,False,False,False,False,False
TXN_2383377,False,False,False,False,False
TXN_7909783,False,False,False,False,False
TXN_5046007,False,False,False,False,False
TXN_6966182,False,False,False,False,False
TXN_3424571,False,False,False,False,False
TXN_6820452,False,False,False,False,False
TXN_1998771,False,False,False,False,False
TXN_1132097,False,False,False,False,False
TXN_5418871,False,False,False,False,False
TXN_6952276,False,False,False,False,False
TXN_6340470,False,False,False,False,False
TXN_5885894,False,False,False,False,False
TXN_3671271,False,False,False,False,False
TXN_2719047,False,False,False,False,False
TXN_9908330,False,False,False,False,False
TXN_2016332,False,False,False,False,False
TXN_7363165,False,False,False,False,False
TXN_1260450,False,False,False,False,False
TXN_6315447,False,False,False,False,False
TXN_5973228,False,False,False,False,False
TXN_2780662,False,False,False,False,False
TXN_1142481,False,False,False,False,False
TXN_3933685,False,False,False,False,False
TXN_8955685,False,False,False,False,False
TXN_1061030,False,False,False,False,False
TXN_7821493,False,False,False,False,False
TXN_8114453,False,False,False,False,False
TXN_8024803,False,False,False,False,False
TXN_4532214,False,True,True,True,True
TXN_5062634,False,False,False,False,False
TXN_8244728,False,False,False,False,False
TXN_3858145,False,False,False,False,False
TXN_2646301,False,False,False,False,False
TXN_2414530,False,False,False,False,False
TXN_8322008,False,False,False,False,False
TXN_3035546,False,False,False,False,False
TXN_7296720,False,False,False,False,False
TXN_8414071,False,False,False,False,False
TXN_5705131,False,False,False,False,False
TXN_5938028,False,False,False,False,False
TXN_1958345,False,False,False,False,False
TXN_1528585,False,False,False,False,False
TXN_9619859,False,False,False,False,False
TXN_6158929,False,False,False,False,False
TXN_7209607,False,False,False,False,False
TXN_5328604,False,False,False,False,False
TXN_4324641,False,False,False,False,False
TXN_9464391,False,False,False,False,False
TXN_2940500,False,False,False,False,False
TXN_1945960,False,False,False,False,False
TXN_8219228,False,False,False,False,False
TXN_5471094,False,False,False,False,False
TXN_9255329,False,False,False,False,False
TXN_9279462,False,False,False,False,False
TXN_7956502,False,False,False,False,False
TXN_1352831,False,False,False,False,False
TXN_4372655,False,False,False,False,False
TXN_5419965,False,True,True,True,True
TXN_7655704,False,False,False,False,False
TXN_8210621,False,True,True,True,True
TXN_6908058,False,False,False,False,False
TXN_9204828,False,False,False,False,False
TXN_3208232,False,False,False,False,False
TXN_8586300,False,True,True,True,True
TXN_2212643,False,False,False,False,False
TXN_8215469,False,False,False,False,False
TXN_3403695,False,False,False,False,False
TXN_2878134,False,False,False,False,False
TXN_3123571,False,False,False,False,False
TXN_9940030,False,False,False,False,False
TXN_6195024,False,False,False,False,False
TXN_5243520,False,False,False,False,False
TXN_4608122,True,False,False,False,False
TXN_6923419,False,False,False,False,False
TXN_1112365,False,False,False,False,False
TXN_6989569,False,False,False,False,False
TXN_5647023,False,False,False,False,False
TXN_8049831,False,False,False,False,False
TXN_2953434,False,False,False,False,False
TXN_3831408,False,False,False,False,False
TXN_1249742,False,False,False,False,False
TXN_4633046,False,False,False,False,False
TXN_3519817,False,False,False,False,False
TXN_1154680,False,True,True,True,True
TXN_9177662,False,True,True,True,True
TXN_4801202,False,False,False,False,False
TXN_6149882,False,False,False,False,False
TXN_8809000,False,False,False,False,False
TXN_5008001,False,False,False,False,False
TXN_5111184,False,False,False,False,False
TXN_1499774,False,False,False,False,False
TXN_2565828,False,False,False,False,False
TXN_6312937,False,False,False,False,False
TXN_8775503,False,False,False,False,False
TXN_3541663,False,False,False,False,False
TXN_4947386,False,False,False,False,False
TXN_4276451,False,False,False,False,False
TXN_3380295,False,False,False,False,False
TXN_1390866,False,False,False,False,False
TXN_8616546,False,False,False,False,False
TXN_1804192,False,False,False,False,False
TXN_5046818,False,False,False,False,False
TXN_4626993,False,False,False,False,False
TXN_5256349,False,False,False,False,False
TXN_3822751,True,False,False,False,False
TXN_1882210,False,False,False,False,False
TXN_9209383,False,False,False,False,False
TXN_2196324,False,False,False,False,False
TXN_7020797,False,False,False,False,False
TXN_7594834,False,False,False,False,False
TXN_3229559,False,False,False,False,False
TXN_1336269,False,False,False,False,False
TXN_2479337,False,False,False,False,False
TXN_8784273,False,False,False,False,False
TXN_7771182,False,False,False,False,False
TXN_1132339,False,False,False,False,False
TXN_8283332,False,False,False,False,False
TXN_9496190,False,False,False,False,False
TXN_5205620,False,False,False,False,False
TXN_4448047,False,False,False,False,False
TXN_2163190,False,False,False,False,False
TXN_3338914,False,False,False,False,False
TXN_8959624,False,False,False,False,False
TXN_1821423,False,False,False,False,False
TXN_1175914,False,True,True,True,True
TXN_9760482,False,False,False,False,False
TXN_8460432,False,False,False,False,False
TXN_9610555,False,True,True,True,True
TXN_8136588,False,False,False,False,False
TXN_6630594,False,False,False,False,False
TXN_4844684,False,False,False,False,False
TXN_9882772,False,False,False,False,False
TXN_2611065,False,False,False,False,False
TXN_9896056,False,False,False,False,False
TXN_2749184,False,False,False,False,False
TXN_3135312,False,False,False,False,False
TXN_4879766,False,False,False,False,False
TXN_5822350,False,False,False,False,False
TXN_2755139,False,False,False,False,False
TXN_1484334,False,False,False,False,False
TXN_3557526,False,False,False,False,False
TXN_8960682,False,False,False,False,False
TXN_8973416,False,False,False,False,False
TXN_5487046,False,False,False,False,False
TXN_5945222,False,False,False,False,False
TXN_1334483,False,False,False,False,False
TXN_8777313,False,False,False,False,False
TXN_2690179,False,False,False,False,False
TXN_2795990,False,False,False,False,False
TXN_1402493,False,False,False,False,False
TXN_2438514,False,False,False,False,False
TXN_6229786,False,False,False,False,False
TXN_6490151,False,False,False,False,False
TXN_9331694,False,False,False,False,False
TXN_8547389,False,False,False,False,False
TXN_7324151,False,False,False,False,False
TXN_1588276,False,False,False,False,False
TXN_6590263,False,False,False,False,False
TXN_2251132,False,False,False,False,False
TXN_1048755,False,False,False,False,False
TXN_2530704,False,False,False,False,False
TXN_7804271,True,False,False,False,False
TXN_6926974,False,False,False,False,False
TXN_1722933,False,False,False,False,False
TXN_5846723,False,False,False,False,False
TXN_8759839,False,False,False,False,False
TXN_1747548,False,False,False,False,False
TXN_2202698,False,False,False,False,False
TXN_7296074,False,False,False,False,False
TXN_8786633,False,False,False,False,False
TXN_4174281,False,False,False,False,False
TXN_3866783,False,False,False,False,False
TXN_9048177,False,False,False,False,False
TXN_8842339,False,False,False,False,False
TXN_6288602,False,False,False,False,False
TXN_3805794,False,False,False,False,False
TXN_5488509,False,False,False,False,False
TXN_1811555,False,True,True,True,True
TXN_4878744,False,False,False,False,False
TXN_9246169,False,True,True,True,True
TXN_3303186,False,False,False,False,False
TXN_8503614,False,False,False,False,False
TXN_7214951,False,False,False,False,False
TXN_7423171,False,False,False,False,False
TXN_1583510,False,False,False,False,False
TXN_7443511,False,False,False,False,False
TXN_4394615,False,False,False,False,False
TXN_3755291,False,False,False,False,False
TXN_3557501,False,False,False,False,False
TXN_9827245,False,False,False,False,False
TXN_3187729,False,False,False,False,False
TXN_9667841,False,False,False,False,False
TXN_3433195,True,False,False,False,False
TXN_4731761,False,False,False,False,False
TXN_6339738,False,False,False,False,False
TXN_8912717,False,False,False,False,False
TXN_9840878,False,False,False,False,False
TXN_8186195,False,False,False,False,False
TXN_9410785,False,True,True,True,True
TXN_1536301,False,False,False,False,False
TXN_6001621,False,False,False,False,False
TXN_2077907,False,False,False,False,False
TXN_6429566,False,False,False,False,False
TXN_4476611,False,False,False,False,False
TXN_9130896,False,True,True,True,True
TXN_4547031,False,False,False,False,False
TXN_6923046,False,False,False,False,False
TXN_5461118,False,False,False,False,False
TXN_8574406,False,False,False,False,False
TXN_4459526,False,False,False,False,False
TXN_9538956,False,False,False,False,False
TXN_7160998,False,False,False,False,False
TXN_6906173,False,False,False,False,False
TXN_3317964,False,False,False,False,False
TXN_4654673,False,False,False,False,False
TXN_9684703,False,False,False,False,False
TXN_7571093,True,False,False,False,False
TXN_1130823,False,False,False,False,False
TXN_2655759,False,False,False,False,False
TXN_8878269,False,False,False,False,False
TXN_5481124,False,False,False,False,False
TXN_3191741,False,False,False,False,False
TXN_3096445,False,True,True,True,True
TXN_8404227,False,False,False,False,False
TXN_2374689,False,False,False,False,False
TXN_9469962,True,False,False,False,False
TXN_5072173,False,False,False,False,False
TXN_4944574,False,False,False,False,False
TXN_5293933,False,False,False,False,False
TXN_7801513,False,False,False,False,False
TXN_8685820,False,False,False,False,False
TXN_1729525,False,False,False,False,False
TXN_2593560,False,False,False,False,False
TXN_6961502,False,False,False,False,False
TXN_8817119,False,False,False,False,False
TXN_4160315,False,False,False,False,False
TXN_5438923,False,False,False,False,False
TXN_8838958,False,True,True,True,True
TXN_5911306,True,False,False,False,False
TXN_8714034,False,False,False,False,False
TXN_5960646,False,False,False,False,False
TXN_1839621,False,False,False,False,False
TXN_5944361,False,False,False,False,False
TXN_7159417,False,False,False,False,False
TXN_3759367,False,False,False,False,False
TXN_1676564,False,False,False,False,False
TXN_7493896,False,False,False,False,False
TXN_9279646,False,False,False,False,False
TXN_2080115,False,False,False,False,False
TXN_2634868,False,False,False,False,False
TXN_9937190,False,False,False,False,False
TXN_9222292,False,False,False,False,False
TXN_3841425,False,False,False,False,False
TXN_3427896,False,False,False,False,False
TXN_7315614,False,False,False,False,False
TXN_5441868,False,False,False,False,False
TXN_5275517,False,False,False,False,False
TXN_6260961,False,False,False,False,False
TXN_2139409,False,False,False,False,False
TXN_5343433,False,False,False,False,False
TXN_7425133,False,False,False,False,False
TXN_8793391,False,False,False,False,False
TXN_5940844,False,False,False,False,False
TXN_3357122,False,False,False,False,False
TXN_8846811,False,False,False,False,False
TXN_6576457,False,False,False,False,False
TXN_4581475,False,False,False,False,False
TXN_6582130,False,False,False,False,False
TXN_2910621,False,False,False,False,False
TXN_9627402,False,False,False,False,False
TXN_6676210,False,False,False,False,False
TXN_5351535,False,False,False,False,False
TXN_4435938,False,False,False,False,False
TXN_4181012,False,False,False,False,False
TXN_1475212,False,False,False,False,False
TXN_9755626,False,False,False,False,False
TXN_3842430,False,False,False,False,False
TXN_1102128,False,False,False,False,False
TXN_4351153,False,True,True,True,True
TXN_5823559,False,False,False,False,False
TXN_6830801,False,False,False,False,False
TXN_7480229,False,False,False,False,False
TXN_9970141,False,False,False,False,False
TXN_1841098,False,False,False,False,False
TXN_4374445,False,False,False,False,False
TXN_2496138,False,True,True,True,True
TXN_9041908,False,False,False,False,False
TXN_6035994,False,False,False,False,False
TXN_3834320,False,True,True,True,True
TXN_3456177,False,False,False,False,False
TXN_6615809,False,True,True,True,True
TXN_9583800,False,False,False,False,False
TXN_8870473,False,False,False,False,False
TXN_9933625,False,False,False,False,False
TXN_3668440,False,False,False,False,False
TXN_4255841,False,False,False,False,False
TXN_1795154,False,False,False,False,False
TXN_3717384,False,False,False,False,False
TXN_9616213,False,False,False,False,False
TXN_7043807,True,False,False,False,False
TXN_6728454,False,False,False,False,False
TXN_4322217,False,False,False,False,False
TXN_2151215,False,False,False,False,False
TXN_9987791,False,False,False,False,False
TXN_2540564,False,False,False,False,False
TXN_9659532,False,False,False,False,False
TXN_1783309,False,False,False,False,False
TXN_6908704,False,True,True,True,True
TXN_6596970,False,False,False,False,False
TXN_1742336,False,False,False,False,False
TXN_7738273,False,False,False,False,False
TXN_2232768,False,False,False,False,False
TXN_4863238,False,False,False,False,False
TXN_9409545,False,False,False,False,False
TXN_5426614,False,False,False,False,False
TXN_1712455,False,False,False,False,False
TXN_7017598,False,False,False,False,False
TXN_7222601,False,False,False,False,False
TXN_7864933,False,False,False,False,False
TXN_7383288,False,True,True,True,True
TXN_8228155,False,False,False,False,False
TXN_9564689,False,False,False,False,False
TXN_8504691,False,False,False,False,False
TXN_7177109,False,False,False,False,False
TXN_9440172,False,False,False,False,False
TXN_7436006,False,False,False,False,False
TXN_3673808,False,False,False,False,False
TXN_1386646,False,False,False,False,False
TXN_3840387,False,False,False,False,False
TXN_5434897,False,False,False,False,False
TXN_2218629,True,False,False,False,False
TXN_9352178,False,False,False,False,False
TXN_9978418,False,False,False,False,False
TXN_6660687,False,False,False,False,False
TXN_8348586,True,False,False,False,False
TXN_7647224,False,False,False,False,False
TXN_2676761,False,False,False,False,False
TXN_1409260,False,False,False,False,False
TXN_9671345,False,False,False,False,False
TXN_6893703,False,False,False,False,False
TXN_5744111,False,False,False,False,False
TXN_5224257,False,False,False,False,False
TXN_5319794,False,False,False,False,False
TXN_7326092,False,False,False,False,False
TXN_3342497,False,False,False,False,False
TXN_7235181,False,False,False,False,False
TXN_4657560,False,False,False,False,False
TXN_4570770,False,False,False,False,False
TXN_6810161,False,False,False,False,False
TXN_1544024,False,False,False,False,False
TXN_3107156,False,False,False,False,False
TXN_2540525,False,False,False,False,False
TXN_7595380,False,False,False,False,False
TXN_9778912,False,False,False,False,False
TXN_2771813,False,True,True,True,True
TXN_2461753,False,False,False,False,False
TXN_9228328,False,False,False,False,False
TXN_8148435,False,False,False,False,False
TXN_9014066,False,False,False,False,False
TXN_3864156,False,False,False,False,False
TXN_1325795,False,False,False,False,False
TXN_9131959,False,False,False,False,False
TXN_2755690,False,False,False,False,False
TXN_5675339,False,False,False,False,False
TXN_2687566,True,False,False,False,False
TXN_6070296,False,False,False,False,False
TXN_7927802,False,False,False,False,False
TXN_1607995,False,False,False,False,False
TXN_1694461,False,False,False,False,False
TXN_4728272,False,False,False,False,False
TXN_1213835,False,False,False,False,False
TXN_7377480,False,False,False,False,False
TXN_3331644,False,False,False,False,False
TXN_2605227,False,False,False,False,False
TXN_5387201,False,False,False,False,False
TXN_2782829,False,False,False,False,False
TXN_3253186,False,False,False,False,False
TXN_5905211,False,False,False,False,False
TXN_2937307,False,False,False,False,False
TXN_7739969,False,False,False,False,False
TXN_2346263,False,True,True,True,True
TXN_2610751,False,False,False,False,False
TXN_2712285,False,False,False,False,False
TXN_5372618,False,False,False,False,False
TXN_9725690,False,False,False,False,False
TXN_1619388,False,False,False,False,False
TXN_8846502,False,False,False,False,False
TXN_2079721,False,False,False,False,False
TXN_5361643,True,False,False,False,False
TXN_5809744,False,False,False,False,False
TXN_6567750,False,False,False,False,False
TXN_6837444,False,False,False,False,False
TXN_9307798,False,False,False,False,False
TXN_3791514,False,False,False,False,False
TXN_8377166,False,False,False,False,False
TXN_9027643,False,False,False,False,False
TXN_3171192,False,True,True,True,True
TXN_5547887,False,False,False,False,False
TXN_2009395,False,False,False,False,False
TXN_1354667,False,False,False,False,False
TXN_1597974,False,False,False,False,False
TXN_3795673,False,False,False,False,False
TXN_7725571,False,False,False,False,False
TXN_5827116,False,False,False,False,False
TXN_5314835,False,False,False,False,False
TXN_4897743,True,False,False,False,False
TXN_1565398,True,False,False,False,False
TXN_5579136,False,False,False,False,False
TXN_9472812,False,True,True,True,True
TXN_9837294,False,False,False,False,False
TXN_8172094,False,False,False,False,False
TXN_4882798,False,False,False,False,False
TXN_4283900,False,False,False,False,False
TXN_1224321,False,False,False,False,False
TXN_5240854,False,False,False,False,False
TXN_4879732,False,False,False,False,False
TXN_1642953,False,False,False,False,False
TXN_9917843,True,False,False,False,False
TXN_4602333,False,False,False,False,False
TXN_8101203,False,False,False,False,False
TXN_4766175,False,False,False,False,False
TXN_2331955,False,False,False,False,False
TXN_1373649,False,False,False,False,False
TXN_8660082,False,False,False,False,False
TXN_4244094,False,False,False,False,False
TXN_3949704,False,False,False,False,False
TXN_1304201,False,False,False,False,False
TXN_1481263,False,False,False,False,False
TXN_1830813,False,False,False,False,False
TXN_3256316,False,False,False,False,False
TXN_4412300,False,False,False,False,False
TXN_8350639,False,False,False,False,False
TXN_6417585,False,False,False,False,False
TXN_8355393,False,False,False,False,False
TXN_5759876,False,False,False,False,False
TXN_5786761,False,False,False,False,False
TXN_4126221,False,False,False,False,False
TXN_3055303,False,False,False,False,False
TXN_3948610,False,True,True,True,True
TXN_3042204,False,False,False,False,False
TXN_7810642,False,False,False,False,False
TXN_1386229,False,False,False,False,False
TXN_5372777,False,False,False,False,False
TXN_2082706,False,False,False,False,False
TXN_1808071,False,False,False,False,False
TXN_2118429,False,False,False,False,False
TXN_4298975,True,False,False,False,False
TXN_4597218,False,False,False,False,False
TXN_4793201,False,False,False,False,False
TXN_1910565,False,False,False,False,False
TXN_5645530,False,False,False,False,False
TXN_7221565,False,False,False,False,False
TXN_2175503,False,False,False,False,False
TXN_3919101,False,False,False,False,False
TXN_7993933,False,False,False,False,False
TXN_1987133,False,False,False,False,False
TXN_9150129,False,False,False,False,False
TXN_1011892,False,False,False,False,False
TXN_5476321,False,False,False,False,False
TXN_3525189,False,False,False,False,False
TXN_5861199,False,False,False,False,False
TXN_6454565,False,False,False,False,False
TXN_4827758,False,False,False,False,False
TXN_6215665,False,False,False,False,False
TXN_7710775,False,False,False,False,False
TXN_4701071,False,False,False,False,False
TXN_1593038,False,False,False,False,False
TXN_7002371,False,False,False,False,False
TXN_5423342,False,False,False,False,False
TXN_2010040,False,False,False,False,False
TXN_3087080,False,False,False,False,False
TXN_1285469,True,False,False,False,False
TXN_2221021,False,False,False,False,False
TXN_7308742,False,False,False,False,False
TXN_4979615,False,False,False,False,False
TXN_2947270,False,False,False,False,False
TXN_5115102,False,False,False,False,False
TXN_7169040,False,False,False,False,False
TXN_4408493,False,False,False,False,False
TXN_9951872,False,False,False,False,False
TXN_2263002,False,False,False,False,False
TXN_5671217,False,False,False,False,False
TXN_6586324,True,False,False,False,False
TXN_9763067,False,False,False,False,False
TXN_3490623,False,False,False,False,False
TXN_6440999,False,False,False,False,False
TXN_4189415,False,False,False,False,False
TXN_8177929,True,False,False,False,False
TXN_8955882,False,False,False,False,False
TXN_1826446,False,False,False,False,False
TXN_5430099,False,False,False,False,False
TXN_6053212,False,False,False,False,False
TXN_2275327,False,False,False,False,False
TXN_3543865,False,False,False,False,False
TXN_3876653,False,False,False,False,False
TXN_8090678,False,False,False,False,False
TXN_1865764,False,False,False,False,False
TXN_7555309,True,False,False,False,False
TXN_7232230,False,False,False,False,False
TXN_4354993,False,False,False,False,False
TXN_1099045,False,False,False,False,False
TXN_4797019,False,False,False,False,False
TXN_6375385,False,False,False,False,False
TXN_1243810,False,False,False,False,False
TXN_9398224,False,False,False,False,False
TXN_9044784,False,False,False,False,False
TXN_5720404,False,False,False,False,False
TXN_2533200,False,False,False,False,False
TXN_4464985,False,False,False,False,False
TXN_6117973,False,False,False,False,False
TXN_9340286,False,False,False,False,False
TXN_3242349,False,False,False,False,False
TXN_9299802,False,False,False,False,False
TXN_5371741,False,False,False,False,False
TXN_7101302,True,False,False,False,False
TXN_7903686,False,False,False,False,False
TXN_3761426,False,False,False,False,False
TXN_5381188,False,False,False,False,False
TXN_9844205,False,False,False,False,False
TXN_9443022,False,False,False,False,False
TXN_2545845,False,False,False,False,False
TXN_9793935,False,False,False,False,False
TXN_1919020,False,False,False,False,False
TXN_9972181,False,False,False,False,False
TXN_4432365,False,False,False,False,False
TXN_7305258,False,False,False,False,False
TXN_8802743,False,False,False,False,False
TXN_5930319,False,False,False,False,False
TXN_3141947,False,False,False,False,False
TXN_6126899,False,False,False,False,False
TXN_4759687,False,False,False,False,False
TXN_7157580,False,False,False,False,False
TXN_4249343,False,False,False,False,False
TXN_6137503,False,False,False,False,False
TXN_5300736,False,False,False,False,False
TXN_1370562,False,False,False,False,False
TXN_7327686,False,False,False,False,False
TXN_6017693,False,False,False,False,False
TXN_7165120,False,False,False,False,False
TXN_5034035,False,True,True,True,True
TXN_9703848,False,False,False,False,False
TXN_2702011,False,False,False,False,False
TXN_6364377,False,False,False,False,False
TXN_8231762,False,False,False,False,False
TXN_7101979,False,False,False,False,False
TXN_8788021,False,False,False,False,False
TXN_6917255,False,False,False,False,False
TXN_3821185,False,False,False,False,False
TXN_5773991,False,False,False,False,False
TXN_8508384,False,False,False,False,False
TXN_5636224,False,False,False,False,False
TXN_9191575,False,False,False,False,False
TXN_8994966,False,False,False,False,False
TXN_6205992,False,False,False,False,False
TXN_4108548,False,False,False,False,False
TXN_8781758,False,False,False,False,False
TXN_5396051,False,False,False,False,False
TXN_4766907,False,False,False,False,False
TXN_4191425,False,False,False,False,False
TXN_1721597,False,False,False,False,False
TXN_8418594,False,False,False,False,False
TXN_9717999,False,False,False,False,False
TXN_5430495,False,False,False,False,False
TXN_8715323,False,False,False,False,False
TXN_9730853,False,False,False,False,False
TXN_4924226,False,False,False,False,False
TXN_2086962,False,False,False,False,False
TXN_7037115,False,False,False,False,False
TXN_1534987,False,False,False,False,False
TXN_3302248,False,False,False,False,False
TXN_7830284,False,False,False,False,False
TXN_8466219,False,False,False,False,False
TXN_9923470,False,True,True,True,True
TXN_6321123,False,False,False,False,False
TXN_4825724,False,False,False,False,False
TXN_9634891,False,False,False,False,False
TXN_8935391,True,False,False,False,False
TXN_5910508,False,False,False,False,False
TXN_6889696,False,False,False,False,False
TXN_7543333,False,False,False,False,False
TXN_4396240,False,False,False,False,False
TXN_3375368,False,False,False,False,False
TXN_8827064,False,False,False,False,False
TXN_2975097,False,False,False,False,False
TXN_9586952,False,False,False,False,False
TXN_3575121,False,False,False,False,False
TXN_3686072,False,False,False,False,False
TXN_1745446,False,False,False,False,False
TXN_1909877,False,False,False,False,False
TXN_9007323,False,False,False,False,False
TXN_8629942,False,False,False,False,False
TXN_6357302,False,False,False,False,False
TXN_8755760,False,False,False,False,False
TXN_5750056,False,False,False,False,False
TXN_7435444,False,False,False,False,False
TXN_3812949,False,False,False,False,False
TXN_3743264,False,False,False,False,False
TXN_5114872,False,False,False,False,False
TXN_2199268,False,False,False,False,False
TXN_7472110,False,False,False,False,False
TXN_8360887,False,False,False,False,False
TXN_5926927,False,False,False,False,False
TXN_1931979,False,False,False,False,False
TXN_2845414,False,False,False,False,False
TXN_2231888,False,False,False,False,False
TXN_3603496,False,False,False,False,False
TXN_7423131,False,False,False,False,False
TXN_1176248,False,False,False,False,False
TXN_6490027,False,False,False,False,False
TXN_6267373,False,False,False,False,False
TXN_2633712,False,False,False,False,False
TXN_2028333,True,False,False,False,False
TXN_4452566,False,False,False,False,False
TXN_5476798,True,False,False,False,False
TXN_5544428,False,False,False,False,False
TXN_3245999,False,False,False,False,False
TXN_7101386,False,False,False,False,False
TXN_9141699,False,False,False,False,False
TXN_1459286,False,False,False,False,False
TXN_1714958,False,False,False,False,False
TXN_4250184,False,False,False,False,False
TXN_5288250,False,False,False,False,False
TXN_8376834,False,False,False,False,False
TXN_9976272,False,False,False,False,False
TXN_2992398,False,False,False,False,False
TXN_8933445,False,False,False,False,False
TXN_2683845,False,False,False,False,False
TXN_4141037,False,False,False,False,False
TXN_4978776,False,False,False,False,False
TXN_2228646,False,False,False,False,False
TXN_1644496,False,False,False,False,False
TXN_1076536,False,False,False,False,False
TXN_6771103,False,False,False,False,False
TXN_2885265,False,False,False,False,False
TXN_1196570,False,False,False,False,False
TXN_9441688,False,False,False,False,False
TXN_1126177,False,False,False,False,False
TXN_1232531,False,False,False,False,False
TXN_8266591,False,False,False,False,False
TXN_8073779,False,False,False,False,False
TXN_8261937,False,False,False,False,False
TXN_3617161,False,False,False,False,False
TXN_3904812,False,False,False,False,False
TXN_6684210,False,False,False,False,False
TXN_5849098,True,False,False,False,False
TXN_3010762,True,False,False,False,False
TXN_2693158,False,False,False,False,False
TXN_9205349,False,False,False,False,False
TXN_5743023,False,False,False,False,False
TXN_7263862,False,False,False,False,False
TXN_9293724,False,False,False,False,False
TXN_8674901,False,False,False,False,False
TXN_1537702,False,False,False,False,False
TXN_3910370,False,False,False,False,False
TXN_5005963,False,False,False,False,False
TXN_3330819,False,False,False,False,False
TXN_3549273,False,False,False,False,False
TXN_9671023,False,True,True,True,True
TXN_6746331,False,False,False,False,False
TXN_5554744,False,False,False,False,False
TXN_3404023,False,False,False,False,False
TXN_5258958,False,False,False,False,False
TXN_7604627,False,False,False,False,False
TXN_5912161,False,False,False,False,False
TXN_8490314,False,False,False,False,False
TXN_1871813,False,False,False,False,False
TXN_2217907,False,False,False,False,False
TXN_5986313,False,False,False,False,False
TXN_4967670,False,False,False,False,False
TXN_6964259,False,False,False,False,False
TXN_2012246,False,False,False,False,False
TXN_5926696,False,False,False,False,False
TXN_1550220,False,False,False,False,False
TXN_7005877,False,False,False,False,False
TXN_4385983,False,False,False,False,False
TXN_8482271,False,True,True,True,True
TXN_5292453,False,False,False,False,False
TXN_3747046,False,False,False,False,False
TXN_5563947,False,False,False,False,False
TXN_8839706,False,False,False,False,False
TXN_1778326,False,False,False,False,False
TXN_2119388,False,False,False,False,False
TXN_8707599,False,False,False,False,False
TXN_5367164,False,False,False,False,False
TXN_9429754,False,False,False,False,False
TXN_1750091,False,False,False,False,False
TXN_1101287,False,False,False,False,False
TXN_8972051,False,False,False,False,False
TXN_9856909,False,False,False,False,False
TXN_9906990,False,False,False,False,False
TXN_3104119,False,False,False,False,False
TXN_6829985,False,False,False,False,False
TXN_6375821,False,False,False,False,False
TXN_7205141,False,False,False,False,False
TXN_9749789,False,False,False,False,False
TXN_7796666,False,False,False,False,False
TXN_4327459,False,False,False,False,False
TXN_8608354,False,False,False,False,False
TXN_1036311,False,False,False,False,False
TXN_8321866,False,False,False,False,False
TXN_5896151,False,False,False,False,False
TXN_1157052,False,False,False,False,False
TXN_5381793,False,False,False,False,False
TXN_3197907,False,False,False,False,False
TXN_9891054,False,False,False,False,False
TXN_7359436,False,False,False,False,False
TXN_6016690,False,False,False,False,False
TXN_3615491,False,False,False,False,False
TXN_5238211,False,False,False,False,False
TXN_2861834,False,False,False,False,False
TXN_5236248,False,False,False,False,False
TXN_2694098,False,False,False,False,False
TXN_3299143,False,False,False,False,False
TXN_6159011,False,False,False,False,False
TXN_1350410,False,False,False,False,False
TXN_7958601,False,False,False,False,False
TXN_9618417,False,False,False,False,False
TXN_1151406,False,False,False,False,False
TXN_1358761,False,False,False,False,False
TXN_1134117,False,False,False,False,False
TXN_5805061,False,False,False,False,False
TXN_6322703,False,False,False,False,False
TXN_3402387,False,False,False,False,False
TXN_3009822,False,False,False,False,False
TXN_4836949,False,False,False,False,False
TXN_7558362,False,False,False,False,False
TXN_2550629,False,False,False,False,False
TXN_1476715,False,False,False,False,False
TXN_5653387,False,False,False,False,False
TXN_7068372,False,True,True,True,True
TXN_8819433,False,False,False,False,False
TXN_3120139,False,False,False,False,False
TXN_9998575,False,False,False,False,False
TXN_8519777,False,False,False,False,False
TXN_7797790,False,False,False,False,False
TXN_3184832,False,False,False,False,False
TXN_7741209,False,False,False,False,False
TXN_4077794,False,False,False,False,False
TXN_3292575,False,False,False,False,False
TXN_6959357,False,False,False,False,False
TXN_5532386,False,False,False,False,False
TXN_4242577,False,False,False,False,False
TXN_2251911,False,False,False,False,False
TXN_4034256,False,False,False,False,False
TXN_8491772,False,False,False,False,False
TXN_3348274,False,False,False,False,False
TXN_3986908,False,False,False,False,False
TXN_6417831,False,True,True,True,True
TXN_4848504,False,False,False,False,False
TXN_3238663,False,False,False,False,False
TXN_7461424,False,True,True,True,True
TXN_7467332,False,False,False,False,False
TXN_4722486,False,False,False,False,False
TXN_7434102,False,False,False,False,False
TXN_2862297,False,False,False,False,False
TXN_5498786,False,False,False,False,False
TXN_2329223,False,False,False,False,False
TXN_7821157,False,False,False,False,False
TXN_1972761,True,False,False,False,False
TXN_5366697,False,False,False,False,False
TXN_5510641,False,False,False,False,False
TXN_1608137,False,False,False,False,False
TXN_1623314,False,False,False,False,False
TXN_9269245,False,False,False,False,False
TXN_8785418,False,False,False,False,False
TXN_8487838,True,False,False,False,False
TXN_8224848,False,False,False,False,False
TXN_6166688,False,False,False,False,False
TXN_9951016,False,False,False,False,False
TXN_4956767,False,False,False,False,False
TXN_4657003,False,False,False,False,False
TXN_1392217,False,False,False,False,False
TXN_8507665,False,False,False,False,False
TXN_3147709,False,False,False,False,False
TXN_4445756,True,False,False,False,False
TXN_7837225,False,False,False,False,False
TXN_6598320,False,False,False,False,False
TXN_9170556,False,False,False,False,False
TXN_8863568,False,False,False,False,False
TXN_9077506,False,False,False,False,False
TXN_8678885,False,False,False,False,False
TXN_1256115,False,False,False,False,False
TXN_6857566,True,False,False,False,False
TXN_7425088,False,False,False,False,False
TXN_3757243,False,False,False,False,False
TXN_7634598,False,False,False,False,False
TXN_8664749,False,False,False,False,False
TXN_1011915,False,False,False,False,False
TXN_4693988,False,False,False,False,False
TXN_5703677,False,False,False,False,False
TXN_7914914,False,False,False,False,False
TXN_5598006,False,False,False,False,False
TXN_4438498,False,False,False,False,False
TXN_9898312,False,False,False,False,False
TXN_9410325,False,False,False,False,False
TXN_7705441,False,True,True,True,True
TXN_2914395,False,False,False,False,False
TXN_8624505,True,False,False,False,False
TXN_4104691,False,False,False,False,False
TXN_7557655,False,False,False,False,False
TXN_9637396,False,True,True,True,True
TXN_2192964,False,False,False,False,False
TXN_5157703,False,False,False,False,False
TXN_9861104,False,False,False,False,False
TXN_5135315,False,False,False,False,False
TXN_2641403,False,False,False,False,False
TXN_8263646,False,False,False,False,False
TXN_3609446,False,False,False,False,False
TXN_1713611,False,False,False,False,False
TXN_2843259,True,False,False,False,False
TXN_6957171,False,False,False,False,False
TXN_2266101,False,False,False,False,False
TXN_5083807,False,False,False,False,False
TXN_8359203,False,False,False,False,False
TXN_1814138,False,False,False,False,False
TXN_3278532,True,False,False,False,False
TXN_5044125,False,False,False,False,False
TXN_2880856,False,False,False,False,False
TXN_6337676,False,False,False,False,False
TXN_1909279,False,True,True,True,True
TXN_8948224,False,False,False,False,False
TXN_8431366,False,False,False,False,False
TXN_6311622,False,False,False,False,False
TXN_4879594,False,False,False,False,False
TXN_4274209,False,False,False,False,False
TXN_6178045,False,False,False,False,False
TXN_7893748,False,False,False,False,False
TXN_1929919,False,False,False,False,False
TXN_4250712,False,False,False,False,False
TXN_8568584,False,False,False,False,False
TXN_3512388,True,False,False,False,False
TXN_5518578,False,False,False,False,False
TXN_3665861,False,False,False,False,False
TXN_6625191,False,False,False,False,False
TXN_2259360,False,False,False,False,False
TXN_4732308,False,False,False,False,False
TXN_5276201,False,False,False,False,False
TXN_8905154,True,False,False,False,False
TXN_4785966,False,False,False,False,False
TXN_8377286,False,False,False,False,False
TXN_2789621,False,False,False,False,False
TXN_5084402,False,False,False,False,False
TXN_8578826,False,False,False,False,False
TXN_9979595,False,False,False,False,False
TXN_4285730,False,False,False,False,False
TXN_9212341,False,False,False,False,False
TXN_1587097,False,False,False,False,False
TXN_3636688,False,False,False,False,False
TXN_1534681,False,True,True,True,True
TXN_8824415,False,False,False,False,False
TXN_8423309,False,False,False,False,False
TXN_5634366,False,False,False,False,False
TXN_1770062,False,False,False,False,False
TXN_4344002,False,False,False,False,False
TXN_4161318,False,False,False,False,False
TXN_2718523,False,False,False,False,False
TXN_8660754,False,False,False,False,False
TXN_5283643,False,False,False,False,False
TXN_5401680,False,False,False,False,False
TXN_6203639,False,False,False,False,False
TXN_6461094,False,False,False,False,False
TXN_8217860,False,False,False,False,False
TXN_2411071,False,False,False,False,False
TXN_1898388,False,False,False,False,False
TXN_1787892,False,False,False,False,False
TXN_2031813,True,False,False,False,False
TXN_1426923,False,False,False,False,False
TXN_7988578,False,False,False,False,False
TXN_7642752,False,False,False,False,False
TXN_5676229,False,False,False,False,False
TXN_2515470,False,True,True,True,True
TXN_4235666,False,False,False,False,False
TXN_6576597,False,False,False,False,False
TXN_2823534,False,False,False,False,False
TXN_7633119,False,False,False,False,False
TXN_8110567,False,True,True,True,True
TXN_3833413,False,False,False,False,False
TXN_7085000,False,False,False,False,False
TXN_9925623,False,False,False,False,False
TXN_6287957,False,False,False,False,False
TXN_9187149,False,False,False,False,False
TXN_7166849,False,False,False,False,False
TXN_7189749,False,False,False,False,False
TXN_3818660,False,False,False,False,False
TXN_3470552,False,False,False,False,False
TXN_2848606,False,False,False,False,False
TXN_8262433,False,False,False,False,False
TXN_5376341,False,False,False,False,False
TXN_7829206,False,False,False,False,False
TXN_4107798,False,False,False,False,False
TXN_9922518,False,False,False,False,False
TXN_9250241,False,False,False,False,False
TXN_3499525,False,True,True,True,True
TXN_9218611,False,False,False,False,False
TXN_2165118,False,False,False,False,False
TXN_1096977,True,False,False,False,False
TXN_1772882,False,False,False,False,False
TXN_8988049,False,True,True,True,True
TXN_7477131,False,False,False,False,False
TXN_9887959,False,True,True,True,True
TXN_3499898,False,False,False,False,False
TXN_9017628,True,False,False,False,False
TXN_3294951,False,False,False,False,False
TXN_9568940,False,False,False,False,False
TXN_2508784,False,False,False,False,False
TXN_9196494,False,False,False,False,False
TXN_5928440,False,False,False,False,False
TXN_3264150,False,False,False,False,False
TXN_5298533,False,False,False,False,False
TXN_4777165,False,False,False,False,False
TXN_7109246,True,False,False,False,False
TXN_5616762,True,False,False,False,False
TXN_1231953,False,False,False,False,False
TXN_7547051,False,False,False,False,False
TXN_4162114,False,False,False,False,False
TXN_1995311,False,True,True,True,True
TXN_4999688,False,False,False,False,False
TXN_4874732,False,False,False,False,False
TXN_9981851,False,False,False,False,False
TXN_5086683,False,False,False,False,False
TXN_7021336,False,False,False,False,False
TXN_2059563,False,False,False,False,False
TXN_1497345,False,False,False,False,False
TXN_2024330,False,False,False,False,False
TXN_1277309,False,False,False,False,False
TXN_6956313,False,False,False,False,False
TXN_2334740,False,False,False,False,False
TXN_3803930,False,False,False,False,False
TXN_3514548,False,False,False,False,False
TXN_8322817,True,False,False,False,False
TXN_2706063,False,False,False,False,False
TXN_8914114,True,False,False,False,False
TXN_3426280,False,False,False,False,False
TXN_1465531,False,False,False,False,False
TXN_2677539,False,True,True,True,True
TXN_8355918,False,False,False,False,False
TXN_6666458,False,False,False,False,False
TXN_9941031,False,False,False,False,False
TXN_8295482,False,False,False,False,False
TXN_5747894,False,False,False,False,False
TXN_8420316,False,False,False,False,False
TXN_8847569,False,False,False,False,False
TXN_1662766,False,False,False,False,False
TXN_6276011,False,False,False,False,False
TXN_9003488,False,False,False,False,False
TXN_2510850,False,False,False,False,False
TXN_5038261,False,False,False,False,False
TXN_4954934,False,False,False,False,False
TXN_3032195,False,False,False,False,False
TXN_4104623,False,False,False,False,False
TXN_9535889,False,False,False,False,False
TXN_6950644,False,False,False,False,False
TXN_7948898,False,False,False,False,False
TXN_6375978,False,False,False,False,False
TXN_2090456,True,False,False,False,False
TXN_3974668,False,False,False,False,False
TXN_5403498,False,False,False,False,False
TXN_6255024,False,False,False,False,False
TXN_5980975,False,True,True,True,True
TXN_9094922,False,False,False,False,False
TXN_3928788,False,False,False,False,False
TXN_2306841,False,False,False,False,False
TXN_4176444,False,False,False,False,False
TXN_6651280,False,False,False,False,False
TXN_5085529,False,False,False,False,False
TXN_9454633,False,False,False,False,False
TXN_4298148,False,False,False,False,False
TXN_7459810,False,False,False,False,False
TXN_9834766,False,False,False,False,False
TXN_3051299,False,False,False,False,False
TXN_5276329,False,False,False,False,False
TXN_9472056,False,False,False,False,False
TXN_9328530,False,False,False,False,False
TXN_9442074,False,False,False,False,False
TXN_1860632,False,False,False,False,False
TXN_8655596,False,False,False,False,False
TXN_7516693,False,False,False,False,False
TXN_9501990,False,False,False,False,False
TXN_3368345,False,True,True,True,True
TXN_6616600,False,False,False,False,False
TXN_4494866,False,False,False,False,False
TXN_7145436,False,False,False,False,False
TXN_1530750,False,False,False,False,False
TXN_9066396,False,False,False,False,False
TXN_8866685,False,False,False,False,False
TXN_2985819,False,False,False,False,False
TXN_9803487,False,False,False,False,False
TXN_5726935,False,False,False,False,False
TXN_1638586,False,False,False,False,False
TXN_9012270,False,False,False,False,False
TXN_8454077,True,False,False,False,False
TXN_5684370,False,False,False,False,False
TXN_8625922,False,False,False,False,False
TXN_9193765,False,False,False,False,False
TXN_8466158,False,False,False,False,False
TXN_6490751,False,False,False,False,False
TXN_4421171,False,False,False,False,False
TXN_9573978,False,False,False,False,False
TXN_5094937,False,False,False,False,False
TXN_7481579,False,False,False,False,False
TXN_2035631,False,False,False,False,False
TXN_3088090,False,False,False,False,False
TXN_7727282,False,False,False,False,False
TXN_3958182,False,False,False,False,False
TXN_9855768,False,False,False,False,False
TXN_3710081,False,False,False,False,False
TXN_1118935,False,False,False,False,False
TXN_9442836,False,False,False,False,False
TXN_7113206,False,True,True,True,True
TXN_1846815,False,False,False,False,False
TXN_1909410,False,False,False,False,False
TXN_9619819,False,False,False,False,False
TXN_2081389,False,False,False,False,False
TXN_1668933,False,False,False,False,False
TXN_7417646,False,False,False,False,False
TXN_5674806,False,False,False,False,False
TXN_3704834,False,True,True,True,True
TXN_4123250,False,False,False,False,False
TXN_4524072,False,False,False,False,False
TXN_4196751,False,False,False,False,False
TXN_8789507,False,False,False,False,False
TXN_7757078,False,False,False,False,False
TXN_4635088,False,False,False,False,False
TXN_5398868,False,False,False,False,False
TXN_8378613,False,False,False,False,False
TXN_2571677,False,False,False,False,False
TXN_6202481,False,False,False,False,False
TXN_8796421,False,False,False,False,False
TXN_2100964,False,False,False,False,False
TXN_4614873,True,False,False,False,False
TXN_5006011,True,False,False,False,False
TXN_4358862,False,False,False,False,False
TXN_2539807,False,False,False,False,False
TXN_1273334,False,False,False,False,False
TXN_3076324,False,False,False,False,False
TXN_6185567,False,False,False,False,False
TXN_8267845,False,False,False,False,False
TXN_6619000,False,False,False,False,False
TXN_3042689,False,False,False,False,False
TXN_4764571,False,False,False,False,False
TXN_5028536,False,False,False,False,False
TXN_3776622,False,False,False,False,False
TXN_7969813,False,False,False,False,False
TXN_1202644,False,False,False,False,False
TXN_2246737,False,False,False,False,False
TXN_4222025,False,False,False,False,False
TXN_4050560,False,False,False,False,False
TXN_6606292,False,False,False,False,False
TXN_8048817,False,False,False,False,False
TXN_8735696,False,False,False,False,False
TXN_7978024,False,False,False,False,False
TXN_4351976,False,False,False,False,False
TXN_9212134,False,False,False,False,False
TXN_6309225,False,False,False,False,False
TXN_2844489,False,False,False,False,False
TXN_9620768,False,True,True,True,True
TXN_9555119,False,False,False,False,False
TXN_6589273,False,False,False,False,False
TXN_4109801,False,False,False,False,False
TXN_2453867,False,False,False,False,False
TXN_9648937,False,False,False,False,False
TXN_1896794,False,False,False,False,False
TXN_9025948,False,True,True,True,True
TXN_2208386,False,False,False,False,False
TXN_3778032,False,False,False,False,False
TXN_8514175,False,False,False,False,False
TXN_7709385,False,False,False,False,False
TXN_2764427,False,False,False,False,False
TXN_6731052,False,False,False,False,False
TXN_8892083,False,False,False,False,False
TXN_5898104,False,False,False,False,False
TXN_4237576,False,False,False,False,False
TXN_2111400,False,False,False,False,False
TXN_7165462,False,False,False,False,False
TXN_1828172,False,False,False,False,False
TXN_5431616,True,False,False,False,False
TXN_7032586,False,False,False,False,False
TXN_8377623,False,False,False,False,False
TXN_5374169,False,False,False,False,False
TXN_6471352,True,False,False,False,False
TXN_4610549,False,False,False,False,False
TXN_8962804,False,False,False,False,False
TXN_9057009,False,False,False,False,False
TXN_4697638,False,False,False,False,False
TXN_3301574,False,False,False,False,False
TXN_4255098,False,False,False,False,False
TXN_3391475,False,False,False,False,False
TXN_2126674,False,True,True,True,True
TXN_3259197,False,False,False,False,False
TXN_3372645,False,False,False,False,False
TXN_5259345,False,False,False,False,False
TXN_6308565,True,False,False,False,False
TXN_9181921,False,False,False,False,False
TXN_8954821,True,False,False,False,False
TXN_2157777,False,False,False,False,False
TXN_7243028,False,False,False,False,False
TXN_3779677,False,False,False,False,False
TXN_5838065,False,False,False,False,False
TXN_7976109,False,False,False,False,False
TXN_3308490,False,False,False,False,False
TXN_2107995,False,False,False,False,False
TXN_4963384,False,False,False,False,False
TXN_8308325,False,False,False,False,False
TXN_8025714,False,False,False,False,False
TXN_9315060,False,False,False,False,False
TXN_6414336,False,False,False,False,False
TXN_6981363,False,False,False,False,False
TXN_2694632,False,False,False,False,False
TXN_3056691,False,False,False,False,False
TXN_9835267,False,False,False,False,False
TXN_1634027,False,False,False,False,False
TXN_6095170,False,False,False,False,False
TXN_9637464,False,False,False,False,False
TXN_7551798,False,False,False,False,False
TXN_2558370,False,False,False,False,False
TXN_4501715,False,False,False,False,False
TXN_6431534,False,False,False,False,False
TXN_6618865,False,False,False,False,False
TXN_4864960,False,False,False,False,False
TXN_9471304,False,False,False,False,False
TXN_5615246,False,False,False,False,False
TXN_6587636,False,False,False,False,False
TXN_3951114,False,False,False,False,False
TXN_5540233,False,False,False,False,False
TXN_2897310,True,False,False,False,False
TXN_3832393,False,False,False,False,False
TXN_4751128,False,False,False,False,False
TXN_2085114,False,False,False,False,False
TXN_6265170,False,False,False,False,False
TXN_1690344,False,False,False,False,False
TXN_6781800,False,False,False,False,False
TXN_2949356,True,False,False,False,False
TXN_2145753,False,False,False,False,False
TXN_2867343,False,False,False,False,False
TXN_5660916,False,False,False,False,False
TXN_9418798,False,False,False,False,False
TXN_1871707,True,False,False,False,False
TXN_1414376,False,False,False,False,False
TXN_9015176,False,False,False,False,False
TXN_1512582,False,False,False,False,False
TXN_6699706,False,False,False,False,False
TXN_5893458,False,False,False,False,False
TXN_3564962,False,False,False,False,False
TXN_9824009,False,False,False,False,False
TXN_2399606,False,False,False,False,False
TXN_2294670,False,False,False,False,False
TXN_1695036,False,False,False,False,False
TXN_7414120,False,False,False,False,False
TXN_5299299,False,False,False,False,False
TXN_6489506,False,False,False,False,False
TXN_9229474,False,False,False,False,False
TXN_6445701,False,False,False,False,False
TXN_4375152,False,False,False,False,False
TXN_8936010,False,False,False,False,False
TXN_4947241,False,False,False,False,False
TXN_5912098,False,False,False,False,False
TXN_7411959,False,False,False,False,False
TXN_7793637,False,False,False,False,False
TXN_5338975,False,False,False,False,False
TXN_6039588,False,False,False,False,False
TXN_1490410,False,False,False,False,False
TXN_3879677,False,False,False,False,False
TXN_3053471,False,True,True,True,True
TXN_4740089,False,False,False,False,False
TXN_7268120,False,False,False,False,False
TXN_5078259,False,False,False,False,False
TXN_9601122,False,False,False,False,False
TXN_1793827,False,False,False,False,False
TXN_4715095,False,False,False,False,False
TXN_7094868,False,False,False,False,False
TXN_5937987,False,False,False,False,False
TXN_5012256,False,False,False,False,False
TXN_5848699,False,False,False,False,False
TXN_8447557,False,False,False,False,False
TXN_5485024,False,False,False,False,False
TXN_5703980,False,False,False,False,False
TXN_5777361,False,False,False,False,False
TXN_4737365,False,True,True,True,True
TXN_3736146,False,False,False,False,False
TXN_3259882,False,False,False,False,False
TXN_8221101,True,False,False,False,False
TXN_8508332,True,False,False,False,False
TXN_9284796,False,False,False,False,False
TXN_6599014,False,False,False,False,False
TXN_4830417,False,False,False,False,False
TXN_6474038,False,False,False,False,False
TXN_9090610,False,False,False,False,False
TXN_5649317,False,False,False,False,False
TXN_6485374,False,False,False,False,False
TXN_1395136,False,False,False,False,False
TXN_5119926,False,False,False,False,False
TXN_1269546,False,False,False,False,False
TXN_7221106,False,False,False,False,False
TXN_4417465,False,False,False,False,False
TXN_1446103,False,True,True,True,True
TXN_6063632,False,False,False,False,False
TXN_9362588,False,False,False,False,False
TXN_4903332,False,False,False,False,False
TXN_6555691,False,False,False,False,False
TXN_7410836,False,False,False,False,False
TXN_2075749,False,False,False,False,False
TXN_9183760,False,False,False,False,False
TXN_2139981,False,False,False,False,False
TXN_6339700,False,False,False,False,False
TXN_3784837,True,False,False,False,False
TXN_5286530,False,False,False,False,False
TXN_6086093,False,False,False,False,False
TXN_5565868,False,False,False,False,False
TXN_8615445,False,True,True,True,True
TXN_1921846,False,False,False,False,False
TXN_4662950,False,False,False,False,False
TXN_1174715,False,False,False,False,False
TXN_6152928,False,False,False,False,False
TXN_3577635,False,False,False,False,False
TXN_5053624,False,False,False,False,False
TXN_4293234,False,False,False,False,False
TXN_1479772,False,False,False,False,False
TXN_3024691,False,False,False,False,False
TXN_7297595,False,True,True,True,True
TXN_1611768,False,False,False,False,False
TXN_1992937,False,False,False,False,False
TXN_2734006,False,False,False,False,False
TXN_5656754,False,False,False,False,False
TXN_6085136,False,False,False,False,False
TXN_8895462,False,False,False,False,False
TXN_6208291,False,False,False,False,False
TXN_9397356,False,False,False,False,False
TXN_3228853,False,False,False,False,False
TXN_8470761,False,False,False,False,False
TXN_9904612,False,False,False,False,False
TXN_8552732,False,False,False,False,False
TXN_7202102,False,False,False,False,False
TXN_3692324,False,False,False,False,False
TXN_8170651,False,False,False,False,False
TXN_2155063,False,False,False,False,False
TXN_6159552,False,False,False,False,False
TXN_4498044,False,False,False,False,False
TXN_9297266,False,False,False,False,False
TXN_6749563,False,False,False,False,False
TXN_5426061,False,False,False,False,False
TXN_4742105,False,False,False,False,False
TXN_9188702,False,False,False,False,False
TXN_2996741,False,False,False,False,False
TXN_6195176,False,False,False,False,False
TXN_4813752,False,False,False,False,False
TXN_3032775,False,False,False,False,False
TXN_6281747,False,False,False,False,False
TXN_7819515,False,True,True,True,True
TXN_3624582,False,False,False,False,False
TXN_8534609,False,False,False,False,False
TXN_7393477,False,False,False,False,False
TXN_5507888,False,False,False,False,False
TXN_6497599,False,False,False,False,False
TXN_7120961,False,False,False,False,False
TXN_5733731,False,False,False,False,False
TXN_1374421,False,False,False,False,False
TXN_8958850,False,False,False,False,False
TXN_9179801,False,False,False,False,False
TXN_7133375,False,False,False,False,False
TXN_9534913,False,False,False,False,False
TXN_1792761,True,False,False,False,False
TXN_4782357,False,False,False,False,False
TXN_6103372,True,False,False,False,False
TXN_3867637,False,False,False,False,False
TXN_4417302,True,False,False,False,False
TXN_5504057,False,False,False,False,False
TXN_5286184,False,False,False,False,False
TXN_3394201,True,False,False,False,False
TXN_3821059,False,False,False,False,False
TXN_8655955,False,False,False,False,False
TXN_6136490,False,False,False,False,False
TXN_2592687,False,False,False,False,False
TXN_7729747,False,False,False,False,False
TXN_6562987,False,False,False,False,False
TXN_2283214,False,False,False,False,False
TXN_9262032,False,False,False,False,False
TXN_2227872,True,False,False,False,False
TXN_2396304,False,False,False,False,False
TXN_7728635,False,False,False,False,False
TXN_7239144,False,False,False,False,False
TXN_6191176,False,False,False,False,False
TXN_9454592,False,False,False,False,False
TXN_5268893,False,False,False,False,False
TXN_1966346,False,False,False,False,False
TXN_9147712,False,False,False,False,False
TXN_5014165,False,False,False,False,False
TXN_9285106,True,False,False,False,False
TXN_2010518,False,False,False,False,False
TXN_9435490,False,False,False,False,False
TXN_1467177,False,False,False,False,False
TXN_9718881,False,False,False,False,False
TXN_1498944,False,False,False,False,False
TXN_4323023,False,False,False,False,False
TXN_4620886,False,False,False,False,False
TXN_5119763,False,False,False,False,False
TXN_5624506,False,False,False,False,False
TXN_1007406,False,False,False,False,False
TXN_6881262,False,False,False,False,False
TXN_1521020,False,False,False,False,False
TXN_9078821,False,False,False,False,False
TXN_4219882,False,False,False,False,False
TXN_6249236,False,False,False,False,False
TXN_5847493,False,False,False,False,False
TXN_9185169,False,False,False,False,False
TXN_2984585,False,False,False,False,False
TXN_9999124,False,True,True,True,True
TXN_3218155,False,False,False,False,False
TXN_7855916,False,False,False,False,False
TXN_6593940,False,False,False,False,False
TXN_7086158,False,False,False,False,False
TXN_5543359,False,False,False,False,False
TXN_2883529,False,False,False,False,False
TXN_1320747,False,False,False,False,False
TXN_1543544,False,False,False,False,False
TXN_7075100,False,True,True,True,True
TXN_7689814,False,False,False,False,False
TXN_9759054,False,False,False,False,False
TXN_8245994,False,False,False,False,False
TXN_2720890,False,False,False,False,False
TXN_7683878,False,False,False,False,False
TXN_7989495,False,False,False,False,False
TXN_1930560,False,False,False,False,False
TXN_2521668,False,False,False,False,False
TXN_1276885,False,True,True,True,True
TXN_5859843,False,False,False,False,False
TXN_4298643,False,False,False,False,False
TXN_7729357,False,True,True,True,True
TXN_7926454,False,False,False,False,False
TXN_1624367,False,False,False,False,False
TXN_2262639,False,False,False,False,False
TXN_5034932,False,False,False,False,False
TXN_4825647,False,False,False,False,False
TXN_5399331,False,False,False,False,False
TXN_5473549,False,False,False,False,False
TXN_2687302,False,False,False,False,False
TXN_1124993,False,False,False,False,False
TXN_8022355,False,False,False,False,False
TXN_9773979,False,True,True,True,True
TXN_8898496,False,False,False,False,False
TXN_3019913,True,False,False,False,False
TXN_2374475,False,False,False,False,False
TXN_5136594,True,False,False,False,False
TXN_5877044,False,False,False,False,False
TXN_4799944,False,False,False,False,False
TXN_2177659,False,False,False,False,False
TXN_4146011,False,False,False,False,False
TXN_1930172,False,False,False,False,False
TXN_4348674,False,False,False,False,False
TXN_8831517,True,False,False,False,False
TXN_7547448,False,False,False,False,False
TXN_9358684,False,False,False,False,False
TXN_5315119,True,False,False,False,False
TXN_2164614,False,True,True,True,True
TXN_7470621,True,False,False,False,False
TXN_6289960,False,False,False,False,False
TXN_4376968,False,False,False,False,False
TXN_2943718,False,False,False,False,False
TXN_3651432,False,False,False,False,False
TXN_1247741,False,False,False,False,False
TXN_4271465,False,False,False,False,False
TXN_2159908,False,False,False,False,False
TXN_3985056,False,False,False,False,False
TXN_2889258,False,False,False,False,False
TXN_4909298,False,False,False,False,False
TXN_4642106,False,False,False,False,False
TXN_4036118,True,False,False,False,False
TXN_3979567,False,False,False,False,False
TXN_8071580,False,False,False,False,False
TXN_1726200,False,False,False,False,False
TXN_9589484,False,False,False,False,False
TXN_6462908,False,False,False,False,False
TXN_9922695,False,False,False,False,False
TXN_3133019,True,False,False,False,False
TXN_3333623,False,False,False,False,False
TXN_2242368,False,False,False,False,False
TXN_5530545,False,False,False,False,False
TXN_8427033,False,False,False,False,False
TXN_8962338,False,False,False,False,False
TXN_2098200,False,False,False,False,False
TXN_1031335,False,False,False,False,False
TXN_1375951,False,False,False,False,False
TXN_5011391,False,False,False,False,False
TXN_9229067,False,False,False,False,False
TXN_1271965,False,False,False,False,False
TXN_1575979,False,False,False,False,False
TXN_8334423,False,False,False,False,False
TXN_5219093,False,False,False,False,False
TXN_6528218,False,False,False,False,False
TXN_6281250,False,False,False,False,False
TXN_5636940,False,False,False,False,False
TXN_2472483,False,False,False,False,False
TXN_7633588,False,False,False,False,False
TXN_6687809,False,False,False,False,False
TXN_7686075,False,False,False,False,False
TXN_6621370,False,False,False,False,False
TXN_1135450,False,False,False,False,False
TXN_2916979,False,False,False,False,False
TXN_2275670,False,False,False,False,False
TXN_7349203,True,False,False,False,False
TXN_3500430,False,False,False,False,False
TXN_7707333,False,False,False,False,False
TXN_7512121,False,False,False,False,False
TXN_5856842,False,False,False,False,False
TXN_8169977,False,False,False,False,False
TXN_4990516,False,False,False,False,False
TXN_2269494,False,False,False,False,False
TXN_7473324,False,False,False,False,False
TXN_2226741,False,False,False,False,False
TXN_2911719,True,False,False,False,False
TXN_2601626,False,False,False,False,False
TXN_7995037,False,False,False,False,False
TXN_4251424,False,False,False,False,False
TXN_2328957,False,False,False,False,False
TXN_1938135,False,False,False,False,False
TXN_8086025,False,False,False,False,False
TXN_5983420,False,False,False,False,False
TXN_7196109,False,False,False,False,False
TXN_8097558,False,False,False,False,False
TXN_1173263,False,False,False,False,False
TXN_2424303,False,False,False,False,False
TXN_3073415,False,False,False,False,False
TXN_8304885,False,False,False,False,False
TXN_2500042,False,True,True,True,True
TXN_2688839,False,False,False,False,False
TXN_3578887,False,False,False,False,False
TXN_8033989,False,False,False,False,False
TXN_2629807,False,False,False,False,False
TXN_4499063,False,False,False,False,False
TXN_6084238,False,False,False,False,False
TXN_9717005,False,False,False,False,False
TXN_2082664,False,True,True,True,True
TXN_6325008,False,False,False,False,False
TXN_5140179,False,False,False,False,False
TXN_1086487,False,False,False,False,False
TXN_4091555,False,False,False,False,False
TXN_1618504,False,False,False,False,False
TXN_5472933,False,False,False,False,False
TXN_5737875,False,False,False,False,False
TXN_8756781,False,False,False,False,False
TXN_4942365,False,False,False,False,False
TXN_3571860,False,False,False,False,False
TXN_1021886,False,False,False,False,False
TXN_4349417,False,False,False,False,False
TXN_2734987,False,False,False,False,False
TXN_2992467,False,False,False,False,False
TXN_4205123,False,False,False,False,False
TXN_3988616,False,True,True,True,True
TXN_7349078,False,False,False,False,False
TXN_9972948,False,False,False,False,False
TXN_7920383,True,False,False,False,False
TXN_8520397,False,False,False,False,False
TXN_1324362,False,False,False,False,False
TXN_2025713,False,False,False,False,False
TXN_5040560,False,False,False,False,False
TXN_3748778,False,False,False,False,False
TXN_7446233,False,False,False,False,False
TXN_7288819,False,False,False,False,False
TXN_6457805,False,False,False,False,False
TXN_4210328,False,False,False,False,False
TXN_5069186,False,True,True,True,True
TXN_3219067,False,False,False,False,False
TXN_4639732,False,False,False,False,False
TXN_9238807,False,False,False,False,False
TXN_9305851,False,False,False,False,False
TXN_2433285,False,False,False,False,False
TXN_9995284,False,False,False,False,False
TXN_6111288,False,False,False,False,False
TXN_6028561,False,False,False,False,False
TXN_8246090,False,False,False,False,False
TXN_7602284,False,False,False,False,False
TXN_8218353,False,False,False,False,False
TXN_5711730,False,False,False,False,False
TXN_9622632,False,False,False,False,False
TXN_9202193,False,False,False,False,False
TXN_7567638,False,False,False,False,False
TXN_9780001,False,False,False,False,False
TXN_7466675,False,False,False,False,False
TXN_6110225,False,False,False,False,False
TXN_6188727,False,False,False,False,False
TXN_4994381,False,False,False,False,False
TXN_7669237,False,False,False,False,False
TXN_1661404,False,False,False,False,False
TXN_1716471,False,False,False,False,False
TXN_2621567,False,False,False,False,False
TXN_3737148,False,False,False,False,False
TXN_4802346,False,False,False,False,False
TXN_9385378,False,False,False,False,False
TXN_3822308,False,False,False,False,False
TXN_4113425,False,False,False,False,False
TXN_5394514,False,False,False,False,False
TXN_9847074,False,False,False,False,False
TXN_2554615,False,False,False,False,False
TXN_6683839,False,False,False,False,False
TXN_2596812,False,False,False,False,False
TXN_7504022,False,False,False,False,False
TXN_6632861,False,False,False,False,False
TXN_6856774,False,False,False,False,False
TXN_7584688,False,False,False,False,False
TXN_3357305,False,False,False,False,False
TXN_6402496,False,False,False,False,False
TXN_1396754,True,False,False,False,False
TXN_9654199,False,False,False,False,False
TXN_7978593,False,False,False,False,False
TXN_9948170,False,False,False,False,False
TXN_1110932,False,False,False,False,False
TXN_2804850,False,False,False,False,False
TXN_4338722,False,False,False,False,False
TXN_9510703,False,False,False,False,False
TXN_2049510,True,False,False,False,False
TXN_1375185,False,False,False,False,False
TXN_3559457,False,False,False,False,False
TXN_2831531,False,False,False,False,False
TXN_6882208,False,False,False,False,False
TXN_8048041,False,False,False,False,False
TXN_8588818,False,False,False,False,False
TXN_3530165,False,False,False,False,False
TXN_1781066,False,False,False,False,False
TXN_8152154,False,False,False,False,False
TXN_4206956,False,False,False,False,False
TXN_1179280,False,False,False,False,False
TXN_1886375,False,False,False,False,False
TXN_9371539,False,False,False,False,False
TXN_6012730,False,False,False,False,False
TXN_2279824,False,False,False,False,False
TXN_7324451,False,False,False,False,False
TXN_1624195,False,False,False,False,False
TXN_4665128,False,False,False,False,False
TXN_3841708,False,False,False,False,False
TXN_8183110,False,False,False,False,False
TXN_2733243,False,False,False,False,False
TXN_1441889,False,False,False,False,False
TXN_4850024,True,False,False,False,False
TXN_4005322,False,False,False,False,False
TXN_2206834,False,False,False,False,False
TXN_2839564,False,False,False,False,False
TXN_8642140,False,False,False,False,False
TXN_6991509,False,False,False,False,False
TXN_9837356,False,False,False,False,False
TXN_5178719,False,False,False,False,False
TXN_5813861,False,False,False,False,False
TXN_1358739,False,False,False,False,False
TXN_8522671,False,False,False,False,False
TXN_3101287,False,False,False,False,False
TXN_9495725,False,False,False,False,False
TXN_4822783,False,False,False,False,False
TXN_1054983,False,False,False,False,False
TXN_9145017,False,False,False,False,False
TXN_1632041,False,False,False,False,False
TXN_8190786,False,False,False,False,False
TXN_6234785,False,False,False,False,False
TXN_1598304,False,False,False,False,False
TXN_7203061,False,False,False,False,False
TXN_3687330,False,False,False,False,False
TXN_4799937,False,False,False,False,False
TXN_9419671,False,False,False,False,False
TXN_8389178,False,False,False,False,False
TXN_3626927,False,False,False,False,False
TXN_7978551,True,False,False,False,False
TXN_7610031,False,False,False,False,False
TXN_6126106,False,True,True,True,True
TXN_9316310,False,False,False,False,False
TXN_8736526,False,False,False,False,False
TXN_4118770,False,False,False,False,False
TXN_8048422,False,False,False,False,False
TXN_5386745,True,False,False,False,False
TXN_7670389,False,False,False,False,False
TXN_7512354,False,False,False,False,False
TXN_8961010,False,False,False,False,False
TXN_7419638,False,False,False,False,False
TXN_5914951,False,False,False,False,False
TXN_3650970,False,False,False,False,False
TXN_7908251,False,False,False,False,False
TXN_6662670,False,False,False,False,False
TXN_4298899,False,False,False,False,False
TXN_4956684,False,False,False,False,False
TXN_4880929,False,True,True,True,True
TXN_5974928,False,False,False,False,False
TXN_5978654,False,False,False,False,False
TXN_7691551,False,False,False,False,False
TXN_2472234,False,False,False,False,False
TXN_9469569,False,True,True,True,True
TXN_1951562,False,False,False,False,False
TXN_6374273,False,False,False,False,False
TXN_4407240,False,False,False,False,False
TXN_4195517,False,False,False,False,False
TXN_3592034,False,False,False,False,False
TXN_2833523,False,False,False,False,False
TXN_3745950,True,False,False,False,False
TXN_8351890,False,False,False,False,False
TXN_4485519,False,False,False,False,False
TXN_3904911,False,False,False,False,False
TXN_9600643,False,False,False,False,False
TXN_3615748,False,False,False,False,False
TXN_4180652,False,False,False,False,False
TXN_3314650,False,False,False,False,False
TXN_4276598,False,False,False,False,False
TXN_4046056,True,False,False,False,False
TXN_9049794,False,False,False,False,False
TXN_8469057,False,False,False,False,False
TXN_1487869,False,False,False,False,False
TXN_7136040,False,False,False,False,False
TXN_5479660,False,False,False,False,False
TXN_9036403,False,False,False,False,False
TXN_9364997,False,False,False,False,False
TXN_2228445,False,False,False,False,False
TXN_5984056,False,False,False,False,False
TXN_4893054,False,False,False,False,False
TXN_4824314,False,False,False,False,False
TXN_4369363,False,False,False,False,False
TXN_2823976,False,False,False,False,False
TXN_4623433,False,False,False,False,False
TXN_8536076,False,False,False,False,False
TXN_1691436,False,False,False,False,False
TXN_3201646,False,False,False,False,False
TXN_6621029,False,False,False,False,False
TXN_9159149,False,False,False,False,False
TXN_7900945,False,False,False,False,False
TXN_8957827,False,False,False,False,False
TXN_5665870,False,False,False,False,False
TXN_4197095,False,False,False,False,False
TXN_8713672,False,False,False,False,False
TXN_8950168,False,False,False,False,False
TXN_6217772,False,False,False,False,False
TXN_4292272,False,False,False,False,False
TXN_3750711,False,False,False,False,False
TXN_9315594,True,False,False,False,False
TXN_6122892,False,False,False,False,False
TXN_7660150,False,False,False,False,False
TXN_8093982,False,True,True,True,True
TXN_1633301,False,False,False,False,False
TXN_5986903,False,False,False,False,False
TXN_7858668,False,False,False,False,False
TXN_1484633,False,False,False,False,False
TXN_7780286,False,False,False,False,False
TXN_4748839,False,False,False,False,False
TXN_7864253,False,False,False,False,False
TXN_9864806,False,False,False,False,False
TXN_9014477,False,False,False,False,False
TXN_6900244,False,False,False,False,False
TXN_8557302,False,False,False,False,False
TXN_4070908,False,False,False,False,False
TXN_3226549,False,False,False,False,False
TXN_3954012,False,True,True,True,True
TXN_4176280,False,False,False,False,False
TXN_3604276,False,False,False,False,False
TXN_9231727,False,False,False,False,False
TXN_8324311,False,False,False,False,False
TXN_3031477,False,False,False,False,False
TXN_9569469,True,False,False,False,False
TXN_2615090,False,False,False,False,False
TXN_7406153,False,False,False,False,False
TXN_5710740,False,False,False,False,False
TXN_7013242,False,False,False,False,False
TXN_5984900,False,False,False,False,False
TXN_5116993,False,False,False,False,False
TXN_9501320,False,False,False,False,False
TXN_3701082,False,False,False,False,False
TXN_8747801,False,False,False,False,False
TXN_3734067,False,False,False,False,False
TXN_4583596,False,False,False,False,False
TXN_4114856,False,False,False,False,False
TXN_8181223,False,False,False,False,False
TXN_8493109,False,False,False,False,False
TXN_8927647,False,False,False,False,False
TXN_7049983,False,False,False,False,False
TXN_3632878,False,False,False,False,False
TXN_7515524,False,False,False,False,False
TXN_9090630,False,False,False,False,False
TXN_2486150,False,False,False,False,False
TXN_9872413,False,False,False,False,False
TXN_1978695,False,False,False,False,False
TXN_2987168,False,False,False,False,False
TXN_9845980,False,False,False,False,False
TXN_6415917,False,False,False,False,False
TXN_3659154,False,False,False,False,False
TXN_1189082,False,False,False,False,False
TXN_8023340,True,False,False,False,False
TXN_7809540,False,False,False,False,False
TXN_2686535,False,False,False,False,False
TXN_2494013,False,False,False,False,False
TXN_9331528,False,False,False,False,False
TXN_1619861,False,False,False,False,False
TXN_9261258,False,False,False,False,False
TXN_3537865,False,True,True,True,True
TXN_9045446,False,False,False,False,False
TXN_7310262,False,False,False,False,False
TXN_2985156,False,False,False,False,False
TXN_5652811,False,False,False,False,False
TXN_9429383,False,False,False,False,False
TXN_7187427,False,False,False,False,False
TXN_5690221,True,False,False,False,False
TXN_5428176,False,False,False,False,False
TXN_7955724,False,False,False,False,False
TXN_3119039,False,False,False,False,False
TXN_9235569,False,False,False,False,False
TXN_7030551,False,False,False,False,False
TXN_9036387,False,False,False,False,False
TXN_7366633,False,False,False,False,False
TXN_9324731,False,False,False,False,False
TXN_2165107,False,False,False,False,False
TXN_4804748,False,False,False,False,False
TXN_6039236,False,False,False,False,False
TXN_7755532,False,False,False,False,False
TXN_4955324,False,False,False,False,False
TXN_9610207,False,False,False,False,False
TXN_3745490,False,True,True,True,True
TXN_6216918,False,False,False,False,False
TXN_7565200,False,False,False,False,False
TXN_4497756,False,False,False,False,False
TXN_9074150,False,False,False,False,False
TXN_3839456,False,False,False,False,False
TXN_3561701,False,False,False,False,False
TXN_8433240,False,True,True,True,True
TXN_3330864,False,False,False,False,False
TXN_2698076,False,False,False,False,False
TXN_8463034,False,False,False,False,False
TXN_9292794,False,False,False,False,False
TXN_7065551,False,False,False,False,False
TXN_6139701,False,False,False,False,False
TXN_7959866,False,False,False,False,False
TXN_4299688,False,False,False,False,False
TXN_4056456,False,True,True,True,True
TXN_7904311,False,False,False,False,False
TXN_2314426,False,False,False,False,False
TXN_4287690,False,False,False,False,False
TXN_9952907,False,False,False,False,False
TXN_3135491,False,False,False,False,False
TXN_1350756,False,False,False,False,False
TXN_6865143,False,False,False,False,False
TXN_7540068,False,False,False,False,False
TXN_1377584,False,False,False,False,False
TXN_4789450,False,False,False,False,False
TXN_9271504,False,False,False,False,False
TXN_3297916,False,False,False,False,False
TXN_8624218,True,False,False,False,False
TXN_4055867,False,False,False,False,False
TXN_4835761,False,False,False,False,False
TXN_8229653,False,False,False,False,False
TXN_3792062,False,False,False,False,False
TXN_8531399,False,True,True,True,True
TXN_9113601,False,False,False,False,False
TXN_4925908,False,False,False,False,False
TXN_4245105,False,True,True,True,True
TXN_4934703,False,False,False,False,False
TXN_9256189,False,False,False,False,False
TXN_8232819,False,False,False,False,False
TXN_2904791,False,False,False,False,False
TXN_4135051,False,False,False,False,False
TXN_9643714,False,False,False,False,False
TXN_7450962,False,False,False,False,False
TXN_2525392,False,False,False,False,False
TXN_1383415,False,False,False,False,False
TXN_3463769,False,False,False,False,False
TXN_3625111,False,False,False,False,False
TXN_5312362,False,False,False,False,False
TXN_8282608,False,False,False,False,False
TXN_4864903,False,False,False,False,False
TXN_4495427,False,False,False,False,False
TXN_8384866,False,False,False,False,False
TXN_8570954,False,False,False,False,False
TXN_2573050,False,False,False,False,False
TXN_6706381,False,False,False,False,False
TXN_4399717,False,False,False,False,False
TXN_2547094,False,False,False,False,False
TXN_1187419,False,False,False,False,False
TXN_1245067,False,False,False,False,False
TXN_6902800,False,False,False,False,False
TXN_4829772,False,False,False,False,False
TXN_3149790,False,False,False,False,False
TXN_1900258,False,False,False,False,False
TXN_5969269,False,False,False,False,False
TXN_9553069,False,False,False,False,False
TXN_6096878,False,False,False,False,False
TXN_5611269,False,False,False,False,False
TXN_5814096,False,False,False,False,False
TXN_9996372,False,False,False,False,False
TXN_6450930,False,False,False,False,False
TXN_7510339,False,False,False,False,False
TXN_8615825,False,False,False,False,False
TXN_4854448,False,False,False,False,False
TXN_3228310,False,False,False,False,False
TXN_9423173,False,False,False,False,False
TXN_9224384,False,False,False,False,False
TXN_4489065,False,False,False,False,False
TXN_8930302,False,False,False,False,False
TXN_1334745,False,False,False,False,False
TXN_5862349,False,False,False,False,False
TXN_7250843,False,False,False,False,False
TXN_6948660,False,False,False,False,False
TXN_2246570,False,False,False,False,False
TXN_2537089,False,False,False,False,False
TXN_1432829,False,False,False,False,False
TXN_6030366,False,False,False,False,False
TXN_6979245,False,False,False,False,False
TXN_8336383,False,False,False,False,False
TXN_8987298,False,False,False,False,False
TXN_2477647,False,False,False,False,False
TXN_8634272,False,False,False,False,False
TXN_7782524,False,False,False,False,False
TXN_1188415,False,False,False,False,False
TXN_6509362,False,False,False,False,False
TXN_5736213,False,False,False,False,False
TXN_6506236,False,False,False,False,False
TXN_3764016,False,False,False,False,False
TXN_3100291,False,False,False,False,False
TXN_4568923,False,False,False,False,False
TXN_4857957,False,False,False,False,False
TXN_6822752,False,False,False,False,False
TXN_6192944,False,False,False,False,False
TXN_3622317,False,False,False,False,False
TXN_5782730,False,False,False,False,False
TXN_5921416,False,False,False,False,False
TXN_3895137,False,False,False,False,False
TXN_7129969,False,False,False,False,False
TXN_3349701,False,False,False,False,False
TXN_2231201,False,False,False,False,False
TXN_7431980,False,False,False,False,False
TXN_5459776,False,False,False,False,False
TXN_7510517,False,False,False,False,False
TXN_6030067,False,False,False,False,False
TXN_3847123,False,False,False,False,False
TXN_3018500,False,False,False,False,False
TXN_7869463,True,False,False,False,False
TXN_5916266,False,False,False,False,False
TXN_4993247,False,False,False,False,False
TXN_6600908,False,False,False,False,False
TXN_8362642,False,False,False,False,False
TXN_1417703,False,False,False,False,False
TXN_5715686,False,False,False,False,False
TXN_7216070,False,False,False,False,False
TXN_1456033,False,False,False,False,False
TXN_6977040,False,False,False,False,False
TXN_1065130,False,False,False,False,False
TXN_2026101,False,True,True,True,True
TXN_5647147,False,False,False,False,False
TXN_5770780,False,False,False,False,False
TXN_3307692,False,False,False,False,False
TXN_3746709,False,False,False,False,False
TXN_2997461,False,False,False,False,False
TXN_6786362,False,False,False,False,False
TXN_7944224,False,False,False,False,False
TXN_6998087,False,False,False,False,False
TXN_7673556,False,True,True,True,True
TXN_4541403,False,False,False,False,False
TXN_6843971,False,False,False,False,False
TXN_1745928,False,False,False,False,False
TXN_6800602,False,False,False,False,False
TXN_4759881,False,False,False,False,False
TXN_6862740,False,False,False,False,False
TXN_1714851,False,False,False,False,False
TXN_9450304,False,False,False,False,False
TXN_6291669,False,False,False,False,False
TXN_1007496,True,False,False,False,False
TXN_2391758,False,False,False,False,False
TXN_9816119,False,False,False,False,False
TXN_6312219,False,False,False,False,False
TXN_8299684,False,False,False,False,False
TXN_5069350,False,False,False,False,False
TXN_9501460,False,False,False,False,False
TXN_9245633,False,False,False,False,False
TXN_6524933,False,False,False,False,False
TXN_8769977,False,False,False,False,False
TXN_7615768,False,False,False,False,False
TXN_1777125,False,False,False,False,False
TXN_4548524,False,False,False,False,False
TXN_9777501,False,False,False,False,False
TXN_2092827,True,False,False,False,False
TXN_9282380,False,False,False,False,False
TXN_7882600,False,False,False,False,False
TXN_8084251,False,True,True,True,True
TXN_2014914,False,False,False,False,False
TXN_1155401,False,False,False,False,False
TXN_2412514,False,False,False,False,False
TXN_6878154,False,False,False,False,False
TXN_9649810,False,False,False,False,False
TXN_7288669,False,False,False,False,False
TXN_2910275,False,False,False,False,False
TXN_1818683,True,False,False,False,False
TXN_6437443,False,False,False,False,False
TXN_9930574,False,False,False,False,False
TXN_4717804,False,False,False,False,False
TXN_4411069,False,False,False,False,False
TXN_7980565,False,False,False,False,False
TXN_6590776,False,False,False,False,False
TXN_4403043,False,False,False,False,False
TXN_3843648,False,False,False,False,False
TXN_2494050,False,False,False,False,False
TXN_5732305,False,False,False,False,False
TXN_4887526,True,False,False,False,False
TXN_1636626,False,False,False,False,False
TXN_9104482,False,False,False,False,False
TXN_6919349,False,False,False,False,False
TXN_1601678,False,False,False,False,False
TXN_5798862,False,False,False,False,False
TXN_2488313,False,False,False,False,False
TXN_1860120,False,False,False,False,False
TXN_9993420,False,False,False,False,False
TXN_6501326,False,False,False,False,False
TXN_9114808,False,False,False,False,False
TXN_5175591,False,False,False,False,False
TXN_6066679,False,False,False,False,False
TXN_2372254,False,False,False,False,False
TXN_6440445,False,False,False,False,False
TXN_3629874,False,False,False,False,False
TXN_8834665,False,False,False,False,False
TXN_1234299,False,False,False,False,False
TXN_9442698,False,False,False,False,False
TXN_6248356,False,False,False,False,False
TXN_5195842,False,False,False,False,False
TXN_4424908,False,False,False,False,False
TXN_6812056,False,False,False,False,False
TXN_4221582,False,False,False,False,False
TXN_1656330,False,False,False,False,False
TXN_1185788,False,False,False,False,False
TXN_4294387,False,False,False,False,False
TXN_4621950,False,False,False,False,False
TXN_1311636,False,False,False,False,False
TXN_8475452,False,False,False,False,False
TXN_8602784,False,False,False,False,False
TXN_6052024,False,False,False,False,False
TXN_1165342,False,False,False,False,False
TXN_1197864,False,False,False,False,False
TXN_8262460,False,False,False,False,False
TXN_9957874,False,False,False,False,False
TXN_1222659,False,False,False,False,False
TXN_2818628,False,False,False,False,False
TXN_6977757,False,False,False,False,False
TXN_8794900,False,True,True,True,True
TXN_6924479,False,False,False,False,False
TXN_9252945,False,False,False,False,False
TXN_7036290,False,False,False,False,False
TXN_4653570,False,False,False,False,False
TXN_1859382,False,False,False,False,False
TXN_3110652,False,False,False,False,False
TXN_2886160,False,False,False,False,False
TXN_6037062,False,False,False,False,False
TXN_4139468,False,False,False,False,False
TXN_7739444,False,False,False,False,False
TXN_6516663,False,False,False,False,False
TXN_4025118,False,False,False,False,False
TXN_5494990,False,False,False,False,False
TXN_2163566,False,False,False,False,False
TXN_3870638,False,False,False,False,False
TXN_3786853,False,False,False,False,False
TXN_1127104,False,False,False,False,False
TXN_8815455,False,False,False,False,False
TXN_7132270,False,False,False,False,False
TXN_6262851,False,False,False,False,False
TXN_5742371,False,True,True,True,True
TXN_9730166,False,False,False,False,False
TXN_1508429,False,False,False,False,False
TXN_1614532,False,False,False,False,False
TXN_2292675,True,False,False,False,False
TXN_9270142,False,False,False,False,False
TXN_4845720,False,False,False,False,False
TXN_8172366,False,False,False,False,False
TXN_3817044,False,False,False,False,False
TXN_8123535,False,False,False,False,False
TXN_2584277,False,True,True,True,True
TXN_5975735,False,False,False,False,False
TXN_1827718,False,False,False,False,False
TXN_6546488,False,False,False,False,False
TXN_9723263,False,False,False,False,False
TXN_6990415,False,False,False,False,False
TXN_9701245,False,False,False,False,False
TXN_2511487,True,False,False,False,False
TXN_2736863,False,True,True,True,True
TXN_5562599,False,False,False,False,False
TXN_1985138,False,True,True,True,True
TXN_6407825,False,False,False,False,False
TXN_7016155,False,False,False,False,False
TXN_3051611,False,False,False,False,False
TXN_8433395,False,False,False,False,False
TXN_6825299,False,False,False,False,False
TXN_2232017,True,False,False,False,False
TXN_3194714,False,False,False,False,False
TXN_1578157,False,False,False,False,False
TXN_8804358,False,False,False,False,False
TXN_3138920,False,False,False,False,False
TXN_4621919,False,False,False,False,False
TXN_9487070,False,False,False,False,False
TXN_9388162,False,False,False,False,False
TXN_8213847,False,False,False,False,False
TXN_6260322,False,False,False,False,False
TXN_8243756,False,False,False,False,False
TXN_9049150,False,False,False,False,False
TXN_4965503,False,False,False,False,False
TXN_2912595,False,False,False,False,False
TXN_1411096,False,False,False,False,False
TXN_8293313,False,False,False,False,False
TXN_5849869,False,False,False,False,False
TXN_9393828,False,False,False,False,False
TXN_4721517,False,False,False,False,False
TXN_7551197,False,False,False,False,False
TXN_8822878,False,False,False,False,False
TXN_2211428,False,False,False,False,False
TXN_5439767,False,False,False,False,False
TXN_6491456,False,False,False,False,False
TXN_2367523,False,False,False,False,False
TXN_4682990,False,False,False,False,False
TXN_9965946,False,False,False,False,False
TXN_5985449,False,False,False,False,False
TXN_6407088,False,False,False,False,False
TXN_9013951,False,False,False,False,False
TXN_2078236,False,False,False,False,False
TXN_5156735,False,False,False,False,False
TXN_1492407,False,False,False,False,False
TXN_1317296,False,False,False,False,False
TXN_7663942,False,True,True,True,True
TXN_3694588,False,False,False,False,False
TXN_5185719,False,False,False,False,False
TXN_1635054,False,False,False,False,False
TXN_5260160,False,False,False,False,False
TXN_4497098,False,False,False,False,False
TXN_7015442,False,False,False,False,False
TXN_7371264,False,False,False,False,False
TXN_6539175,False,False,False,False,False
TXN_6305251,False,False,False,False,False
TXN_3433247,False,False,False,False,False
TXN_2680015,False,False,False,False,False
TXN_8393738,False,False,False,False,False
TXN_5258073,False,False,False,False,False
TXN_1848524,False,False,False,False,False
TXN_7281592,False,False,False,False,False
TXN_2384950,False,True,True,True,True
TXN_1466500,False,False,False,False,False
TXN_3152478,False,False,False,False,False
TXN_8948810,False,False,False,False,False
TXN_5513567,True,False,False,False,False
TXN_9813169,False,False,False,False,False
TXN_4077245,False,False,False,False,False
TXN_1853686,False,False,False,False,False
TXN_3966618,False,False,False,False,False
TXN_8694029,False,False,False,False,False
TXN_9250753,False,False,False,False,False
TXN_4451594,False,False,False,False,False
TXN_3933057,False,False,False,False,False
TXN_8820879,False,False,False,False,False
TXN_3047170,False,True,True,True,True
TXN_7407092,False,False,False,False,False
TXN_2750219,False,False,False,False,False
TXN_1695790,False,False,False,False,False
TXN_2681703,False,False,False,False,False
TXN_3734274,False,False,False,False,False
TXN_1560951,False,False,False,False,False
TXN_5139331,False,False,False,False,False
TXN_7412723,False,False,False,False,False
TXN_8372453,False,False,False,False,False
TXN_5116695,False,False,False,False,False
TXN_5664358,True,False,False,False,False
TXN_2906236,False,False,False,False,False
TXN_3512164,False,False,False,False,False
TXN_5243487,False,False,False,False,False
TXN_4577067,False,False,False,False,False
TXN_2999995,False,False,False,False,False
TXN_6901057,False,True,True,True,True
TXN_8005094,False,False,False,False,False
TXN_4164947,False,False,False,False,False
TXN_3846015,False,False,False,False,False
TXN_9779243,False,False,False,False,False
TXN_7817857,False,False,False,False,False
TXN_1505937,True,False,False,False,False
TXN_4274208,False,False,False,False,False
TXN_5721774,False,False,False,False,False
TXN_1966034,False,False,False,False,False
TXN_1375347,False,False,False,False,False
TXN_8286837,False,False,False,False,False
TXN_4363648,False,False,False,False,False
TXN_1986816,False,False,False,False,False
TXN_6617830,False,False,False,False,False
TXN_9895162,False,False,False,False,False
TXN_5913117,False,False,False,False,False
TXN_2254132,False,False,False,False,False
TXN_7166227,False,False,False,False,False
TXN_4114556,True,False,False,False,False
TXN_6026363,False,False,False,False,False
TXN_8293398,False,True,True,True,True
TXN_6957303,False,False,False,False,False
TXN_4008428,False,False,False,False,False
TXN_3089213,False,False,False,False,False
TXN_1992177,False,False,False,False,False
TXN_4877812,False,True,True,True,True
TXN_2826965,False,True,True,True,True
TXN_3243042,False,False,False,False,False
TXN_8233871,True,False,False,False,False
TXN_9118930,False,False,False,False,False
TXN_2127584,False,False,False,False,False
TXN_9226101,False,False,False,False,False
TXN_3448045,False,False,False,False,False
TXN_4883150,False,False,False,False,False
TXN_6889957,False,False,False,False,False
TXN_1433054,False,True,True,True,True
TXN_9676475,False,True,True,True,True
TXN_7483259,False,False,False,False,False
TXN_3758134,False,False,False,False,False
TXN_2765923,False,False,False,False,False
TXN_7791537,False,False,False,False,False
TXN_1319394,False,False,False,False,False
TXN_5338814,True,False,False,False,False
TXN_1716938,False,False,False,False,False
TXN_2046951,False,False,False,False,False
TXN_6190160,False,False,False,False,False
TXN_4167564,False,False,False,False,False
TXN_9477548,False,False,False,False,False
TXN_5259478,False,False,False,False,False
TXN_3534253,False,False,False,False,False
TXN_9105343,False,False,False,False,False
TXN_5146937,False,False,False,False,False
TXN_7501851,False,False,False,False,False
TXN_5150250,False,False,False,False,False
TXN_6103550,False,False,False,False,False
TXN_6754215,False,False,False,False,False
TXN_5471275,False,False,False,False,False
TXN_9263298,False,False,False,False,False
TXN_8775269,False,False,False,False,False
TXN_6806917,False,False,False,False,False
TXN_2779699,False,False,False,False,False
TXN_2234093,False,False,False,False,False
TXN_1203184,False,False,False,False,False
TXN_4335091,False,False,False,False,False
TXN_3572301,False,False,False,False,False
TXN_2002942,False,False,False,False,False
TXN_9888917,False,False,False,False,False
TXN_1892483,True,False,False,False,False
TXN_1207537,False,False,False,False,False
TXN_1172555,False,False,False,False,False
TXN_1038979,False,False,False,False,False
TXN_4047143,False,False,False,False,False
TXN_4201299,False,True,True,True,True
TXN_6049911,False,False,False,False,False
TXN_2603761,False,False,False,False,False
TXN_3557407,False,False,False,False,False
TXN_7092567,False,False,False,False,False
TXN_5611996,False,False,False,False,False
TXN_5155862,False,False,False,False,False
TXN_8539572,False,False,False,False,False
TXN_6942391,False,False,False,False,False
TXN_7812474,False,False,False,False,False
TXN_6505976,False,False,False,False,False
TXN_6269833,False,False,False,False,False
TXN_5571174,False,False,False,False,False
TXN_6496740,False,False,False,False,False
TXN_5778866,False,False,False,False,False
TXN_4187730,False,False,False,False,False
TXN_6580870,False,False,False,False,False
TXN_2193584,False,False,False,False,False
TXN_1943695,True,False,False,False,False
TXN_6750356,False,False,False,False,False
TXN_8064984,False,False,False,False,False
TXN_1777543,False,False,False,False,False
TXN_4642295,False,False,False,False,False
TXN_9793801,False,False,False,False,False
TXN_6706656,False,False,False,False,False
TXN_3330661,False,True,True,True,True
TXN_9882976,False,False,False,False,False
TXN_9535314,False,False,False,False,False
TXN_2718566,False,False,False,False,False
TXN_5543262,False,False,False,False,False
TXN_8461471,False,False,False,False,False
TXN_5115781,False,False,False,False,False
TXN_2464906,False,False,False,False,False
TXN_7127992,False,False,False,False,False
TXN_2631567,False,False,False,False,False
TXN_5771647,False,False,False,False,False
TXN_6149033,False,False,False,False,False
TXN_6609828,True,False,False,False,False
TXN_7171512,False,False,False,False,False
TXN_4776341,False,False,False,False,False
TXN_6880511,False,True,True,True,True
TXN_3952040,False,False,False,False,False
TXN_6858321,False,False,False,False,False
TXN_3504313,False,False,False,False,False
TXN_9099328,True,False,False,False,False
TXN_5990311,False,False,False,False,False
TXN_9806807,False,False,False,False,False
TXN_5834846,False,False,False,False,False
TXN_3262173,False,False,False,False,False
TXN_8006993,True,False,False,False,False
TXN_7564949,False,False,False,False,False
TXN_9099608,False,False,False,False,False
TXN_4080988,False,False,False,False,False
TXN_3575644,False,False,False,False,False
TXN_6500890,False,False,False,False,False
TXN_5281882,False,False,False,False,False
TXN_8639124,False,False,False,False,False
TXN_5763933,False,True,True,True,True
TXN_5560242,False,False,False,False,False
TXN_3687556,False,False,False,False,False
TXN_3276784,False,False,False,False,False
TXN_1770449,False,True,True,True,True
TXN_5296489,False,False,False,False,False
TXN_5635734,False,False,False,False,False
TXN_5047909,False,True,True,True,True
TXN_8885115,False,False,False,False,False
TXN_6213919,False,False,False,False,False
TXN_2243096,False,False,False,False,False
TXN_6237848,False,False,False,False,False
TXN_3515217,False,False,False,False,False
TXN_8828780,False,False,False,False,False
TXN_1205686,False,False,False,False,False
TXN_4071268,False,False,False,False,False
TXN_3203228,True,False,False,False,False
TXN_7833045,False,False,False,False,False
TXN_9152165,False,False,False,False,False
TXN_4769945,False,False,False,False,False
TXN_7287258,False,False,False,False,False
TXN_7198988,False,False,False,False,False
TXN_1996894,False,False,False,False,False
TXN_9174058,False,False,False,False,False
TXN_7343995,False,False,False,False,False
TXN_3661483,True,False,False,False,False
TXN_9916842,False,False,False,False,False
TXN_1123421,False,False,False,False,False
TXN_4897989,False,False,False,False,False
TXN_3385100,False,False,False,False,False
TXN_5380552,False,False,False,False,False
TXN_8572389,False,False,False,False,False
TXN_3537664,False,False,False,False,False
TXN_4002469,False,False,False,False,False
TXN_4819911,False,False,False,False,False
TXN_2436739,False,False,False,False,False
TXN_3352471,False,False,False,False,False
TXN_8151553,False,False,False,False,False
TXN_7441597,False,False,False,False,False
TXN_9802098,False,False,False,False,False
TXN_4919540,False,False,False,False,False
TXN_7530536,False,False,False,False,False
TXN_5874122,False,False,False,False,False
TXN_9649394,False,False,False,False,False
TXN_8417983,False,False,False,False,False
TXN_6859723,False,False,False,False,False
TXN_4392355,False,False,False,False,False
TXN_4058390,False,False,False,False,False
TXN_8533361,False,False,False,False,False
TXN_1795555,False,False,False,False,False
TXN_5686495,False,False,False,False,False
TXN_1387779,False,False,False,False,False
TXN_9551621,True,False,False,False,False
TXN_2277463,False,False,False,False,False
TXN_7798112,False,False,False,False,False
TXN_6569366,False,False,False,False,False
TXN_6689708,False,False,False,False,False
TXN_9791851,False,False,False,False,False
TXN_3937980,False,False,False,False,False
TXN_2662020,False,False,False,False,False
TXN_2630479,False,False,False,False,False
TXN_9542148,False,False,False,False,False
TXN_9484134,False,False,False,False,False
TXN_5857201,False,False,False,False,False
TXN_9284513,False,False,False,False,False
TXN_6043884,False,False,False,False,False
TXN_7892617,False,False,False,False,False
TXN_7242621,False,False,False,False,False
TXN_1492514,False,False,False,False,False
TXN_4461090,False,False,False,False,False
TXN_7037057,False,False,False,False,False
TXN_1137542,True,False,False,False,False
TXN_6522613,False,True,True,True,True
TXN_1812590,False,False,False,False,False
TXN_1539096,False,False,False,False,False
TXN_9579739,False,False,False,False,False
TXN_2585378,False,False,False,False,False
TXN_7727096,False,False,False,False,False
TXN_9272394,False,False,False,False,False
TXN_6189225,False,False,False,False,False
TXN_1877006,False,False,False,False,False
TXN_3064702,False,False,False,False,False
TXN_4910271,False,False,False,False,False
TXN_2222797,False,False,False,False,False
TXN_5679757,False,False,False,False,False
TXN_6492020,False,False,False,False,False
TXN_4205609,True,False,False,False,False
TXN_2412242,False,False,False,False,False
TXN_5836421,False,False,False,False,False
TXN_2955038,False,False,False,False,False
TXN_9321578,False,False,False,False,False
TXN_1156896,False,False,False,False,False
TXN_9629777,False,False,False,False,False
TXN_4041720,False,False,False,False,False
TXN_7940060,False,False,False,False,False
TXN_1880682,False,False,False,False,False
TXN_4123109,True,False,False,False,False
TXN_9249556,False,False,False,False,False
TXN_2325343,False,False,False,False,False
TXN_2245624,True,False,False,False,False
TXN_6019366,False,False,False,False,False
TXN_5241473,False,False,False,False,False
TXN_3745439,False,False,False,False,False
TXN_1231391,False,False,False,False,False
TXN_8725442,False,False,False,False,False
TXN_7627807,False,False,False,False,False
TXN_5569187,False,False,False,False,False
TXN_9506859,False,True,True,True,True
TXN_9645168,False,False,False,False,False
TXN_4028997,True,False,False,False,False
TXN_8880741,False,False,False,False,False
TXN_1224026,False,False,False,False,False
TXN_9988948,False,False,False,False,False
TXN_7755336,False,False,False,False,False
TXN_4241845,False,False,False,False,False
TXN_2689560,False,False,False,False,False
TXN_5033281,False,False,False,False,False
TXN_6064430,False,False,False,False,False
TXN_4651323,False,False,False,False,False
TXN_3023874,False,False,False,False,False
TXN_7937394,False,False,False,False,False
TXN_6698228,False,False,False,False,False
TXN_1673915,False,False,False,False,False
TXN_3130278,True,False,False,False,False
TXN_3215453,False,False,False,False,False
TXN_8196352,False,False,False,False,False
TXN_2979465,False,False,False,False,False
TXN_8908031,False,False,False,False,False
TXN_2250059,False,False,False,False,False
TXN_5483324,False,False,False,False,False
TXN_8847004,False,False,False,False,False
TXN_1016655,False,False,False,False,False
TXN_3385280,False,False,False,False,False
TXN_5156844,False,False,False,False,False
TXN_1367829,False,False,False,False,False
TXN_4178874,False,False,False,False,False
TXN_2758818,False,False,False,False,False
TXN_3134753,False,False,False,False,False
TXN_8921717,False,False,False,False,False
TXN_3071038,False,False,False,False,False
TXN_2775815,False,False,False,False,False
TXN_2078336,False,False,False,False,False
TXN_3496546,False,False,False,False,False
TXN_4979630,False,False,False,False,False
TXN_2980967,False,False,False,False,False
TXN_6526512,False,False,False,False,False
TXN_9102090,False,False,False,False,False
TXN_4469477,False,False,False,False,False
TXN_7564934,False,False,False,False,False
TXN_4801214,False,True,True,True,True
TXN_6192129,False,False,False,False,False
TXN_3723814,False,False,False,False,False
TXN_1741161,False,False,False,False,False
TXN_5529772,False,False,False,False,False
TXN_4144500,False,True,True,True,True
TXN_4119684,False,False,False,False,False
TXN_4640422,True,False,False,False,False
TXN_4078266,False,False,False,False,False
TXN_1847064,False,False,False,False,False
TXN_5431879,False,True,True,True,True
TXN_3969038,False,False,False,False,False
TXN_7546166,False,False,False,False,False
TXN_8464397,False,True,True,True,True
TXN_6667228,False,False,False,False,False
TXN_5864711,False,False,False,False,False
TXN_9864321,False,False,False,False,False
TXN_7828591,False,False,False,False,False
TXN_5830803,False,False,False,False,False
TXN_5551793,False,False,False,False,False
TXN_4596184,False,False,False,False,False
TXN_8757042,False,True,True,True,True
TXN_1107812,False,False,False,False,False
TXN_7906917,False,False,False,False,False
TXN_7278878,False,False,False,False,False
TXN_6142111,False,False,False,False,False
TXN_3662764,False,False,False,False,False
TXN_2442204,True,False,False,False,False
TXN_8805576,False,False,False,False,False
TXN_4966636,False,False,False,False,False
TXN_1725454,False,False,False,False,False
TXN_2543656,False,False,False,False,False
TXN_8223973,False,False,False,False,False
TXN_9631559,False,False,False,False,False
TXN_4470830,False,False,False,False,False
TXN_8596049,False,False,False,False,False
TXN_8566964,False,False,False,False,False
TXN_8333599,False,False,False,False,False
TXN_4215624,False,False,False,False,False
TXN_4787913,False,False,False,False,False
TXN_3767880,False,False,False,False,False
TXN_8776539,False,False,False,False,False
TXN_8236215,False,False,False,False,False
TXN_8178931,False,False,False,False,False
TXN_1833505,False,False,False,False,False
TXN_3438683,False,False,False,False,False
TXN_5585168,False,False,False,False,False
TXN_6553703,False,False,False,False,False
TXN_7128744,False,False,False,False,False
TXN_9884963,False,False,False,False,False
TXN_2040809,False,False,False,False,False
TXN_1101297,False,False,False,False,False
TXN_8589807,False,True,True,True,True
TXN_1980623,False,False,False,False,False
TXN_4679750,False,False,False,False,False
TXN_9040250,False,False,False,False,False
TXN_7893709,False,False,False,False,False
TXN_7675282,False,True,True,True,True
TXN_7224530,False,False,False,False,False
TXN_4042022,False,False,False,False,False
TXN_4904210,False,False,False,False,False
TXN_4383900,True,False,False,False,False
TXN_4956708,False,False,False,False,False
TXN_2326364,False,False,False,False,False
TXN_4375011,False,True,True,True,True
TXN_3623366,False,False,False,False,False
TXN_4250432,False,False,False,False,False
TXN_5186140,False,False,False,False,False
TXN_9171042,False,False,False,False,False
TXN_3946745,False,False,False,False,False
TXN_2856597,False,False,False,False,False
TXN_4923822,False,False,False,False,False
TXN_7110900,False,False,False,False,False
TXN_5002974,False,False,False,False,False
TXN_2589028,True,False,False,False,False
TXN_9205887,False,False,False,False,False
TXN_8352203,False,False,False,False,False
TXN_9171196,False,False,False,False,False
TXN_3646004,False,False,False,False,False
TXN_4459275,False,False,False,False,False
TXN_1575064,False,False,False,False,False
TXN_2785640,False,False,False,False,False
TXN_6237983,False,False,False,False,False
TXN_7056612,False,False,False,False,False
TXN_9576418,False,False,False,False,False
TXN_8136862,False,False,False,False,False
TXN_5319218,False,False,False,False,False
TXN_3347015,True,False,False,False,False
TXN_2035086,False,False,False,False,False
TXN_5012129,False,True,True,True,True
TXN_4599772,False,False,False,False,False
TXN_1311744,False,False,False,False,False
TXN_7267517,False,False,False,False,False
TXN_4937757,False,False,False,False,False
TXN_3319640,False,False,False,False,False
TXN_2099825,False,False,False,False,False
TXN_9707152,False,False,False,False,False
TXN_4413400,False,False,False,False,False
TXN_4990030,False,False,False,False,False
TXN_3553497,False,False,False,False,False
TXN_5870405,False,False,False,False,False
TXN_4118617,False,False,False,False,False
TXN_3898046,False,False,False,False,False
TXN_8005657,False,False,False,False,False
TXN_1379436,False,False,False,False,False
TXN_3951413,False,False,False,False,False
TXN_7943662,False,False,False,False,False
TXN_5941171,False,False,False,False,False
TXN_5621564,False,False,False,False,False
TXN_5224584,False,False,False,False,False
TXN_7239576,False,False,False,False,False
TXN_8416846,False,True,True,True,True
TXN_7486067,False,False,False,False,False
TXN_8773638,False,False,False,False,False
TXN_9072239,False,False,False,False,False
TXN_6590458,True,False,False,False,False
TXN_4407882,False,False,False,False,False
TXN_9960444,False,False,False,False,False
TXN_6209928,False,False,False,False,False
TXN_7027151,False,False,False,False,False
TXN_8069182,False,False,False,False,False
TXN_1150006,False,False,False,False,False
TXN_6904028,False,False,False,False,False
TXN_9257483,False,False,False,False,False
TXN_5188226,False,False,False,False,False
TXN_2434339,True,False,False,False,False
TXN_1792802,False,False,False,False,False
TXN_6189337,False,False,False,False,False
TXN_6442602,False,False,False,False,False
TXN_1350230,False,False,False,False,False
TXN_6562034,False,False,False,False,False
TXN_4581067,False,False,False,False,False
TXN_5518537,True,False,False,False,False
TXN_8385569,False,False,False,False,False
TXN_1625647,False,False,False,False,False
TXN_6257905,False,False,False,False,False
TXN_3610195,False,False,False,False,False
TXN_3599576,False,False,False,False,False
TXN_2528313,False,False,False,False,False
TXN_5805909,False,False,False,False,False
TXN_1410689,False,False,False,False,False
TXN_4169126,False,False,False,False,False
TXN_4254009,False,False,False,False,False
TXN_4673425,False,False,False,False,False
TXN_7562077,False,False,False,False,False
TXN_3108791,False,False,False,False,False
TXN_5264491,False,False,False,False,False
TXN_6689339,False,False,False,False,False
TXN_1324813,False,False,False,False,False
TXN_6315677,False,False,False,False,False
TXN_1741913,False,False,False,False,False
TXN_2208547,False,False,False,False,False
TXN_9820980,False,False,False,False,False
TXN_2226385,False,False,False,False,False
TXN_7676502,False,False,False,False,False
TXN_5453940,False,False,False,False,False
TXN_4993995,False,False,False,False,False
TXN_2439149,False,False,False,False,False
TXN_5769565,False,False,False,False,False
TXN_4620709,False,False,False,False,False
TXN_8792621,False,False,False,False,False
TXN_9676576,False,True,True,True,True
TXN_6789123,False,False,False,False,False
TXN_5552232,False,False,False,False,False
TXN_6924343,False,False,False,False,False
TXN_5544368,False,False,False,False,False
TXN_2112426,False,False,False,False,False
TXN_9165480,False,False,False,False,False
TXN_7270567,False,False,False,False,False
TXN_1292523,False,False,False,False,False
TXN_6425374,False,False,False,False,False
TXN_2829458,False,False,False,False,False
TXN_2918886,False,False,False,False,False
TXN_1369755,False,False,False,False,False
TXN_1239531,False,False,False,False,False
TXN_3674474,False,False,False,False,False
TXN_6416009,False,False,False,False,False
TXN_9344795,False,False,False,False,False
TXN_7619486,False,False,False,False,False
TXN_3559481,False,False,False,False,False
TXN_1266241,False,False,False,False,False
TXN_2665313,False,False,False,False,False
TXN_4750878,False,False,False,False,False
TXN_5567367,False,False,False,False,False
TXN_3729060,True,False,False,False,False
TXN_7992317,False,False,False,False,False
TXN_3909621,False,False,False,False,False
TXN_3384905,False,False,False,False,False
TXN_2733288,False,False,False,False,False
TXN_8861404,False,False,False,False,False
TXN_7474047,False,False,False,False,False
TXN_2622994,False,False,False,False,False
TXN_5861014,False,False,False,False,False
TXN_9459891,False,False,False,False,False
TXN_1404623,False,False,False,False,False
TXN_5517386,False,False,False,False,False
TXN_1649045,False,True,True,True,True
TXN_2713028,False,False,False,False,False
TXN_7106178,False,False,False,False,False
TXN_8697234,False,False,False,False,False
TXN_3080253,False,False,False,False,False
TXN_7766945,False,False,False,False,False
TXN_5422440,False,False,False,False,False
TXN_9114087,False,False,False,False,False
TXN_7178094,False,False,False,False,False
TXN_1107383,False,False,False,False,False
TXN_3836435,False,False,False,False,False
TXN_5628115,False,False,False,False,False
TXN_3122781,True,False,False,False,False
TXN_7148957,False,False,False,False,False
TXN_4501679,False,False,False,False,False
TXN_7779073,False,False,False,False,False
TXN_2575540,False,False,False,False,False
TXN_5302358,False,False,False,False,False
TXN_9653552,False,False,False,False,False
TXN_9686128,False,False,False,False,False
TXN_5017877,False,False,False,False,False
TXN_4899415,False,False,False,False,False
TXN_4859554,False,False,False,False,False
TXN_4513855,False,False,False,False,False
TXN_6037665,False,False,False,False,False
TXN_3224114,False,False,False,False,False
TXN_4589284,False,False,False,False,False
TXN_8040308,False,False,False,False,False
TXN_3768573,False,False,False,False,False
TXN_8359482,False,False,False,False,False
TXN_3157398,False,False,False,False,False
TXN_6405900,False,False,False,False,False
TXN_7917866,False,False,False,False,False
TXN_6379297,False,False,False,False,False
TXN_7174674,False,False,False,False,False
TXN_1223079,False,False,False,False,False
TXN_1551058,False,True,True,True,True
TXN_9245240,False,False,False,False,False
TXN_6969962,False,False,False,False,False
TXN_7101068,False,False,False,False,False
TXN_9326253,False,False,False,False,False
TXN_9654613,False,False,False,False,False
TXN_2287146,False,False,False,False,False
TXN_7978734,False,False,False,False,False
TXN_8637763,False,False,False,False,False
TXN_9117114,False,False,False,False,False
TXN_5612697,False,False,False,False,False
TXN_9047932,False,False,False,False,False
TXN_7134955,False,False,False,False,False
TXN_7198271,False,False,False,False,False
TXN_3929069,False,False,False,False,False
TXN_5318952,False,False,False,False,False
TXN_4451027,False,False,False,False,False
TXN_7390310,False,False,False,False,False
TXN_9290596,False,False,False,False,False
TXN_1636017,False,False,False,False,False
TXN_5796004,False,False,False,False,False
TXN_7256566,False,False,False,False,False
TXN_1059221,False,False,False,False,False
TXN_8805699,False,False,False,False,False
TXN_8924913,False,False,False,False,False
TXN_9061738,False,False,False,False,False
TXN_3516710,False,False,False,False,False
TXN_5878503,False,False,False,False,False
TXN_2173693,False,False,False,False,False
TXN_5171428,False,False,False,False,False
TXN_8662127,False,False,False,False,False
TXN_4712234,False,False,False,False,False
TXN_6421767,False,False,False,False,False
TXN_5980130,False,False,False,False,False
TXN_3131758,False,False,False,False,False
TXN_6283940,False,False,False,False,False
TXN_4640794,False,False,False,False,False
TXN_1227978,False,False,False,False,False
TXN_9763661,False,False,False,False,False
TXN_4489205,False,False,False,False,False
TXN_4118493,False,True,True,True,True
TXN_5872134,False,False,False,False,False
TXN_6493139,False,True,True,True,True
TXN_1745042,False,False,False,False,False
TXN_3811015,False,True,True,True,True
TXN_9605479,False,False,False,False,False
TXN_2630677,False,False,False,False,False
TXN_6640306,False,False,False,False,False
TXN_5240246,False,False,False,False,False
TXN_8737677,False,True,True,True,True
TXN_5701666,False,False,False,False,False
TXN_1962372,False,False,False,False,False
TXN_2899427,False,False,False,False,False
TXN_4124069,False,False,False,False,False
TXN_8160068,False,False,False,False,False
TXN_8984987,False,False,False,False,False
TXN_1489896,False,False,False,False,False
TXN_2130078,False,False,False,False,False
TXN_1294411,False,False,False,False,False
TXN_6270217,False,False,False,False,False
TXN_7818602,False,False,False,False,False
TXN_8256175,False,False,False,False,False
TXN_1613328,False,False,False,False,False
TXN_6308409,False,False,False,False,False
TXN_2810459,True,False,False,False,False
TXN_7108299,False,False,False,False,False
TXN_6746068,False,False,False,False,False
TXN_9235754,False,False,False,False,False
TXN_8504230,False,False,False,False,False
TXN_1432445,True,False,False,False,False
TXN_5512644,False,False,False,False,False
TXN_9422407,False,False,False,False,False
TXN_4240172,False,False,False,False,False
TXN_9704360,False,False,False,False,False
TXN_3433029,False,False,False,False,False
TXN_3985103,False,False,False,False,False
TXN_5929291,False,False,False,False,False
TXN_4520262,False,False,False,False,False
TXN_9851864,False,False,False,False,False
TXN_6828336,False,False,False,False,False
TXN_1460673,False,False,False,False,False
TXN_2976114,False,False,False,False,False
TXN_3813656,True,False,False,False,False
TXN_1882040,False,False,False,False,False
TXN_3054684,False,False,False,False,False
TXN_6726711,False,False,False,False,False
TXN_9677353,False,False,False,False,False
TXN_9190979,False,False,False,False,False
TXN_8445231,False,False,False,False,False
TXN_9577293,False,False,False,False,False
TXN_9472197,False,False,False,False,False
TXN_5960789,False,False,False,False,False
TXN_4416629,False,False,False,False,False
TXN_7558428,False,False,False,False,False
TXN_3217988,False,False,False,False,False
TXN_2239968,False,False,False,False,False
TXN_5642720,False,False,False,False,False
TXN_2513830,False,False,False,False,False
TXN_9291336,True,False,False,False,False
TXN_6865387,False,False,False,False,False
TXN_9468973,False,False,False,False,False
TXN_6580606,False,False,False,False,False
TXN_1153995,False,True,True,True,True
TXN_5035756,False,False,False,False,False
TXN_4184687,False,False,False,False,False
TXN_3794692,False,False,False,False,False
TXN_3247249,True,False,False,False,False
TXN_7293443,False,False,False,False,False
TXN_7369318,False,False,False,False,False
TXN_9402474,False,False,False,False,False
TXN_1510555,False,False,False,False,False
TXN_1005543,False,True,True,True,True
TXN_1512224,False,False,False,False,False
TXN_1170545,False,False,False,False,False
TXN_7183634,False,False,False,False,False
TXN_8402938,False,False,False,False,False
TXN_3339094,False,False,False,False,False
TXN_2055464,False,False,False,False,False
TXN_7052489,False,False,False,False,False
TXN_1490052,False,False,False,False,False
TXN_2308456,False,False,False,False,False
TXN_4186609,False,False,False,False,False
TXN_5547862,False,False,False,False,False
TXN_2316809,False,False,False,False,False
TXN_3377748,False,False,False,False,False
TXN_5605094,False,False,False,False,False
TXN_1941756,False,False,False,False,False
TXN_2128482,False,False,False,False,False
TXN_3961196,False,False,False,False,False
TXN_3147080,False,False,False,False,False
TXN_5381153,False,False,False,False,False
TXN_3369620,False,False,False,False,False
TXN_2326554,False,False,False,False,False
TXN_5038677,False,False,False,False,False
TXN_5177579,False,False,False,False,False
TXN_1004091,False,False,False,False,False
TXN_6186202,False,True,True,True,True
TXN_9385722,False,False,False,False,False
TXN_3882897,False,False,False,False,False
TXN_4143543,False,False,False,False,False
TXN_5649444,False,False,False,False,False
TXN_9754957,False,False,False,False,False
TXN_6370101,False,False,False,False,False
TXN_7927957,False,False,False,False,False
TXN_1466235,False,False,False,False,False
TXN_5309800,False,False,False,False,False
TXN_2035106,False,False,False,False,False
TXN_9220439,False,False,False,False,False
TXN_1791391,False,False,False,False,False
TXN_4005159,False,True,True,True,True
TXN_4146156,False,False,False,False,False
TXN_7110095,False,False,False,False,False
TXN_1532181,False,False,False,False,False
TXN_8704721,False,False,False,False,False
TXN_8830893,False,False,False,False,False
TXN_9727406,False,False,False,False,False
TXN_5230040,False,False,False,False,False
TXN_9038605,False,False,False,False,False
TXN_9614858,False,False,False,False,False
TXN_8837653,False,False,False,False,False
TXN_1460040,False,False,False,False,False
TXN_3905417,False,False,False,False,False
TXN_7819270,False,False,False,False,False
TXN_1618066,False,False,False,False,False
TXN_9539536,False,False,False,False,False
TXN_1469385,False,False,False,False,False
TXN_2762873,False,False,False,False,False
TXN_4556225,False,False,False,False,False
TXN_6434080,False,True,True,True,True
TXN_5383494,False,False,False,False,False
TXN_4662227,False,False,False,False,False
TXN_3719807,False,False,False,False,False
TXN_7686537,False,False,False,False,False
TXN_1353484,False,False,False,False,False
TXN_9373920,False,False,False,False,False
TXN_3362687,False,False,False,False,False
TXN_2611733,False,False,False,False,False
TXN_6984156,False,False,False,False,False
TXN_5158663,False,False,False,False,False
TXN_3507613,False,False,False,False,False
TXN_7352034,False,False,False,False,False
TXN_8189771,False,False,False,False,False
TXN_3419658,True,False,False,False,False
TXN_9957512,True,False,False,False,False
TXN_3161464,False,True,True,True,True
TXN_1433405,False,False,False,False,False
TXN_9963254,False,True,True,True,True
TXN_7771643,False,False,False,False,False
TXN_8595309,False,False,False,False,False
TXN_5713524,False,False,False,False,False
TXN_4105300,False,False,False,False,False
TXN_1640128,False,False,False,False,False
TXN_7917265,False,True,True,True,True
TXN_5646983,False,False,False,False,False
TXN_6549525,False,False,False,False,False
TXN_2895936,False,False,False,False,False
TXN_8236696,False,False,False,False,False
TXN_1809144,False,False,False,False,False
TXN_8147277,False,False,False,False,False
TXN_4871252,False,False,False,False,False
TXN_3595305,False,False,False,False,False
TXN_6274299,False,False,False,False,False
TXN_7726623,False,True,True,True,True
TXN_1006950,False,False,False,False,False
TXN_4284887,False,False,False,False,False
TXN_9881750,False,False,False,False,False
TXN_5331650,False,False,False,False,False
TXN_9082199,True,False,False,False,False
TXN_1341677,False,False,False,False,False
TXN_1130015,False,True,True,True,True
TXN_6639567,False,False,False,False,False
TXN_3681075,False,False,False,False,False
TXN_8420021,False,False,False,False,False
TXN_7583557,False,True,True,True,True
TXN_6866610,False,False,False,False,False
TXN_1123016,False,False,False,False,False
TXN_7112380,False,False,False,False,False
TXN_8878037,False,False,False,False,False
TXN_3144181,False,False,False,False,False
TXN_6902939,False,False,False,False,False
TXN_4446737,False,False,False,False,False
TXN_4403790,False,False,False,False,False
TXN_8919663,False,False,False,False,False
TXN_7545653,False,False,False,False,False
TXN_4205627,False,False,False,False,False
TXN_2500072,False,True,True,True,True
TXN_7636157,False,False,False,False,False
TXN_9884690,False,False,False,False,False
TXN_7249444,False,False,False,False,False
TXN_1803828,False,False,False,False,False
TXN_7224484,False,False,False,False,False
TXN_6402109,False,False,False,False,False
TXN_6917746,False,True,True,True,True
TXN_3467911,False,False,False,False,False
TXN_9738373,False,False,False,False,False
TXN_5374685,False,False,False,False,False
TXN_3881126,False,False,False,False,False
TXN_3342562,False,False,False,False,False
TXN_7898844,False,False,False,False,False
TXN_4807004,False,False,False,False,False
TXN_7478459,False,False,False,False,False
TXN_5149787,False,False,False,False,False
TXN_4407458,False,False,False,False,False
TXN_3739937,False,False,False,False,False
TXN_1275355,False,False,False,False,False
TXN_1877555,False,False,False,False,False
TXN_1310355,False,False,False,False,False
TXN_9036436,False,False,False,False,False
TXN_2774355,False,False,False,False,False
TXN_3802505,False,False,False,False,False
TXN_2422679,False,False,False,False,False
TXN_1882050,False,True,True,True,True
TXN_5097238,False,False,False,False,False
TXN_2327962,False,False,False,False,False
TXN_7693291,False,False,False,False,False
TXN_4955537,False,False,False,False,False
TXN_6533918,False,False,False,False,False
TXN_2592664,False,False,False,False,False
TXN_3334999,False,False,False,False,False
TXN_9377257,False,False,False,False,False
TXN_4674285,False,False,False,False,False
TXN_9841782,False,False,False,False,False
TXN_1603699,False,False,False,False,False
TXN_8947708,True,False,False,False,False
TXN_1063182,False,False,False,False,False
TXN_4717451,False,False,False,False,False
TXN_1126918,False,False,False,False,False
TXN_7759967,False,False,False,False,False
TXN_8359578,False,False,False,False,False
TXN_7513988,False,False,False,False,False
TXN_9827001,False,False,False,False,False
TXN_9697733,False,False,False,False,False
TXN_7658974,False,False,False,False,False
TXN_6610649,False,False,False,False,False
TXN_2138629,False,False,False,False,False
TXN_1139198,False,False,False,False,False
TXN_9540741,False,False,False,False,False
TXN_4554250,True,False,False,False,False
TXN_6887406,False,False,False,False,False
TXN_3487125,False,False,False,False,False
TXN_8949747,False,False,False,False,False
TXN_1224414,False,False,False,False,False
TXN_9312502,False,False,False,False,False
TXN_8635748,False,False,False,False,False
TXN_5627047,False,False,False,False,False
TXN_7072572,False,False,False,False,False
TXN_8583404,False,False,False,False,False
TXN_1524234,False,False,False,False,False
TXN_5969755,False,False,False,False,False
TXN_9719760,False,False,False,False,False
TXN_8872470,False,False,False,False,False
TXN_6447825,False,False,False,False,False
TXN_7182790,False,False,False,False,False
TXN_4994236,False,False,False,False,False
TXN_6185500,False,False,False,False,False
TXN_3201198,False,False,False,False,False
TXN_8030351,False,False,False,False,False
TXN_2525825,False,False,False,False,False
TXN_9911848,False,False,False,False,False
TXN_3373651,False,False,False,False,False
TXN_2344077,False,False,False,False,False
TXN_6615966,False,False,False,False,False
TXN_2721068,False,False,False,False,False
TXN_4178572,False,False,False,False,False
TXN_2728490,False,False,False,False,False
TXN_7293964,False,False,False,False,False
TXN_6194378,False,False,False,False,False
TXN_3545596,False,False,False,False,False
TXN_5321880,False,False,False,False,False
TXN_9977844,False,True,True,True,True
TXN_1401211,False,False,False,False,False
TXN_4304033,False,False,False,False,False
TXN_2586658,False,False,False,False,False
TXN_4726335,False,False,False,False,False
TXN_3219471,False,False,False,False,False
TXN_9199770,False,False,False,False,False
TXN_1236974,True,False,False,False,False
TXN_6682387,False,False,False,False,False
TXN_3572849,False,False,False,False,False
TXN_6842454,False,False,False,False,False
TXN_5603923,False,False,False,False,False
TXN_5503377,False,False,False,False,False
TXN_9665063,False,False,False,False,False
TXN_2258785,False,False,False,False,False
TXN_8012805,False,False,False,False,False
TXN_3671517,False,False,False,False,False
TXN_8610139,False,False,False,False,False
TXN_7069237,False,False,False,False,False
TXN_4920125,False,False,False,False,False
TXN_6541597,False,False,False,False,False
TXN_6048384,True,False,False,False,False
TXN_3419392,False,False,False,False,False
TXN_5775795,False,False,False,False,False
TXN_2206258,False,False,False,False,False
TXN_5149491,False,False,False,False,False
TXN_9892705,False,False,False,False,False
TXN_9080551,True,False,False,False,False
TXN_5317550,False,False,False,False,False
TXN_9071198,False,False,False,False,False
TXN_3588227,False,False,False,False,False
TXN_5505701,False,False,False,False,False
TXN_9211951,False,False,False,False,False
TXN_2420813,False,False,False,False,False
TXN_9910150,False,False,False,False,False
TXN_2328430,False,False,False,False,False
TXN_3381866,False,False,False,False,False
TXN_1451562,False,False,False,False,False
TXN_3836955,False,False,False,False,False
TXN_1899099,False,False,False,False,False
TXN_6594654,False,False,False,False,False
TXN_4029684,False,False,False,False,False
TXN_1097532,False,False,False,False,False
TXN_1141808,False,False,False,False,False
TXN_3519483,False,False,False,False,False
TXN_7472400,False,True,True,True,True
TXN_5630572,False,False,False,False,False
TXN_3886696,False,False,False,False,False
TXN_3642410,False,False,False,False,False
TXN_1704457,False,False,False,False,False
TXN_8373559,True,False,False,False,False
TXN_5936341,False,False,False,False,False
TXN_1558197,False,False,False,False,False
TXN_9102543,False,False,False,False,False
TXN_1509297,False,False,False,False,False
TXN_6253708,False,False,False,False,False
TXN_7928944,False,False,False,False,False
TXN_4576075,False,False,False,False,False
TXN_2276275,False,False,False,False,False
TXN_5512573,False,False,False,False,False
TXN_8514415,False,False,False,False,False
TXN_7232932,False,False,False,False,False
TXN_8935474,False,True,True,True,True
TXN_8219862,False,False,False,False,False
TXN_6959326,False,False,False,False,False
TXN_4483598,False,False,False,False,False
TXN_7332563,False,False,False,False,False
TXN_1362426,False,False,False,False,False
TXN_9372793,False,False,False,False,False
TXN_2190866,False,False,False,False,False
TXN_1204007,False,False,False,False,False
TXN_2046485,False,False,False,False,False
TXN_7548408,False,False,False,False,False
TXN_8863955,False,False,False,False,False
TXN_7341164,False,False,False,False,False
TXN_1040270,False,False,False,False,False
TXN_6730972,False,False,False,False,False
TXN_8139295,False,False,False,False,False
TXN_5578636,False,False,False,False,False
TXN_3878663,False,False,False,False,False
TXN_3493022,False,False,False,False,False
TXN_1112486,False,False,False,False,False
TXN_8052085,False,False,False,False,False
TXN_8961064,False,False,False,False,False
TXN_8148844,False,False,False,False,False
TXN_8804809,False,False,False,False,False
TXN_3823295,False,False,False,False,False
TXN_3690725,False,False,False,False,False
TXN_5239006,False,False,False,False,False
TXN_3635610,False,False,False,False,False
TXN_1648617,False,False,False,False,False
TXN_7958182,False,False,False,False,False
TXN_5116293,False,False,False,False,False
TXN_5588546,False,False,False,False,False
TXN_2792485,False,True,True,True,True
TXN_1744322,False,False,False,False,False
TXN_3679982,False,False,False,False,False
TXN_6688533,True,False,False,False,False
TXN_9170840,False,False,False,False,False
TXN_2911524,False,False,False,False,False
TXN_3303369,False,False,False,False,False
TXN_8431956,False,False,False,False,False
TXN_2462572,False,False,False,False,False
TXN_1819682,False,False,False,False,False
TXN_3954668,False,False,False,False,False
TXN_8098014,False,False,False,False,False
TXN_2624160,False,False,False,False,False
TXN_4066635,False,False,False,False,False
TXN_1704261,False,False,False,False,False
TXN_1519299,False,False,False,False,False
TXN_5077745,False,False,False,False,False
TXN_3746744,False,False,False,False,False
TXN_7949340,False,False,False,False,False
TXN_4974240,False,False,False,False,False
TXN_1777313,False,True,True,True,True
TXN_1440439,False,False,False,False,False
TXN_3894802,False,True,True,True,True
TXN_9032953,False,False,False,False,False
TXN_9612422,False,False,False,False,False
TXN_8883555,False,False,False,False,False
TXN_5890409,False,False,False,False,False
TXN_7431232,False,False,False,False,False
TXN_9497226,False,False,False,False,False
TXN_5601162,True,False,False,False,False
TXN_7010436,False,False,False,False,False
TXN_5885259,False,False,False,False,False
TXN_2084347,False,False,False,False,False
TXN_4993656,False,False,False,False,False
TXN_8293840,False,False,False,False,False
TXN_9978007,False,False,False,False,False
TXN_1843848,False,False,False,False,False
TXN_6600014,False,False,False,False,False
TXN_7203576,False,False,False,False,False
TXN_7597485,False,False,False,False,False
TXN_8283053,False,False,False,False,False
TXN_9662767,False,False,False,False,False
TXN_6118643,False,False,False,False,False
TXN_1936106,False,False,False,False,False
TXN_9701569,False,False,False,False,False
TXN_3548100,False,False,False,False,False
TXN_7898780,False,False,False,False,False
TXN_5807928,True,False,False,False,False
TXN_4699053,False,False,False,False,False
TXN_4151549,False,False,False,False,False
TXN_3748574,True,False,False,False,False
TXN_1622050,False,False,False,False,False
TXN_7331955,False,False,False,False,False
TXN_5044144,False,False,False,False,False
TXN_4886514,False,False,False,False,False
TXN_9027424,False,False,False,False,False
TXN_5808902,False,False,False,False,False
TXN_3835641,False,False,False,False,False
TXN_7699025,False,False,False,False,False
TXN_1286644,False,False,False,False,False
TXN_3345761,False,False,False,False,False
TXN_5778640,False,False,False,False,False
TXN_2703515,False,False,False,False,False
TXN_8943178,False,False,False,False,False
TXN_2322791,False,False,False,False,False
TXN_4511207,False,False,False,False,False
TXN_1868656,False,False,False,False,False
TXN_9450631,False,False,False,False,False
TXN_3582432,False,False,False,False,False
TXN_9120797,False,False,False,False,False
TXN_7177583,False,False,False,False,False
TXN_2244499,False,False,False,False,False
TXN_2695742,False,False,False,False,False
TXN_3430174,False,False,False,False,False
TXN_2430569,False,False,False,False,False
TXN_9045570,False,False,False,False,False
TXN_1223061,False,False,False,False,False
TXN_5299596,False,False,False,False,False
TXN_8106767,False,False,False,False,False
TXN_1490733,False,False,False,False,False
TXN_3908189,False,False,False,False,False
TXN_9224464,False,True,True,True,True
TXN_4892629,False,False,False,False,False
TXN_9025455,False,False,False,False,False
TXN_9891427,False,False,False,False,False
TXN_9749154,False,False,False,False,False
TXN_9210943,False,False,False,False,False
TXN_9408663,False,False,False,False,False
TXN_6838649,False,False,False,False,False
TXN_7188615,False,False,False,False,False
TXN_9854071,False,False,False,False,False
TXN_8138424,False,False,False,False,False
TXN_1523076,False,False,False,False,False
TXN_4813615,False,False,False,False,False
TXN_4961176,False,False,False,False,False
TXN_4694391,False,False,False,False,False
TXN_2140589,False,False,False,False,False
TXN_5309004,False,False,False,False,False
TXN_4602911,True,False,False,False,False
TXN_9475737,False,False,False,False,False
TXN_7241323,False,False,False,False,False
TXN_3995449,False,False,False,False,False
TXN_6423634,False,False,False,False,False
TXN_1007144,False,False,False,False,False
TXN_1012234,False,False,False,False,False
TXN_2848709,True,False,False,False,False
TXN_8941189,False,False,False,False,False
TXN_6437858,False,False,False,False,False
TXN_2850753,True,False,False,False,False
TXN_5539624,False,False,False,False,False
TXN_3489467,True,False,False,False,False
TXN_7896895,False,False,False,False,False
TXN_5888173,False,False,False,False,False
TXN_8010186,False,False,False,False,False
TXN_7948812,False,False,False,False,False
TXN_2239985,False,False,False,False,False
TXN_3838395,False,False,False,False,False
TXN_3909836,False,True,True,True,True
TXN_1623171,False,False,False,False,False
TXN_1845043,False,False,False,False,False
TXN_8291984,False,False,False,False,False
TXN_7799286,False,False,False,False,False
TXN_4563856,False,False,False,False,False
TXN_3838434,False,True,True,True,True
TXN_6159378,False,False,False,False,False
TXN_2756540,True,False,False,False,False
TXN_7242115,False,False,False,False,False
TXN_9433964,False,False,False,False,False
TXN_8626137,False,False,False,False,False
TXN_4130715,False,False,False,False,False
TXN_8112678,False,False,False,False,False
TXN_6177742,False,False,False,False,False
TXN_1312767,False,False,False,False,False
TXN_6161762,False,False,False,False,False
TXN_1904037,False,False,False,False,False
TXN_1190991,False,False,False,False,False
TXN_9733008,False,False,False,False,False
TXN_2394468,False,False,False,False,False
TXN_2948826,False,False,False,False,False
TXN_5599747,False,True,True,True,True
TXN_6807818,False,False,False,False,False
TXN_4279575,False,True,True,True,True
TXN_7561371,False,False,False,False,False
TXN_4442698,False,False,False,False,False
TXN_2122125,False,False,False,False,False
TXN_4574096,False,False,False,False,False
TXN_9166705,False,False,False,False,False
TXN_7440936,False,False,False,False,False
TXN_2959732,False,False,False,False,False
TXN_6601827,False,False,False,False,False
TXN_5520047,False,False,False,False,False
TXN_5626224,False,False,False,False,False
TXN_9004658,False,False,False,False,False
TXN_9102221,True,False,False,False,False
TXN_7405215,False,False,False,False,False
TXN_9687573,False,False,False,False,False
TXN_5895413,True,False,False,False,False
TXN_1209700,False,False,False,False,False
TXN_8223520,False,False,False,False,False
TXN_8730858,False,False,False,False,False
TXN_2364431,False,False,False,False,False
TXN_7637734,False,False,False,False,False
TXN_2573564,False,False,False,False,False
TXN_9457772,False,False,False,False,False
TXN_4978591,False,False,False,False,False
TXN_2419940,False,False,False,False,False
TXN_3758695,False,False,False,False,False
TXN_1016209,False,False,False,False,False
TXN_9197649,False,False,False,False,False
TXN_8694089,False,False,False,False,False
TXN_7241105,False,False,False,False,False
TXN_9700363,False,False,False,False,False
TXN_9193687,False,False,False,False,False
TXN_7489452,False,False,False,False,False
TXN_5985965,False,False,False,False,False
TXN_3223113,False,False,False,False,False
TXN_2644918,False,False,False,False,False
TXN_7516568,False,False,False,False,False
TXN_7982451,True,False,False,False,False
TXN_4644900,False,False,False,False,False
TXN_7509489,False,False,False,False,False
TXN_3930213,False,False,False,False,False
TXN_3275375,False,False,False,False,False
TXN_7508727,False,False,False,False,False
TXN_3195565,False,False,False,False,False
TXN_9695022,False,False,False,False,False
TXN_3092030,False,False,False,False,False
TXN_5901521,False,False,False,False,False
TXN_3422608,False,False,False,False,False
TXN_1428000,False,False,False,False,False
TXN_2691273,False,False,False,False,False
TXN_5650094,False,False,False,False,False
TXN_7281625,False,False,False,False,False
TXN_5815480,False,False,False,False,False
TXN_5274178,False,False,False,False,False
TXN_2788225,False,False,False,False,False
TXN_2904039,True,False,False,False,False
TXN_1836595,False,False,False,False,False
TXN_2041111,False,False,False,False,False
TXN_8076769,False,False,False,False,False
TXN_1795531,False,False,False,False,False
TXN_1041483,False,True,True,True,True
TXN_3630133,False,False,False,False,False
TXN_2522970,True,False,False,False,False
TXN_2815543,False,False,False,False,False
TXN_8367212,False,False,False,False,False
TXN_2028406,False,False,False,False,False
TXN_4123570,False,False,False,False,False
TXN_9397999,False,False,False,False,False
TXN_8362668,False,False,False,False,False
TXN_2356331,False,False,False,False,False
TXN_1555216,False,False,False,False,False
TXN_2620396,False,False,False,False,False
TXN_4329866,False,False,False,False,False
TXN_6223608,False,False,False,False,False
TXN_9178330,False,False,False,False,False
TXN_1978173,False,False,False,False,False
TXN_4501948,False,False,False,False,False
TXN_5577825,False,False,False,False,False
TXN_8717697,True,False,False,False,False
TXN_6354477,False,False,False,False,False
TXN_2596191,False,False,False,False,False
TXN_8527621,False,False,False,False,False
TXN_6879984,False,False,False,False,False
TXN_3435459,False,False,False,False,False
TXN_2045418,False,False,False,False,False
TXN_6803961,False,False,False,False,False
TXN_9915974,False,False,False,False,False
TXN_8720680,False,False,False,False,False
TXN_9680847,False,False,False,False,False
TXN_6569223,False,False,False,False,False
TXN_9408214,False,False,False,False,False
TXN_8192943,False,False,False,False,False
TXN_4800229,False,True,True,True,True
TXN_6851086,False,False,False,False,False
TXN_9245105,False,False,False,False,False
TXN_9430988,False,True,True,True,True
TXN_3122188,False,True,True,True,True
TXN_9818603,False,True,True,True,True
TXN_3714766,False,False,False,False,False
TXN_8025918,False,False,False,False,False
TXN_7185925,False,False,False,False,False
TXN_8876899,False,False,False,False,False
TXN_1038078,False,False,False,False,False
TXN_2849510,False,False,False,False,False
TXN_3368961,False,False,False,False,False
TXN_5650070,True,False,False,False,False
TXN_9284320,False,False,False,False,False
TXN_3762237,False,False,False,False,False
TXN_6856074,False,False,False,False,False
TXN_2759713,False,False,False,False,False
TXN_5127571,False,False,False,False,False
TXN_6974117,False,False,False,False,False
TXN_7928438,False,False,False,False,False
TXN_5200141,False,False,False,False,False
TXN_9827837,False,False,False,False,False
TXN_4493777,False,False,False,False,False
TXN_6325122,False,False,False,False,False
TXN_1609763,False,True,True,True,True
TXN_3422906,False,False,False,False,False
TXN_1517466,False,False,False,False,False
TXN_9027497,False,False,False,False,False
TXN_6478148,False,False,False,False,False
TXN_3356979,False,False,False,False,False
TXN_2166078,False,False,False,False,False
TXN_4939015,False,False,False,False,False
TXN_3798801,False,False,False,False,False
TXN_1443259,False,False,False,False,False
TXN_3600908,False,False,False,False,False
TXN_2294583,False,False,False,False,False
TXN_6544404,False,False,False,False,False
TXN_1185443,False,False,False,False,False
TXN_6359024,False,False,False,False,False
TXN_5419806,False,False,False,False,False
TXN_2372678,False,False,False,False,False
TXN_2042782,False,False,False,False,False
TXN_9571758,False,False,False,False,False
TXN_7347365,False,False,False,False,False
TXN_8408205,False,False,False,False,False
TXN_1491657,False,True,True,True,True
TXN_1245404,False,False,False,False,False
TXN_8265493,False,False,False,False,False
TXN_2803747,False,False,False,False,False
TXN_2963897,False,False,False,False,False
TXN_9248288,False,False,False,False,False
TXN_4892743,False,False,False,False,False
TXN_8635339,False,True,True,True,True
TXN_3871295,False,False,False,False,False
TXN_9618289,False,False,False,False,False
TXN_2035248,False,False,False,False,False
TXN_9746526,False,False,False,False,False
TXN_7699654,False,False,False,False,False
TXN_6328369,False,True,True,True,True
TXN_5220094,False,False,False,False,False
TXN_8087160,True,False,False,False,False
TXN_9398801,False,False,False,False,False
TXN_2369166,False,False,False,False,False
TXN_4853937,False,False,False,False,False
TXN_2780567,False,False,False,False,False
TXN_7367608,False,False,False,False,False
TXN_4622617,False,False,False,False,False
TXN_5804012,False,False,False,False,False
TXN_9986826,False,False,False,False,False
TXN_6950467,False,False,False,False,False
TXN_5368235,False,False,False,False,False
TXN_6851800,False,False,False,False,False
TXN_2588792,False,False,False,False,False
TXN_7577984,False,False,False,False,False
TXN_3300014,False,False,False,False,False
TXN_4063797,False,False,False,False,False
TXN_9101308,False,False,False,False,False
TXN_3703356,False,False,False,False,False
TXN_3277547,False,False,False,False,False
TXN_9403711,False,False,False,False,False
TXN_6254334,False,True,True,True,True
TXN_9013444,False,False,False,False,False
TXN_9695630,False,False,False,False,False
TXN_6569610,False,False,False,False,False
TXN_6239964,False,False,False,False,False
TXN_7581231,False,True,True,True,True
TXN_6376892,False,False,False,False,False
TXN_2660107,False,False,False,False,False
TXN_1155771,False,False,False,False,False
TXN_6053470,False,False,False,False,False
TXN_5773308,True,False,False,False,False
TXN_5508625,False,False,False,False,False
TXN_6959909,False,False,False,False,False
TXN_4565790,False,False,False,False,False
TXN_3462517,False,True,True,True,True
TXN_5731675,False,False,False,False,False
TXN_5802934,True,False,False,False,False
TXN_7697399,False,False,False,False,False
TXN_5797421,False,False,False,False,False
TXN_5503303,False,False,False,False,False
TXN_4806789,False,False,False,False,False
TXN_3068745,False,False,False,False,False
TXN_6123799,False,False,False,False,False
TXN_7490771,False,False,False,False,False
TXN_3013542,False,False,False,False,False
TXN_4688183,False,False,False,False,False
TXN_1587044,False,False,False,False,False
TXN_3688977,False,False,False,False,False
TXN_7224248,False,False,False,False,False
TXN_7379840,False,False,False,False,False
TXN_8048579,False,True,True,True,True
TXN_7507547,False,False,False,False,False
TXN_5930877,False,False,False,False,False
TXN_6664172,False,True,True,True,True
TXN_6791698,False,False,False,False,False
TXN_1860779,False,False,False,False,False
TXN_3892960,False,False,False,False,False
TXN_7847697,False,False,False,False,False
TXN_2573458,False,False,False,False,False
TXN_2270221,False,False,False,False,False
TXN_3214105,True,False,False,False,False
TXN_8330302,False,False,False,False,False
TXN_7320283,False,False,False,False,False
TXN_8335285,False,False,False,False,False
TXN_9907089,False,False,False,False,False
TXN_4022379,False,False,False,False,False
TXN_3868257,False,False,False,False,False
TXN_3273812,False,False,False,False,False
TXN_9314890,False,False,False,False,False
TXN_2100342,False,False,False,False,False
TXN_6702252,True,False,False,False,False
TXN_8737583,False,False,False,False,False
TXN_6989632,False,False,False,False,False
TXN_4565865,False,False,False,False,False
TXN_7969117,False,False,False,False,False
TXN_2770594,False,False,False,False,False
TXN_9763916,False,False,False,False,False
TXN_3587475,False,False,False,False,False
TXN_8436107,False,False,False,False,False
TXN_7658348,False,False,False,False,False
TXN_6576319,False,False,False,False,False
TXN_1840200,False,False,False,False,False
TXN_3588286,False,False,False,False,False
TXN_6600756,True,False,False,False,False
TXN_4563536,False,False,False,False,False
TXN_4390681,False,False,False,False,False
TXN_8320450,False,False,False,False,False
TXN_1708128,False,False,False,False,False
TXN_4641997,False,False,False,False,False
TXN_1329247,False,False,False,False,False
TXN_7662764,False,False,False,False,False
TXN_3053530,False,False,False,False,False
TXN_8312176,False,False,False,False,False
TXN_7459156,False,False,False,False,False
TXN_4152048,False,False,False,False,False
TXN_3216751,True,False,False,False,False
TXN_9827840,False,False,False,False,False
TXN_1078497,False,False,False,False,False
TXN_4280011,False,False,False,False,False
TXN_9592651,False,False,False,False,False
TXN_8891020,False,False,False,False,False
TXN_3368057,False,False,False,False,False
TXN_5965620,True,False,False,False,False
TXN_2261000,False,False,False,False,False
TXN_2615354,False,False,False,False,False
TXN_7390600,False,False,False,False,False
TXN_7704361,False,False,False,False,False
TXN_2823143,False,True,True,True,True
TXN_1482356,True,False,False,False,False
TXN_5754130,False,False,False,False,False
TXN_7855690,False,False,False,False,False
TXN_4884748,False,False,False,False,False
TXN_6800846,False,False,False,False,False
TXN_6439601,False,False,False,False,False
TXN_5978239,False,False,False,False,False
TXN_6643496,False,False,False,False,False
TXN_7045491,False,False,False,False,False
TXN_3546752,False,False,False,False,False
TXN_3244040,False,False,False,False,False
TXN_1899712,False,False,False,False,False
TXN_4211434,False,False,False,False,False
TXN_5746841,False,False,False,False,False
TXN_2474939,False,False,False,False,False
TXN_5730630,True,False,False,False,False
TXN_2516384,False,False,False,False,False
TXN_7910126,False,False,False,False,False
TXN_2628993,False,False,False,False,False
TXN_9889065,False,False,False,False,False
TXN_9438432,True,False,False,False,False
TXN_1972506,True,False,False,False,False
TXN_1514654,False,False,False,False,False
TXN_4199863,False,False,False,False,False
TXN_4318649,False,False,False,False,False
TXN_4435281,False,False,False,False,False
TXN_5233566,False,False,False,False,False
TXN_2871171,False,False,False,False,False
TXN_4398240,False,False,False,False,False
TXN_9885558,False,False,False,False,False
TXN_6638995,False,False,False,False,False
TXN_9525639,False,False,False,False,False
TXN_4508397,False,False,False,False,False
TXN_7919193,False,False,False,False,False
TXN_2183871,False,False,False,False,False
TXN_5789870,True,False,False,False,False
TXN_9900913,False,True,True,True,True
TXN_5746885,False,False,False,False,False
TXN_6843942,False,False,False,False,False
TXN_1848720,False,False,False,False,False
TXN_5901894,False,False,False,False,False
TXN_7479551,False,False,False,False,False
TXN_2500273,False,False,False,False,False
TXN_6833313,False,False,False,False,False
TXN_8171410,True,False,False,False,False
TXN_3543537,False,True,True,True,True
TXN_8842777,False,False,False,False,False
TXN_5629949,False,False,False,False,False
TXN_7016226,False,False,False,False,False
TXN_1201615,False,False,False,False,False
TXN_6229274,False,False,False,False,False
TXN_7645274,False,False,False,False,False
TXN_7460674,False,False,False,False,False
TXN_9643570,False,False,False,False,False
TXN_5017412,False,False,False,False,False
TXN_8062274,False,False,False,False,False
TXN_7984930,True,False,False,False,False
TXN_8486925,False,False,False,False,False
TXN_9760684,False,False,False,False,False
TXN_2504304,False,False,False,False,False
TXN_5235086,False,False,False,False,False
TXN_8397249,False,False,False,False,False
TXN_5936172,False,False,False,False,False
TXN_1794054,False,False,False,False,False
TXN_4417030,False,False,False,False,False
TXN_1385062,False,False,False,False,False
TXN_1205880,False,False,False,False,False
TXN_1519499,False,False,False,False,False
TXN_6642052,False,False,False,False,False
TXN_6147473,False,False,False,False,False
TXN_6570351,False,False,False,False,False
TXN_7127612,False,False,False,False,False
TXN_6159311,False,True,True,True,True
TXN_1189571,False,False,False,False,False
TXN_9661826,False,False,False,False,False
TXN_7169502,False,False,False,False,False
TXN_7261721,False,False,False,False,False
TXN_6237791,False,False,False,False,False
TXN_9256493,False,False,False,False,False
TXN_5119908,False,False,False,False,False
TXN_9684431,False,False,False,False,False
TXN_7192439,False,False,False,False,False
TXN_3712938,False,False,False,False,False
TXN_9182264,False,False,False,False,False
TXN_3557485,False,False,False,False,False
TXN_5735627,False,False,False,False,False
TXN_4430414,False,False,False,False,False
TXN_4972574,False,False,False,False,False
TXN_6852196,False,False,False,False,False
TXN_3056063,False,False,False,False,False
TXN_3784506,False,False,False,False,False
TXN_2078144,False,False,False,False,False
TXN_8639287,False,False,False,False,False
TXN_2951334,False,False,False,False,False
TXN_5055889,False,False,False,False,False
TXN_8462959,False,False,False,False,False
TXN_6306864,False,False,False,False,False
TXN_5888368,False,False,False,False,False
TXN_6890386,False,False,False,False,False
TXN_3057167,False,False,False,False,False
TXN_1671487,False,True,True,True,True
TXN_6923467,False,False,False,False,False
TXN_2734881,False,False,False,False,False
TXN_4774186,False,False,False,False,False
TXN_3899797,False,False,False,False,False
TXN_7469530,False,False,False,False,False
TXN_3194759,False,False,False,False,False
TXN_7095637,False,False,False,False,False
TXN_5515525,False,False,False,False,False
TXN_1788104,False,False,False,False,False
TXN_9009459,False,False,False,False,False
TXN_6736227,False,False,False,False,False
TXN_1300271,False,False,False,False,False
TXN_3640084,False,False,False,False,False
TXN_3267850,False,False,False,False,False
TXN_9065545,False,False,False,False,False
TXN_8983531,False,False,False,False,False
TXN_5374866,False,False,False,False,False
TXN_4452311,False,False,False,False,False
TXN_9509879,False,False,False,False,False
TXN_5171621,False,False,False,False,False
TXN_7279836,False,False,False,False,False
TXN_6734279,False,False,False,False,False
TXN_4558801,False,False,False,False,False
TXN_2666524,False,False,False,False,False
TXN_4182653,False,True,True,True,True
TXN_9931724,False,False,False,False,False
TXN_3503166,False,False,False,False,False
TXN_9333754,False,False,False,False,False
TXN_6945963,False,False,False,False,False
TXN_2485997,False,False,False,False,False
TXN_6319740,False,False,False,False,False
TXN_6008493,False,False,False,False,False
TXN_4506004,False,False,False,False,False
TXN_1289422,False,False,False,False,False
TXN_4783696,False,True,True,True,True
TXN_8041482,False,False,False,False,False
TXN_3766245,False,False,False,False,False
TXN_5633288,False,False,False,False,False
TXN_3268863,False,False,False,False,False
TXN_2483851,False,False,False,False,False
TXN_3312414,False,False,False,False,False
TXN_9136172,False,False,False,False,False
TXN_9648976,True,False,False,False,False
TXN_6691072,False,False,False,False,False
TXN_3173361,False,False,False,False,False
TXN_3869362,False,False,False,False,False
TXN_8938382,False,False,False,False,False
TXN_4628551,False,False,False,False,False
TXN_7282686,False,False,False,False,False
TXN_9032264,False,False,False,False,False
TXN_6388954,False,False,False,False,False
TXN_2850974,False,False,False,False,False
TXN_9850588,False,False,False,False,False
TXN_8864272,False,False,False,False,False
TXN_1208768,True,False,False,False,False
TXN_4905063,False,False,False,False,False
TXN_9835299,True,False,False,False,False
TXN_9574817,False,False,False,False,False
TXN_5525894,False,False,False,False,False
TXN_8783459,False,False,False,False,False
TXN_7193311,False,False,False,False,False
TXN_4071141,False,True,True,True,True
TXN_9350737,False,False,False,False,False
TXN_4839344,False,False,False,False,False
TXN_1521269,False,False,False,False,False
TXN_7107116,False,False,False,False,False
TXN_1756302,False,False,False,False,False
TXN_7574833,False,False,False,False,False
TXN_6500682,False,False,False,False,False
TXN_5200496,False,False,False,False,False
TXN_9635473,False,False,False,False,False
TXN_8050462,False,False,False,False,False
TXN_4041690,False,True,True,True,True
TXN_8869237,False,False,False,False,False
TXN_8836103,False,False,False,False,False
TXN_1809291,False,False,False,False,False
TXN_6981443,False,False,False,False,False
TXN_9993612,False,False,False,False,False
TXN_7765581,False,False,False,False,False
TXN_5021310,False,False,False,False,False
TXN_5101986,False,True,True,True,True
TXN_3243189,False,False,False,False,False
TXN_9533237,False,False,False,False,False
TXN_3443190,False,False,False,False,False
TXN_3435432,True,False,False,False,False
TXN_3008761,False,False,False,False,False
TXN_4534121,False,False,False,False,False
TXN_1927605,False,False,False,False,False
TXN_9425683,False,False,False,False,False
TXN_4984534,False,False,False,False,False
TXN_7224309,False,False,False,False,False
TXN_1132569,False,False,False,False,False
TXN_4085222,False,False,False,False,False
TXN_7752590,False,False,False,False,False
TXN_8782421,False,False,False,False,False
TXN_9216790,False,False,False,False,False
TXN_7780264,False,False,False,False,False
TXN_6087945,False,False,False,False,False
TXN_5582053,False,False,False,False,False
TXN_1908528,False,False,False,False,False
TXN_7797020,False,False,False,False,False
TXN_4183197,False,False,False,False,False
TXN_8607752,False,False,False,False,False
TXN_7321205,False,False,False,False,False
TXN_2532729,False,True,True,True,True
TXN_8877404,False,False,False,False,False
TXN_4033040,False,False,False,False,False
TXN_9944884,False,False,False,False,False
TXN_9545024,False,False,False,False,False
TXN_1681196,False,False,False,False,False
TXN_4678063,False,False,False,False,False
TXN_2944457,False,False,False,False,False
TXN_8653690,False,False,False,False,False
TXN_2882452,False,False,False,False,False
TXN_7662007,False,False,False,False,False
TXN_6016967,False,False,False,False,False
TXN_5449536,False,False,False,False,False
TXN_6797156,False,False,False,False,False
TXN_2327830,False,False,False,False,False
TXN_5591807,False,False,False,False,False
TXN_8335588,False,False,False,False,False
TXN_6396944,False,False,False,False,False
TXN_2690184,False,False,False,False,False
TXN_7305728,False,False,False,False,False
TXN_9389617,False,False,False,False,False
TXN_2080372,False,False,False,False,False
TXN_7192218,False,False,False,False,False
TXN_3416118,False,False,False,False,False
TXN_2605225,False,False,False,False,False
TXN_1709998,False,False,False,False,False
TXN_4283867,False,False,False,False,False
TXN_4521044,False,False,False,False,False
TXN_7189011,False,False,False,False,False
TXN_3001816,False,False,False,False,False
TXN_1903317,False,False,False,False,False
TXN_2653788,False,False,False,False,False
TXN_8900578,False,False,False,False,False
TXN_1450262,False,False,False,False,False
TXN_1772393,False,False,False,False,False
TXN_3344378,False,False,False,False,False
TXN_9727196,False,False,False,False,False
TXN_7424367,False,False,False,False,False
TXN_3624008,False,False,False,False,False
TXN_9431847,False,False,False,False,False
TXN_8007376,False,False,False,False,False
TXN_7291543,False,False,False,False,False
TXN_6124315,False,False,False,False,False
TXN_6873471,False,False,False,False,False
TXN_2893975,False,False,False,False,False
TXN_1596330,False,False,False,False,False
TXN_2527115,False,False,False,False,False
TXN_7478809,False,False,False,False,False
TXN_4443367,False,False,False,False,False
TXN_8846213,False,False,False,False,False
TXN_3315463,False,False,False,False,False
TXN_7390479,False,False,False,False,False
TXN_7130562,False,False,False,False,False
TXN_7004172,False,False,False,False,False
TXN_5806136,False,False,False,False,False
TXN_6821504,False,False,False,False,False
TXN_8017386,False,False,False,False,False
TXN_9979272,False,False,False,False,False
TXN_5773604,False,False,False,False,False
TXN_2219704,False,False,False,False,False
TXN_7151856,False,False,False,False,False
TXN_2239008,False,False,False,False,False
TXN_4568724,False,False,False,False,False
TXN_5192766,False,False,False,False,False
TXN_8203879,False,False,False,False,False
TXN_5703601,False,False,False,False,False
TXN_9342543,False,False,False,False,False
TXN_1966846,False,False,False,False,False
TXN_4658659,False,True,True,True,True
TXN_5307105,False,False,False,False,False
TXN_6108090,False,False,False,False,False
TXN_1402864,False,False,False,False,False
TXN_2090388,True,False,False,False,False
TXN_6083435,False,False,False,False,False
TXN_1405939,False,False,False,False,False
TXN_8126584,False,False,False,False,False
TXN_3812790,False,False,False,False,False
TXN_7458829,False,False,False,False,False
TXN_5721746,False,False,False,False,False
TXN_6360570,False,False,False,False,False
TXN_5444304,False,False,False,False,False
TXN_4537208,False,False,False,False,False
TXN_4593029,False,True,True,True,True
TXN_2991066,False,False,False,False,False
TXN_5728167,False,False,False,False,False
TXN_7871836,False,False,False,False,False
TXN_7133484,False,False,False,False,False
TXN_6386294,False,False,False,False,False
TXN_9869914,False,False,False,False,False
TXN_3287970,False,False,False,False,False
TXN_5358578,False,False,False,False,False
TXN_2216540,False,False,False,False,False
TXN_8932922,False,False,False,False,False
TXN_8883231,False,True,True,True,True
TXN_6166231,False,False,False,False,False
TXN_9369104,False,False,False,False,False
TXN_9454768,False,False,False,False,False
TXN_3832517,False,False,False,False,False
TXN_3508176,False,False,False,False,False
TXN_3647376,False,False,False,False,False
TXN_7075750,False,False,False,False,False
TXN_4425254,False,False,False,False,False
TXN_3892749,False,False,False,False,False
TXN_7350444,False,False,False,False,False
TXN_5069841,False,False,False,False,False
TXN_2844235,False,False,False,False,False
TXN_1513546,False,False,False,False,False
TXN_1608080,False,False,False,False,False
TXN_1515270,False,False,False,False,False
TXN_9800846,False,False,False,False,False
TXN_3152731,False,False,False,False,False
TXN_5281103,False,False,False,False,False
TXN_8263343,False,False,False,False,False
TXN_1991242,False,False,False,False,False
TXN_7190327,False,False,False,False,False
TXN_2986216,False,False,False,False,False
TXN_2729765,False,False,False,False,False
TXN_2391516,False,False,False,False,False
TXN_9896520,False,False,False,False,False
TXN_5469699,False,False,False,False,False
TXN_3268543,False,False,False,False,False
TXN_1904464,False,False,False,False,False
TXN_5117599,False,False,False,False,False
TXN_8727312,False,False,False,False,False
TXN_6421356,False,False,False,False,False
TXN_8904317,False,False,False,False,False
TXN_5252548,False,False,False,False,False
TXN_6842216,True,False,False,False,False
TXN_9444660,False,False,False,False,False
TXN_2027533,False,False,False,False,False
TXN_9619283,False,True,True,True,True
TXN_6043282,False,False,False,False,False
TXN_5863441,False,False,False,False,False
TXN_6319342,False,False,False,False,False
TXN_7925229,False,False,False,False,False
TXN_8437276,False,False,False,False,False
TXN_1491000,False,False,False,False,False
TXN_2721638,False,False,False,False,False
TXN_8017236,False,False,False,False,False
TXN_9776249,False,False,False,False,False
TXN_7694831,False,False,False,False,False
TXN_7610612,False,False,False,False,False
TXN_5946038,False,False,False,False,False
TXN_9874732,False,False,False,False,False
TXN_5530234,False,False,False,False,False
TXN_5007568,False,False,False,False,False
TXN_7548617,False,False,False,False,False
TXN_7898457,False,False,False,False,False
TXN_2301934,False,False,False,False,False
TXN_8636007,False,False,False,False,False
TXN_6696815,False,False,False,False,False
TXN_6187949,False,False,False,False,False
TXN_4974180,False,False,False,False,False
TXN_4705980,False,False,False,False,False
TXN_4962334,False,False,False,False,False
TXN_1383402,False,False,False,False,False
TXN_1282545,False,False,False,False,False
TXN_1278874,False,False,False,False,False
TXN_1766741,False,False,False,False,False
TXN_3317321,False,False,False,False,False
TXN_9709127,False,False,False,False,False
TXN_7179624,False,False,False,False,False
TXN_6175359,False,False,False,False,False
TXN_1074265,False,False,False,False,False
TXN_8535791,False,False,False,False,False
TXN_4893859,False,False,False,False,False
TXN_7748483,False,False,False,False,False
TXN_9896915,True,False,False,False,False
TXN_2715933,False,False,False,False,False
TXN_6918343,False,False,False,False,False
TXN_3636944,False,False,False,False,False
TXN_8388138,False,False,False,False,False
TXN_4205231,False,False,False,False,False
TXN_8122173,False,False,False,False,False
TXN_6709296,False,False,False,False,False
TXN_7084750,False,True,True,True,True
TXN_8566128,False,False,False,False,False
TXN_4289142,False,False,False,False,False
TXN_9737277,False,False,False,False,False
TXN_8295214,False,False,False,False,False
TXN_8724276,False,False,False,False,False
TXN_5022230,False,False,False,False,False
TXN_9016578,False,False,False,False,False
TXN_6887267,False,False,False,False,False
TXN_5153449,False,False,False,False,False
TXN_5364503,False,False,False,False,False
TXN_6849972,False,False,False,False,False
TXN_2987709,False,False,False,False,False
TXN_6693770,False,False,False,False,False
TXN_8229538,False,False,False,False,False
TXN_4373603,False,False,False,False,False
TXN_4340729,False,False,False,False,False
TXN_3050595,False,False,False,False,False
TXN_8882076,False,True,True,True,True
TXN_7560356,False,False,False,False,False
TXN_5280034,False,False,False,False,False
TXN_5182159,False,False,False,False,False
TXN_4606507,False,False,False,False,False
TXN_1220541,False,True,True,True,True
TXN_6106136,True,False,False,False,False
TXN_5165507,False,False,False,False,False
TXN_4567294,False,True,True,True,True
TXN_2514543,False,True,True,True,True
TXN_6283478,False,False,False,False,False
TXN_9493723,False,False,False,False,False
TXN_4246606,True,False,False,False,False
TXN_5471959,False,False,False,False,False
TXN_4641540,False,False,False,False,False
TXN_4854529,False,False,False,False,False
TXN_2313239,False,False,False,False,False
TXN_5923084,False,False,False,False,False
TXN_9938063,False,False,False,False,False
TXN_5172007,False,False,False,False,False
TXN_5321918,False,False,False,False,False
TXN_1514611,False,False,False,False,False
TXN_9074576,False,False,False,False,False
TXN_8560915,False,False,False,False,False
TXN_9701250,False,False,False,False,False
TXN_6254766,False,False,False,False,False
TXN_6206996,False,True,True,True,True
TXN_6698401,False,False,False,False,False
TXN_7522804,False,False,False,False,False
TXN_4153975,False,False,False,False,False
TXN_6429023,False,False,False,False,False
TXN_9112753,False,False,False,False,False
TXN_8127777,False,True,True,True,True
TXN_1862542,False,False,False,False,False
TXN_3293968,False,False,False,False,False
TXN_6092112,False,False,False,False,False
TXN_1859813,False,False,False,False,False
TXN_5859101,False,False,False,False,False
TXN_9665505,False,False,False,False,False
TXN_8988079,False,False,False,False,False
TXN_8537066,False,False,False,False,False
TXN_9909476,False,False,False,False,False
TXN_2378312,False,False,False,False,False
TXN_8447456,False,False,False,False,False
TXN_9026045,False,False,False,False,False
TXN_3972307,False,False,False,False,False
TXN_6765730,False,False,False,False,False
TXN_1025805,False,False,False,False,False
TXN_7151664,False,False,False,False,False
TXN_1194790,False,False,False,False,False
TXN_2360404,False,False,False,False,False
TXN_3791096,False,False,False,False,False
TXN_1929540,False,False,False,False,False
TXN_5739751,False,False,False,False,False
TXN_7679605,False,False,False,False,False
TXN_7588153,False,False,False,False,False
TXN_1071655,False,False,False,False,False
TXN_1121761,False,False,False,False,False
TXN_7108605,False,False,False,False,False
TXN_1534522,False,False,False,False,False
TXN_8405907,False,False,False,False,False
TXN_5478659,False,False,False,False,False
TXN_1002182,False,False,False,False,False
TXN_8264793,False,False,False,False,False
TXN_5500378,False,False,False,False,False
TXN_1137120,False,False,False,False,False
TXN_6005354,False,False,False,False,False
TXN_4204523,False,False,False,False,False
TXN_2900282,False,False,False,False,False
TXN_7074295,False,False,False,False,False
TXN_4344596,False,True,True,True,True
TXN_6766113,False,False,False,False,False
TXN_4275378,False,False,False,False,False
TXN_1558304,False,False,False,False,False
TXN_6118432,False,False,False,False,False
TXN_1894434,False,False,False,False,False
TXN_1398307,False,False,False,False,False
TXN_7517758,False,False,False,False,False
TXN_6207746,False,False,False,False,False
TXN_8786372,False,False,False,False,False
TXN_2250165,False,False,False,False,False
TXN_3957692,False,False,False,False,False
TXN_3303622,False,False,False,False,False
TXN_7919038,False,False,False,False,False
TXN_7814081,False,False,False,False,False
TXN_7690703,False,False,False,False,False
TXN_5597499,False,False,False,False,False
TXN_4682567,False,False,False,False,False
TXN_9203083,False,False,False,False,False
TXN_8691499,False,False,False,False,False
TXN_2481480,False,False,False,False,False
TXN_7839304,False,False,False,False,False
TXN_4218876,False,False,False,False,False
TXN_1212420,False,False,False,False,False
TXN_2059003,False,False,False,False,False
TXN_5881214,False,False,False,False,False
TXN_5323387,False,False,False,False,False
TXN_5991314,False,False,False,False,False
TXN_3175015,False,False,False,False,False
TXN_5728541,False,True,True,True,True
TXN_9345275,True,False,False,False,False
TXN_8584185,False,False,False,False,False
TXN_2324094,False,True,True,True,True
TXN_4037099,False,False,False,False,False
TXN_2306040,True,False,False,False,False
TXN_7924859,True,False,False,False,False
TXN_2788067,False,True,True,True,True
TXN_9531274,False,False,False,False,False
TXN_6402114,False,False,False,False,False
TXN_5461728,False,False,False,False,False
TXN_6395052,False,False,False,False,False
TXN_7787171,False,False,False,False,False
TXN_1209495,False,False,False,False,False
TXN_5756608,False,False,False,False,False
TXN_1770364,False,False,False,False,False
TXN_6896725,False,False,False,False,False
TXN_4506079,False,False,False,False,False
TXN_1383259,False,False,False,False,False
TXN_2122383,False,False,False,False,False
TXN_1818008,False,False,False,False,False
TXN_3231618,False,False,False,False,False
TXN_7949571,False,False,False,False,False
TXN_8228754,False,False,False,False,False
TXN_8529406,False,False,False,False,False
TXN_3962622,False,False,False,False,False
TXN_4636584,False,False,False,False,False
TXN_1338239,False,False,False,False,False
TXN_5801836,False,False,False,False,False
TXN_9989610,False,False,False,False,False
TXN_7003512,False,False,False,False,False
TXN_8817845,False,False,False,False,False
TXN_3280390,False,False,False,False,False
TXN_7433742,True,False,False,False,False
TXN_2072018,False,False,False,False,False
TXN_8625188,False,False,False,False,False
TXN_8974501,False,False,False,False,False
TXN_7781176,False,False,False,False,False
TXN_9362268,False,False,False,False,False
TXN_1021914,False,False,False,False,False
TXN_7513847,True,False,False,False,False
TXN_5577357,False,False,False,False,False
TXN_6029235,False,False,False,False,False
TXN_1091462,False,False,False,False,False
TXN_4751499,False,False,False,False,False
TXN_8954835,False,False,False,False,False
TXN_6377916,False,False,False,False,False
TXN_9446585,False,False,False,False,False
TXN_9069543,False,False,False,False,False
TXN_5564406,False,False,False,False,False
TXN_1023937,False,False,False,False,False
TXN_3475563,False,False,False,False,False
TXN_8678715,False,False,False,False,False
TXN_4008120,False,False,False,False,False
TXN_7169866,False,False,False,False,False
TXN_8655378,False,False,False,False,False
TXN_8699307,True,False,False,False,False
TXN_1212399,True,False,False,False,False
TXN_3603189,False,False,False,False,False
TXN_2054145,False,False,False,False,False
TXN_3012172,False,False,False,False,False
TXN_9726191,False,False,False,False,False
TXN_5657713,False,False,False,False,False
TXN_2801294,False,False,False,False,False
TXN_4748533,False,False,False,False,False
TXN_8387771,False,False,False,False,False
TXN_8000838,False,False,False,False,False
TXN_1153259,False,False,False,False,False
TXN_2739207,False,False,False,False,False
TXN_6301893,False,False,False,False,False
TXN_3150131,False,False,False,False,False
TXN_3628073,False,False,False,False,False
TXN_4517752,True,False,False,False,False
TXN_4166938,False,False,False,False,False
TXN_3576295,False,False,False,False,False
TXN_6116884,False,False,False,False,False
TXN_7075399,False,False,False,False,False
TXN_2331907,False,False,False,False,False
TXN_1980053,False,False,False,False,False
TXN_5678403,False,False,False,False,False
TXN_9379604,False,False,False,False,False
TXN_5721686,False,False,False,False,False
TXN_2256891,False,False,False,False,False
TXN_4224556,False,False,False,False,False
TXN_7577279,False,False,False,False,False
TXN_7354091,False,True,True,True,True
TXN_8697140,False,True,True,True,True
TXN_3077868,False,False,False,False,False
TXN_8752043,False,False,False,False,False
TXN_3066671,False,False,False,False,False
TXN_1518573,False,False,False,False,False
TXN_5311325,False,True,True,True,True
TXN_8437627,False,False,False,False,False
TXN_3833011,False,False,False,False,False
TXN_2663704,False,False,False,False,False
TXN_2069336,False,False,False,False,False
TXN_8615080,False,False,False,False,False
TXN_6615723,False,False,False,False,False
TXN_9646389,False,True,True,True,True
TXN_9731608,False,False,False,False,False
TXN_4324046,False,False,False,False,False
TXN_3192489,False,False,False,False,False
TXN_5141030,True,False,False,False,False
TXN_2848161,False,False,False,False,False
TXN_5100596,False,False,False,False,False
TXN_2321189,False,False,False,False,False
TXN_5592067,False,False,False,False,False
TXN_6651159,False,False,False,False,False
TXN_4199715,False,False,False,False,False
TXN_6510149,False,False,False,False,False
TXN_5219312,False,False,False,False,False
TXN_7536902,False,False,False,False,False
TXN_5553241,False,False,False,False,False
TXN_1235721,False,False,False,False,False
TXN_4656191,False,False,False,False,False
TXN_3220505,False,False,False,False,False
TXN_6115131,False,False,False,False,False
TXN_6053836,False,False,False,False,False
TXN_1402550,False,True,True,True,True
TXN_9416079,False,False,False,False,False
TXN_6685616,False,False,False,False,False
TXN_2222267,False,False,False,False,False
TXN_8381171,False,False,False,False,False
TXN_9434303,True,False,False,False,False
TXN_2449565,False,False,False,False,False
TXN_5308350,False,False,False,False,False
TXN_7670020,False,False,False,False,False
TXN_6739031,False,True,True,True,True
TXN_5459334,False,False,False,False,False
TXN_2497415,False,False,False,False,False
TXN_3434264,True,False,False,False,False
TXN_6980149,False,False,False,False,False
TXN_5458562,True,False,False,False,False
TXN_2070726,False,False,False,False,False
TXN_4832015,False,False,False,False,False
TXN_2714155,False,False,False,False,False
TXN_5984083,True,False,False,False,False
TXN_3362535,False,False,False,False,False
TXN_8805006,False,False,False,False,False
TXN_6045260,False,False,False,False,False
TXN_5704093,False,False,False,False,False
TXN_2882366,False,False,False,False,False
TXN_6531036,False,False,False,False,False
TXN_9460532,False,False,False,False,False
TXN_4043491,False,False,False,False,False
TXN_8225628,False,False,False,False,False
TXN_5502375,False,False,False,False,False
TXN_1312186,False,False,False,False,False
TXN_9365954,False,False,False,False,False
TXN_7942853,False,False,False,False,False
TXN_6176256,False,False,False,False,False
TXN_8157793,False,False,False,False,False
TXN_3671598,False,False,False,False,False
TXN_1803617,False,False,False,False,False
TXN_9481338,False,False,False,False,False
TXN_7017414,False,False,False,False,False
TXN_6877528,False,False,False,False,False
TXN_4122441,False,False,False,False,False
TXN_5799921,False,False,False,False,False
TXN_3664114,False,False,False,False,False
TXN_1360187,False,False,False,False,False
TXN_9413476,False,False,False,False,False
TXN_1135069,False,False,False,False,False
TXN_3363826,False,False,False,False,False
TXN_9629561,False,False,False,False,False
TXN_5210678,False,False,False,False,False
TXN_2027461,False,False,False,False,False
TXN_8489499,False,False,False,False,False
TXN_9001718,False,False,False,False,False
TXN_2458841,False,False,False,False,False
TXN_6371483,False,False,False,False,False
TXN_5944536,True,False,False,False,False
TXN_9410689,False,False,False,False,False
TXN_8239509,False,False,False,False,False
TXN_4574595,False,False,False,False,False
TXN_2131741,False,False,False,False,False
TXN_5717466,False,False,False,False,False
TXN_2519309,False,False,False,False,False
TXN_9550434,False,False,False,False,False
TXN_5486919,False,False,False,False,False
TXN_6806724,False,False,False,False,False
TXN_9017801,False,True,True,True,True
TXN_1319354,False,False,False,False,False
TXN_4975949,False,False,False,False,False
TXN_3455432,False,False,False,False,False
TXN_4832164,False,False,False,False,False
TXN_3581464,False,False,False,False,False
TXN_4290067,False,False,False,False,False
TXN_5602800,False,False,False,False,False
TXN_2826177,False,False,False,False,False
TXN_5521089,False,False,False,False,False
TXN_9237182,False,False,False,False,False
TXN_6593922,False,False,False,False,False
TXN_4011197,False,False,False,False,False
TXN_2748100,False,False,False,False,False
TXN_8463949,False,False,False,False,False
TXN_9205907,False,False,False,False,False
TXN_7556903,False,False,False,False,False
TXN_2161304,False,False,False,False,False
TXN_9532162,False,False,False,False,False
TXN_3499944,False,False,False,False,False
TXN_4454635,False,False,False,False,False
TXN_9682527,False,False,False,False,False
TXN_5017130,True,False,False,False,False
TXN_2234088,False,False,False,False,False
TXN_7783626,False,True,True,True,True
TXN_2442220,False,False,False,False,False
TXN_9233022,False,False,False,False,False
TXN_2407194,False,False,False,False,False
TXN_7472803,False,False,False,False,False
TXN_3554015,False,False,False,False,False
TXN_6934967,False,False,False,False,False
TXN_9282140,False,False,False,False,False
TXN_4974891,False,False,False,False,False
TXN_3425466,False,False,False,False,False
TXN_8569061,False,False,False,False,False
TXN_9118242,False,False,False,False,False
TXN_8070639,False,False,False,False,False
TXN_3525754,False,False,False,False,False
TXN_4279673,False,False,False,False,False
TXN_5035012,False,False,False,False,False
TXN_2602744,False,False,False,False,False
TXN_8858265,False,False,False,False,False
TXN_8884438,False,False,False,False,False
TXN_1558480,False,False,False,False,False
TXN_5732366,False,False,False,False,False
TXN_3066628,False,False,False,False,False
TXN_2525596,False,False,False,False,False
TXN_5582373,False,False,False,False,False
TXN_1238927,False,False,False,False,False
TXN_5629281,False,False,False,False,False
TXN_5824634,False,False,False,False,False
TXN_4443574,False,True,True,True,True
TXN_1423789,False,False,False,False,False
TXN_3958528,False,False,False,False,False
TXN_2501720,False,False,False,False,False
TXN_7075397,False,False,False,False,False
TXN_9621073,False,False,False,False,False
TXN_3138109,False,False,False,False,False
TXN_5601134,False,False,False,False,False
TXN_8229465,False,False,False,False,False
TXN_5152688,False,False,False,False,False
TXN_1869204,False,False,False,False,False
TXN_4024714,False,True,True,True,True
TXN_8151129,False,False,False,False,False
TXN_3839719,False,False,False,False,False
TXN_5000043,False,False,False,False,False
TXN_8667891,False,False,False,False,False
TXN_3882852,True,False,False,False,False
TXN_9369677,False,False,False,False,False
TXN_1540809,False,False,False,False,False
TXN_4425516,False,False,False,False,False
TXN_6734375,False,False,False,False,False
TXN_6780379,False,False,False,False,False
TXN_8623799,False,False,False,False,False
TXN_1316715,False,False,False,False,False
TXN_6560074,False,False,False,False,False
TXN_4185893,False,False,False,False,False
TXN_8700100,False,False,False,False,False
TXN_5555336,False,False,False,False,False
TXN_5172276,False,False,False,False,False
TXN_9967438,False,False,False,False,False
TXN_2929525,False,False,False,False,False
TXN_1974758,False,False,False,False,False
TXN_6696792,False,False,False,False,False
TXN_2414726,False,False,False,False,False
TXN_1248449,False,False,False,False,False
TXN_1018578,False,False,False,False,False
TXN_8595871,False,True,True,True,True
TXN_2940238,False,False,False,False,False
TXN_5102434,False,True,True,True,True
TXN_7365869,False,False,False,False,False
TXN_8331386,False,False,False,False,False
TXN_4533445,False,False,False,False,False
TXN_1796772,False,False,False,False,False
TXN_5356491,False,False,False,False,False
TXN_1901981,False,False,False,False,False
TXN_5027059,False,False,False,False,False
TXN_2684604,False,False,False,False,False
TXN_6591705,False,False,False,False,False
TXN_6834397,True,False,False,False,False
TXN_3684265,False,False,False,False,False
TXN_1852878,False,False,False,False,False
TXN_6954438,False,False,False,False,False
TXN_6064040,False,False,False,False,False
TXN_6559162,False,False,False,False,False
TXN_6510550,False,False,False,False,False
TXN_9870030,False,False,False,False,False
TXN_7918707,False,False,False,False,False
TXN_8393818,False,False,False,False,False
TXN_1212058,False,False,False,False,False
TXN_3476786,False,False,False,False,False
TXN_7272038,False,False,False,False,False
TXN_2271740,False,False,False,False,False
TXN_4324860,False,False,False,False,False
TXN_6981473,False,True,True,True,True
TXN_5189317,False,False,False,False,False
TXN_5936766,False,False,False,False,False
TXN_5913491,False,False,False,False,False
TXN_2221233,False,False,False,False,False
TXN_2477784,False,False,False,False,False
TXN_5559800,False,False,False,False,False
TXN_5210938,False,False,False,False,False
TXN_2279017,False,False,False,False,False
TXN_3085712,False,False,False,False,False
TXN_8890563,True,False,False,False,False
TXN_6036571,False,False,False,False,False
TXN_5142790,False,False,False,False,False
TXN_2253495,False,False,False,False,False
TXN_2374919,False,False,False,False,False
TXN_9810114,False,False,False,False,False
TXN_7824771,False,False,False,False,False
TXN_5389189,False,False,False,False,False
TXN_1029810,False,False,False,False,False
TXN_1993899,False,False,False,False,False
TXN_5702698,False,False,False,False,False
TXN_8867435,False,False,False,False,False
TXN_7346385,True,False,False,False,False
TXN_1475185,False,False,False,False,False
TXN_4098880,False,False,False,False,False
TXN_6246140,False,False,False,False,False
TXN_2939458,False,False,False,False,False
TXN_6554226,False,False,False,False,False
TXN_7064137,False,False,False,False,False
TXN_8081444,False,False,False,False,False
TXN_6275399,False,False,False,False,False
TXN_7853798,False,False,False,False,False
TXN_6034757,True,False,False,False,False
TXN_5526147,False,False,False,False,False
TXN_6917797,False,False,False,False,False
TXN_6873857,False,False,False,False,False
TXN_1361319,False,False,False,False,False
TXN_3294760,False,False,False,False,False
TXN_4509243,False,False,False,False,False
TXN_3829487,False,False,False,False,False
TXN_5613059,False,False,False,False,False
TXN_3139209,False,False,False,False,False
TXN_2738816,False,False,False,False,False
TXN_3679987,False,False,False,False,False
TXN_5671863,False,False,False,False,False
TXN_6071236,False,False,False,False,False
TXN_7745510,False,False,False,False,False
TXN_2543244,False,False,False,False,False
TXN_2983797,False,False,False,False,False
TXN_9684520,False,False,False,False,False
TXN_3782657,False,False,False,False,False
TXN_8405875,False,False,False,False,False
TXN_8156939,False,False,False,False,False
TXN_8910219,False,False,False,False,False
TXN_3437398,False,False,False,False,False
TXN_6383474,False,False,False,False,False
TXN_5122095,False,False,False,False,False
TXN_5321202,False,False,False,False,False
TXN_8583611,False,False,False,False,False
TXN_8203314,False,False,False,False,False
TXN_4475205,False,False,False,False,False
TXN_7755695,False,False,False,False,False
TXN_6931437,False,False,False,False,False
TXN_4641713,False,False,False,False,False
TXN_8855788,False,False,False,False,False
TXN_7331082,False,False,False,False,False
TXN_4805062,False,False,False,False,False
TXN_5498271,False,True,True,True,True
TXN_4350432,False,False,False,False,False
TXN_1334354,False,False,False,False,False
TXN_9493702,True,False,False,False,False
TXN_3147712,False,False,False,False,False
TXN_1432078,False,False,False,False,False
TXN_4064764,False,False,False,False,False
TXN_1365756,False,False,False,False,False
TXN_1508098,False,False,False,False,False
TXN_6663420,True,False,False,False,False
TXN_6661813,False,False,False,False,False
TXN_6569843,False,False,False,False,False
TXN_8760430,False,False,False,False,False
TXN_7385950,False,False,False,False,False
TXN_5405178,False,False,False,False,False
TXN_3038270,True,False,False,False,False
TXN_6392444,False,False,False,False,False
TXN_7582930,False,False,False,False,False
TXN_6234282,False,False,False,False,False
TXN_5103418,False,True,True,True,True
TXN_9276432,False,True,True,True,True
TXN_1471121,False,False,False,False,False
TXN_3398355,False,False,False,False,False
TXN_3546074,False,False,False,False,False
TXN_6564035,False,False,False,False,False
TXN_5162382,False,True,True,True,True
TXN_8868085,False,True,True,True,True
TXN_8575100,False,False,False,False,False
TXN_5002416,False,False,False,False,False
TXN_9594272,False,False,False,False,False
TXN_6012250,False,False,False,False,False
TXN_9115040,False,False,False,False,False
TXN_8089893,False,False,False,False,False
TXN_5386801,False,False,False,False,False
TXN_7936044,False,False,False,False,False
TXN_9062805,False,False,False,False,False
TXN_2506516,False,False,False,False,False
TXN_4541742,False,False,False,False,False
TXN_7358459,False,False,False,False,False
TXN_8729164,False,False,False,False,False
TXN_3968711,False,False,False,False,False
TXN_6533713,False,False,False,False,False
TXN_7816064,False,False,False,False,False
TXN_6519351,False,False,False,False,False
TXN_3617341,False,False,False,False,False
TXN_3206633,False,False,False,False,False
TXN_5543548,False,False,False,False,False
TXN_5088182,False,False,False,False,False
TXN_8943264,False,False,False,False,False
TXN_3874098,False,False,False,False,False
TXN_1744579,False,False,False,False,False
TXN_7516721,False,False,False,False,False
TXN_5687979,False,False,False,False,False
TXN_8744758,False,False,False,False,False
TXN_2561399,False,False,False,False,False
TXN_1539411,False,True,True,True,True
TXN_9984609,False,False,False,False,False
TXN_2591666,False,False,False,False,False
TXN_8954012,False,False,False,False,False
TXN_2493076,False,False,False,False,False
TXN_5246508,False,False,False,False,False
TXN_5763958,False,False,False,False,False
TXN_9644882,False,False,False,False,False
TXN_2201759,True,False,False,False,False
TXN_1351465,False,False,False,False,False
TXN_3814482,False,False,False,False,False
TXN_4078421,False,False,False,False,False
TXN_4854565,False,False,False,False,False
TXN_9776299,False,False,False,False,False
TXN_3456742,False,False,False,False,False
TXN_3812778,False,False,False,False,False
TXN_5834095,False,False,False,False,False
TXN_7480606,False,False,False,False,False
TXN_3511587,False,False,False,False,False
TXN_4372415,False,False,False,False,False
TXN_8912253,False,False,False,False,False
TXN_2167451,False,False,False,False,False
TXN_3429602,False,False,False,False,False
TXN_9937951,False,False,False,False,False
TXN_4605857,False,False,False,False,False
TXN_8083639,False,False,False,False,False
TXN_2524004,False,False,False,False,False
TXN_9766336,False,False,False,False,False
TXN_2859355,False,False,False,False,False
TXN_6712220,False,False,False,False,False
TXN_4875549,False,False,False,False,False
TXN_9251125,False,False,False,False,False
TXN_8188865,False,False,False,False,False
TXN_3043096,False,False,False,False,False
TXN_2109158,False,False,False,False,False
TXN_4494003,False,False,False,False,False
TXN_6018241,False,False,False,False,False
TXN_3087440,True,False,False,False,False
TXN_8115206,False,False,False,False,False
TXN_6508162,True,False,False,False,False
TXN_8804518,False,False,False,False,False
TXN_1933813,False,False,False,False,False
TXN_8614470,False,False,False,False,False
TXN_4882373,False,False,False,False,False
TXN_3579349,False,False,False,False,False
TXN_2890875,False,False,False,False,False
TXN_7486518,False,False,False,False,False
TXN_4312233,False,False,False,False,False
TXN_5502229,False,False,False,False,False
TXN_5965598,False,False,False,False,False
TXN_8849165,False,False,False,False,False
TXN_7915287,False,False,False,False,False
TXN_9712750,False,False,False,False,False
TXN_5187009,False,False,False,False,False
TXN_6397794,False,False,False,False,False
TXN_5433450,False,False,False,False,False
TXN_4004210,False,False,False,False,False
TXN_8762559,False,False,False,False,False
TXN_4527650,False,False,False,False,False
TXN_5474573,False,False,False,False,False
TXN_3228673,False,False,False,False,False
TXN_1377253,False,False,False,False,False
TXN_8864012,False,False,False,False,False
TXN_7133661,False,True,True,True,True
TXN_3689994,False,False,False,False,False
TXN_4860309,False,False,False,False,False
TXN_9708536,False,False,False,False,False
TXN_7640925,False,False,False,False,False
TXN_3409900,False,False,False,False,False
TXN_9633310,False,False,False,False,False
TXN_2509128,False,False,False,False,False
TXN_4665475,False,False,False,False,False
TXN_1495462,True,False,False,False,False
TXN_5111334,False,False,False,False,False
TXN_2508788,False,False,False,False,False
TXN_6569285,False,False,False,False,False
TXN_5420133,False,False,False,False,False
TXN_9531538,False,False,False,False,False
TXN_1688684,False,False,False,False,False
TXN_7940860,False,False,False,False,False
TXN_2299451,False,False,False,False,False
TXN_8075435,False,False,False,False,False
TXN_2237944,False,False,False,False,False
TXN_2252793,False,False,False,False,False
TXN_5525208,False,False,False,False,False
TXN_6509903,False,False,False,False,False
TXN_8536862,False,False,False,False,False
TXN_6702052,False,False,False,False,False
TXN_4364454,False,False,False,False,False
TXN_1532460,False,True,True,True,True
TXN_3163611,False,False,False,False,False
TXN_1814333,False,False,False,False,False
TXN_9329582,False,False,False,False,False
TXN_5509504,True,False,False,False,False
TXN_3346189,False,False,False,False,False
TXN_3871665,False,False,False,False,False
TXN_6580825,False,False,False,False,False
TXN_9897874,False,False,False,False,False
TXN_7535754,False,False,False,False,False
TXN_9188139,False,False,False,False,False
TXN_8899500,False,False,False,False,False
TXN_9457212,False,False,False,False,False
TXN_4217069,False,False,False,False,False
TXN_3987547,False,False,False,False,False
TXN_2234221,False,False,False,False,False
TXN_6761886,False,False,False,False,False
TXN_7086211,False,False,False,False,False
TXN_2482739,False,False,False,False,False
TXN_3396169,False,False,False,False,False
TXN_1119796,False,False,False,False,False
TXN_5230472,False,False,False,False,False
TXN_4642595,False,False,False,False,False
TXN_6614330,False,False,False,False,False
TXN_5989344,False,False,False,False,False
TXN_9353467,False,False,False,False,False
TXN_8392495,False,False,False,False,False
TXN_8026398,False,False,False,False,False
TXN_3379956,False,True,True,True,True
TXN_2221521,False,False,False,False,False
TXN_5955516,False,False,False,False,False
TXN_8688591,False,False,False,False,False
TXN_1442308,False,True,True,True,True
TXN_8858571,False,False,False,False,False
TXN_8609493,False,False,False,False,False
TXN_8515639,False,False,False,False,False
TXN_2783188,False,False,False,False,False
TXN_5478774,False,False,False,False,False
TXN_1495602,True,False,False,False,False
TXN_4766823,False,False,False,False,False
TXN_7785972,False,True,True,True,True
TXN_9632140,False,False,False,False,False
TXN_4187431,False,True,True,True,True
TXN_6018998,False,False,False,False,False
TXN_2940482,False,False,False,False,False
TXN_7272018,False,False,False,False,False
TXN_6355229,False,False,False,False,False
TXN_6432290,True,False,False,False,False
TXN_6852631,False,False,False,False,False
TXN_9699186,False,False,False,False,False
TXN_6383890,True,False,False,False,False
TXN_3655349,False,False,False,False,False
TXN_2057102,False,False,False,False,False
TXN_4379015,False,False,False,False,False
TXN_5923282,False,False,False,False,False
TXN_4867015,False,False,False,False,False
TXN_3415090,False,True,True,True,True
TXN_8868040,False,False,False,False,False
TXN_9080064,False,False,False,False,False
TXN_5020561,False,True,True,True,True
TXN_1891225,False,False,False,False,False
TXN_9088118,False,False,False,False,False
TXN_7586947,False,False,False,False,False
TXN_1945001,False,True,True,True,True
TXN_7428358,False,False,False,False,False
TXN_6573538,False,False,False,False,False
TXN_3246191,False,False,False,False,False
TXN_6243402,False,False,False,False,False
TXN_7663071,False,False,False,False,False
TXN_6832172,False,False,False,False,False
TXN_5912657,False,False,False,False,False
TXN_5375740,False,False,False,False,False
TXN_8937865,False,False,False,False,False
TXN_1581970,False,False,False,False,False
TXN_8821770,False,False,False,False,False
TXN_7187748,False,False,False,False,False
TXN_6530143,True,False,False,False,False
TXN_3672693,False,False,False,False,False
TXN_4488468,False,False,False,False,False
TXN_3943092,False,False,False,False,False
TXN_4500615,False,False,False,False,False
TXN_6020454,False,False,False,False,False
TXN_4512472,False,False,False,False,False
TXN_4419343,False,False,False,False,False
TXN_6063963,False,False,False,False,False
TXN_1193688,False,False,False,False,False
TXN_7904450,False,False,False,False,False
TXN_6574877,False,False,False,False,False
TXN_9093222,False,False,False,False,False
TXN_4511246,False,False,False,False,False
TXN_9665364,False,False,False,False,False
TXN_2537604,False,False,False,False,False
TXN_8027887,False,False,False,False,False
TXN_2500782,False,False,False,False,False
TXN_9761469,False,False,False,False,False
TXN_7497608,False,False,False,False,False
TXN_5951378,False,False,False,False,False
TXN_3142066,False,False,False,False,False
TXN_1772473,True,False,False,False,False
TXN_6700115,False,False,False,False,False
TXN_8209444,True,False,False,False,False
TXN_2682307,False,False,False,False,False
TXN_4851926,False,False,False,False,False
TXN_6772439,True,False,False,False,False
TXN_6123067,False,False,False,False,False
TXN_1907425,False,False,False,False,False
TXN_8043465,False,False,False,False,False
TXN_3129688,False,False,False,False,False
TXN_5000906,False,False,False,False,False
TXN_4916943,False,False,False,False,False
TXN_4597899,False,False,False,False,False
TXN_8297254,False,False,False,False,False
TXN_6492305,False,False,False,False,False
TXN_9381194,False,False,False,False,False
TXN_8964461,False,False,False,False,False
TXN_3290537,False,False,False,False,False
TXN_4600404,False,False,False,False,False
TXN_2502580,False,False,False,False,False
TXN_1203139,False,False,False,False,False
TXN_7102763,False,False,False,False,False
TXN_1611841,False,False,False,False,False
TXN_6816540,False,False,False,False,False
TXN_3235383,False,False,False,False,False
TXN_2283732,False,False,False,False,False
TXN_3841567,True,False,False,False,False
TXN_2078985,False,False,False,False,False
TXN_3565022,False,False,False,False,False
TXN_1532731,False,False,False,False,False
TXN_6400673,False,False,False,False,False
TXN_1390989,False,False,False,False,False
TXN_4772232,False,False,False,False,False
TXN_8402616,False,False,False,False,False
TXN_4677874,False,False,False,False,False
TXN_5938374,False,False,False,False,False
TXN_2826822,False,False,False,False,False
TXN_4412872,False,False,False,False,False
TXN_9756944,False,False,False,False,False
TXN_1675317,False,False,False,False,False
TXN_7340887,False,False,False,False,False
TXN_6434099,False,True,True,True,True
TXN_3481920,False,False,False,False,False
TXN_4268375,False,False,False,False,False
TXN_8358524,False,False,False,False,False
TXN_9275757,False,False,False,False,False
TXN_1076981,False,False,False,False,False
TXN_9043280,False,False,False,False,False
TXN_2733978,False,False,False,False,False
TXN_1297496,False,False,False,False,False
TXN_9509161,False,False,False,False,False
TXN_8789567,False,False,False,False,False
TXN_2114492,False,False,False,False,False
TXN_1588521,False,False,False,False,False
TXN_5400932,False,False,False,False,False
TXN_3978068,False,False,False,False,False
TXN_2758823,True,False,False,False,False
TXN_1897179,False,False,False,False,False
TXN_4538100,False,False,False,False,False
TXN_6566133,True,False,False,False,False
TXN_9348084,False,False,False,False,False
TXN_2118875,False,True,True,True,True
TXN_5229606,False,False,False,False,False
TXN_8467501,False,False,False,False,False
TXN_2418632,False,False,False,False,False
TXN_5451213,False,False,False,False,False
TXN_3923323,False,False,False,False,False
TXN_4563119,True,False,False,False,False
TXN_5570665,False,False,False,False,False
TXN_7727335,False,False,False,False,False
TXN_1500424,False,False,False,False,False
TXN_9424541,False,False,False,False,False
TXN_2893807,False,False,False,False,False
TXN_5152166,False,False,False,False,False
TXN_6452444,False,False,False,False,False
TXN_4960977,False,False,False,False,False
TXN_7390831,False,False,False,False,False
TXN_3903796,False,False,False,False,False
TXN_3646702,False,False,False,False,False
TXN_5360194,False,False,False,False,False
TXN_4768496,False,False,False,False,False
TXN_3126774,False,False,False,False,False
TXN_5041305,False,True,True,True,True
TXN_5387968,False,False,False,False,False
TXN_9268839,False,False,False,False,False
TXN_1243903,False,False,False,False,False
TXN_7401003,False,False,False,False,False
TXN_8361982,False,False,False,False,False
TXN_6498807,False,False,False,False,False
TXN_9490479,False,False,False,False,False
TXN_8551782,False,False,False,False,False
TXN_4742699,False,False,False,False,False
TXN_1321886,False,False,False,False,False
TXN_1614186,False,False,False,False,False
TXN_4642698,False,False,False,False,False
TXN_3800420,False,True,True,True,True
TXN_9032468,False,False,False,False,False
TXN_4422429,False,False,False,False,False
TXN_9762598,False,False,False,False,False
TXN_5193418,False,False,False,False,False
TXN_8261871,False,False,False,False,False
TXN_5192394,False,False,False,False,False
TXN_3760555,False,False,False,False,False
TXN_9221528,True,False,False,False,False
TXN_8473780,False,False,False,False,False
TXN_2172684,False,False,False,False,False
TXN_1162568,False,False,False,False,False
TXN_7488201,False,False,False,False,False
TXN_2312836,False,False,False,False,False
TXN_9735952,False,False,False,False,False
TXN_6502014,False,False,False,False,False
TXN_8500549,False,False,False,False,False
TXN_2620660,False,False,False,False,False
TXN_6551677,False,False,False,False,False
TXN_5280917,False,True,True,True,True
TXN_6293757,False,False,False,False,False
TXN_5365083,False,False,False,False,False
TXN_6288656,False,False,False,False,False
TXN_4989108,False,False,False,False,False
TXN_1205286,False,False,False,False,False
TXN_4480140,False,False,False,False,False
TXN_6062230,False,False,False,False,False
TXN_2985487,False,False,False,False,False
TXN_6447649,False,False,False,False,False
TXN_8572474,False,False,False,False,False
TXN_3785882,False,False,False,False,False
TXN_8630960,False,False,False,False,False
TXN_1177239,False,False,False,False,False
TXN_4923775,False,False,False,False,False
TXN_3528512,False,False,False,False,False
TXN_5653315,False,False,False,False,False
TXN_7235852,False,False,False,False,False
TXN_8557209,False,False,False,False,False
TXN_3226342,False,False,False,False,False
TXN_3599175,False,False,False,False,False
TXN_1164425,False,False,False,False,False
TXN_1453676,False,False,False,False,False
TXN_4851709,False,False,False,False,False
TXN_9912310,False,False,False,False,False
TXN_7384325,False,False,False,False,False
TXN_7763038,False,False,False,False,False
TXN_4722809,False,False,False,False,False
TXN_3125910,False,False,False,False,False
TXN_9323166,False,False,False,False,False
TXN_9924831,False,False,False,False,False
TXN_5395023,False,False,False,False,False
TXN_9115901,False,False,False,False,False
TXN_7607532,False,False,False,False,False
TXN_8750712,False,False,False,False,False
TXN_3722570,False,False,False,False,False
TXN_7090765,False,False,False,False,False
TXN_7956361,False,False,False,False,False
TXN_5866259,False,False,False,False,False
TXN_9049596,False,False,False,False,False
TXN_5202455,True,False,False,False,False
TXN_8471690,False,False,False,False,False
TXN_5701415,False,False,False,False,False
TXN_1574191,False,True,True,True,True
TXN_2394851,False,False,False,False,False
TXN_6156200,False,False,False,False,False
TXN_5187952,False,False,False,False,False
TXN_6863516,False,False,False,False,False
TXN_7908840,False,False,False,False,False
TXN_6084707,False,False,False,False,False
TXN_8875381,False,False,False,False,False
TXN_7277176,False,False,False,False,False
TXN_9925103,False,False,False,False,False
TXN_2494638,False,False,False,False,False
TXN_2602423,False,False,False,False,False
TXN_4494180,False,False,False,False,False
TXN_3395055,False,False,False,False,False
TXN_5069428,False,False,False,False,False
TXN_9262610,False,False,False,False,False
TXN_9469288,False,False,False,False,False
TXN_1854685,False,False,False,False,False
TXN_7409081,False,False,False,False,False
TXN_5291414,False,False,False,False,False
TXN_2100495,False,False,False,False,False
TXN_4761736,True,False,False,False,False
TXN_7349738,False,False,False,False,False
TXN_6709210,False,False,False,False,False
TXN_7565362,False,False,False,False,False
TXN_2848763,False,False,False,False,False
TXN_8084018,False,False,False,False,False
TXN_4188290,False,False,False,False,False
TXN_7240630,False,False,False,False,False
TXN_8231269,False,False,False,False,False
TXN_1604681,False,False,False,False,False
TXN_3646423,False,False,False,False,False
TXN_6605932,False,False,False,False,False
TXN_7654337,False,False,False,False,False
TXN_7985058,False,False,False,False,False
TXN_5151843,False,False,False,False,False
TXN_8819907,False,False,False,False,False
TXN_8778302,False,False,False,False,False
TXN_5061076,False,False,False,False,False
TXN_6958368,False,False,False,False,False
TXN_9514147,False,False,False,False,False
TXN_1777447,False,False,False,False,False
TXN_9863754,False,False,False,False,False
TXN_2006169,False,False,False,False,False
TXN_6983287,False,False,False,False,False
TXN_8286464,False,False,False,False,False
TXN_1514499,False,False,False,False,False
TXN_1505429,False,False,False,False,False
TXN_6976484,False,False,False,False,False
TXN_6837191,False,False,False,False,False
TXN_2540203,False,False,False,False,False
TXN_5077047,False,False,False,False,False
TXN_7559306,False,False,False,False,False
TXN_2941903,False,False,False,False,False
TXN_3824826,False,False,False,False,False
TXN_4122428,False,False,False,False,False
TXN_9760843,False,False,False,False,False
TXN_7219724,False,False,False,False,False
TXN_8388538,False,False,False,False,False
TXN_1788956,False,False,False,False,False
TXN_5892317,False,False,False,False,False
TXN_6071674,False,False,False,False,False
TXN_8782115,False,False,False,False,False
TXN_5268986,False,False,False,False,False
TXN_4421008,False,False,False,False,False
TXN_7097180,False,False,False,False,False
TXN_6615635,False,True,True,True,True
TXN_2866213,False,False,False,False,False
TXN_3366166,False,False,False,False,False
TXN_1597817,False,False,False,False,False
TXN_9045946,False,False,False,False,False
TXN_8083606,False,False,False,False,False
TXN_6747818,False,False,False,False,False
TXN_1338572,False,False,False,False,False
TXN_7468191,False,False,False,False,False
TXN_8067292,False,False,False,False,False
TXN_1076822,False,False,False,False,False
TXN_8195314,False,False,False,False,False
TXN_4378791,False,False,False,False,False
TXN_1539113,False,False,False,False,False
TXN_3744905,False,False,False,False,False
TXN_9049713,False,False,False,False,False
TXN_9012548,False,True,True,True,True
TXN_7186993,False,False,False,False,False
TXN_8628627,False,False,False,False,False
TXN_8851227,False,False,False,False,False
TXN_7654213,False,False,False,False,False
TXN_3643735,False,False,False,False,False
TXN_8446206,False,False,False,False,False
TXN_3780086,False,False,False,False,False
TXN_9561541,False,False,False,False,False
TXN_3966470,False,False,False,False,False
TXN_4126714,False,False,False,False,False
TXN_6729338,False,False,False,False,False
TXN_9224310,False,True,True,True,True
TXN_2530643,False,False,False,False,False
TXN_3465682,False,False,False,False,False
TXN_7808804,False,False,False,False,False
TXN_7188004,False,False,False,False,False
TXN_3641374,False,False,False,False,False
TXN_1565935,False,False,False,False,False
TXN_9069024,False,False,False,False,False
TXN_8461564,False,False,False,False,False
TXN_9161608,False,False,False,False,False
TXN_8879779,False,False,False,False,False
TXN_4169720,False,False,False,False,False
TXN_4058620,False,False,False,False,False
TXN_9479028,False,False,False,False,False
TXN_2364390,True,False,False,False,False
TXN_9490394,False,False,False,False,False
TXN_7260051,False,False,False,False,False
TXN_8427493,False,False,False,False,False
TXN_8008462,False,False,False,False,False
TXN_2206004,False,False,False,False,False
TXN_2035161,False,False,False,False,False
TXN_6130668,False,True,True,True,True
TXN_1692396,False,False,False,False,False
TXN_8498323,False,False,False,False,False
TXN_1689950,False,False,False,False,False
TXN_7508339,False,False,False,False,False
TXN_9035158,True,False,False,False,False
TXN_3036246,False,False,False,False,False
TXN_7044302,False,False,False,False,False
TXN_5043649,False,False,False,False,False
TXN_6209236,False,False,False,False,False
TXN_4954219,False,False,False,False,False
TXN_5941390,False,False,False,False,False
TXN_8972521,False,False,False,False,False
TXN_5199524,False,False,False,False,False
TXN_1392572,False,False,False,False,False
TXN_4192360,False,False,False,False,False
TXN_3158542,False,False,False,False,False
TXN_5740962,False,False,False,False,False
TXN_3925778,False,False,False,False,False
TXN_5977413,False,False,False,False,False
TXN_5921721,False,False,False,False,False
TXN_4366672,False,False,False,False,False
TXN_2850132,False,False,False,False,False
TXN_8840155,False,False,False,False,False
TXN_9415292,False,False,False,False,False
TXN_5869329,False,False,False,False,False
TXN_8699780,False,False,False,False,False
TXN_4832058,False,False,False,False,False
TXN_5409965,False,False,False,False,False
TXN_2961224,False,False,False,False,False
TXN_9520604,False,False,False,False,False
TXN_7315605,False,False,False,False,False
TXN_5361587,False,False,False,False,False
TXN_7609800,False,False,False,False,False
TXN_6415667,False,False,False,False,False
TXN_4136457,False,False,False,False,False
TXN_9824897,False,False,False,False,False
TXN_5834615,False,False,False,False,False
TXN_7593038,False,False,False,False,False
TXN_9534833,False,False,False,False,False
TXN_2137243,False,False,False,False,False
TXN_8184279,False,False,False,False,False
TXN_2842290,False,False,False,False,False
TXN_2646671,False,False,False,False,False
TXN_2057291,False,False,False,False,False
TXN_8551912,False,False,False,False,False
TXN_3174034,True,False,False,False,False
TXN_2315839,False,False,False,False,False
TXN_5482659,False,False,False,False,False
TXN_5629754,False,False,False,False,False
TXN_4048563,False,False,False,False,False
TXN_2673110,False,False,False,False,False
TXN_3348963,False,False,False,False,False
TXN_4483784,False,False,False,False,False
TXN_6808396,False,False,False,False,False
TXN_9758083,True,False,False,False,False
TXN_4570736,False,False,False,False,False
TXN_5870039,False,False,False,False,False
TXN_7302888,False,False,False,False,False
TXN_7721253,False,False,False,False,False
TXN_3964097,False,False,False,False,False
TXN_1788744,False,False,False,False,False
TXN_1972203,False,False,False,False,False
TXN_7310787,False,False,False,False,False
TXN_6215670,False,False,False,False,False
TXN_3932445,False,False,False,False,False
TXN_4237426,False,False,False,False,False
TXN_3035757,False,False,False,False,False
TXN_7059698,False,False,False,False,False
TXN_2169574,False,False,False,False,False
TXN_9937931,False,False,False,False,False
TXN_4662762,False,False,False,False,False
TXN_2729995,False,False,False,False,False
TXN_8676808,False,False,False,False,False
TXN_5475667,False,False,False,False,False
TXN_4787402,False,False,False,False,False
TXN_5482804,False,False,False,False,False
TXN_8182879,False,False,False,False,False
TXN_7898890,False,False,False,False,False
TXN_7002185,False,False,False,False,False
TXN_7207962,False,False,False,False,False
TXN_4528572,False,False,False,False,False
TXN_3379869,False,False,False,False,False
TXN_9042764,False,False,False,False,False
TXN_2966557,False,False,False,False,False
TXN_4942678,False,False,False,False,False
TXN_1028025,False,False,False,False,False
TXN_2298440,False,False,False,False,False
TXN_3994985,False,False,False,False,False
TXN_1563614,True,False,False,False,False
TXN_9448053,False,False,False,False,False
TXN_8431681,False,False,False,False,False
TXN_9013941,False,False,False,False,False
TXN_5897445,False,False,False,False,False
TXN_1417704,False,False,False,False,False
TXN_8230124,False,False,False,False,False
TXN_6085231,False,False,False,False,False
TXN_1673701,False,False,False,False,False
TXN_3988639,False,False,False,False,False
TXN_7144471,False,False,False,False,False
TXN_9996492,False,False,False,False,False
TXN_9967796,False,False,False,False,False
TXN_4305717,False,False,False,False,False
TXN_2879758,False,False,False,False,False
TXN_1359765,False,False,False,False,False
TXN_1396472,False,False,False,False,False
TXN_5140543,False,False,False,False,False
TXN_9157443,False,False,False,False,False
TXN_9297702,False,False,False,False,False
TXN_7396142,False,False,False,False,False
TXN_3852150,False,False,False,False,False
TXN_4797230,False,True,True,True,True
TXN_6915562,False,False,False,False,False
TXN_3652510,False,False,False,False,False
TXN_8224222,False,False,False,False,False
TXN_3074632,False,False,False,False,False
TXN_6958546,True,False,False,False,False
TXN_9259125,False,False,False,False,False
TXN_1851169,False,False,False,False,False
TXN_5487075,False,False,False,False,False
TXN_9129538,False,False,False,False,False
TXN_4286060,False,False,False,False,False
TXN_9679439,False,False,False,False,False
TXN_3282375,False,False,False,False,False
TXN_1315418,False,False,False,False,False
TXN_9741550,False,False,False,False,False
TXN_5109989,False,False,False,False,False
TXN_8187246,False,False,False,False,False
TXN_7312497,False,True,True,True,True
TXN_3096679,False,True,True,True,True
TXN_2596013,True,False,False,False,False
TXN_4219023,False,True,True,True,True
TXN_9389278,False,False,False,False,False
TXN_9151048,False,False,False,False,False
TXN_9660196,False,False,False,False,False
TXN_1870009,False,False,False,False,False
TXN_2284344,False,False,False,False,False
TXN_9424650,False,False,False,False,False
TXN_4459209,False,False,False,False,False
TXN_7172308,False,False,False,False,False
TXN_6288657,False,False,False,False,False
TXN_5477262,False,False,False,False,False
TXN_6560278,False,False,False,False,False
TXN_1400981,False,False,False,False,False
TXN_8390000,False,True,True,True,True
TXN_3473156,False,False,False,False,False
TXN_7755538,False,False,False,False,False
TXN_3450894,False,True,True,True,True
TXN_2747605,False,False,False,False,False
TXN_6188459,False,False,False,False,False
TXN_2456117,False,False,False,False,False
TXN_8160981,False,False,False,False,False
TXN_9580803,True,False,False,False,False
TXN_5125110,False,True,True,True,True
TXN_4437254,False,False,False,False,False
TXN_7548856,False,False,False,False,False
TXN_5475205,False,False,False,False,False
TXN_7614106,False,False,False,False,False
TXN_7358557,False,False,False,False,False
TXN_9166176,False,False,False,False,False
TXN_2692916,False,False,False,False,False
TXN_1257071,False,False,False,False,False
TXN_8781897,False,False,False,False,False
TXN_1385443,False,False,False,False,False
TXN_1833446,False,False,False,False,False
TXN_9185602,False,False,False,False,False
TXN_8323929,False,False,False,False,False
TXN_3620925,False,False,False,False,False
TXN_5885391,False,False,False,False,False
TXN_5844885,False,False,False,False,False
TXN_4316339,False,False,False,False,False
TXN_1284168,False,False,False,False,False
TXN_9160094,False,False,False,False,False
TXN_3122232,False,False,False,False,False
TXN_9938912,True,False,False,False,False
TXN_4891106,False,False,False,False,False
TXN_7842054,False,False,False,False,False
TXN_5760846,False,False,False,False,False
TXN_8746609,False,False,False,False,False
TXN_2534527,False,False,False,False,False
TXN_4450124,False,False,False,False,False
TXN_1421687,False,False,False,False,False
TXN_7304271,False,False,False,False,False
TXN_3661385,False,True,True,True,True
TXN_8127659,False,False,False,False,False
TXN_4598543,False,False,False,False,False
TXN_6007278,False,False,False,False,False
TXN_1113144,False,False,False,False,False
TXN_3168114,False,False,False,False,False
TXN_8288361,False,False,False,False,False
TXN_5138253,False,False,False,False,False
TXN_9098606,False,False,False,False,False
TXN_4340228,False,False,False,False,False
TXN_9099042,False,False,False,False,False
TXN_6829547,False,False,False,False,False
TXN_4491189,False,False,False,False,False
TXN_3327657,False,False,False,False,False
TXN_5415838,False,False,False,False,False
TXN_6979277,False,True,True,True,True
TXN_8069545,False,False,False,False,False
TXN_1105856,False,False,False,False,False
TXN_9749270,False,False,False,False,False
TXN_8625757,False,False,False,False,False
TXN_5437649,False,False,False,False,False
TXN_7967879,False,False,False,False,False
TXN_1135577,False,False,False,False,False
TXN_7773278,False,True,True,True,True
TXN_4033809,False,False,False,False,False
TXN_7042991,False,False,False,False,False
TXN_2281381,False,False,False,False,False
TXN_2691463,False,False,False,False,False
TXN_7972013,False,False,False,False,False
TXN_5274500,False,False,False,False,False
TXN_5248957,False,False,False,False,False
TXN_5711029,False,False,False,False,False
TXN_7313915,False,False,False,False,False
TXN_7960911,False,False,False,False,False
TXN_1707962,False,False,False,False,False
TXN_2719011,False,False,False,False,False
TXN_8823017,True,False,False,False,False
TXN_7352619,False,False,False,False,False
TXN_4103847,False,False,False,False,False
TXN_1928195,False,False,False,False,False
TXN_4099365,False,False,False,False,False
TXN_7254114,False,False,False,False,False
TXN_6533363,False,False,False,False,False
TXN_6999553,False,False,False,False,False
TXN_4974603,False,False,False,False,False
TXN_4347270,False,False,False,False,False
TXN_6324193,False,False,False,False,False
TXN_4929314,False,True,True,True,True
TXN_5030328,False,False,False,False,False
TXN_9668260,False,False,False,False,False
TXN_6870623,False,False,False,False,False
TXN_2598563,False,False,False,False,False
TXN_7539741,False,False,False,False,False
TXN_7810813,False,False,False,False,False
TXN_8023602,False,False,False,False,False
TXN_1470767,False,False,False,False,False
TXN_6967638,False,False,False,False,False
TXN_3108828,False,False,False,False,False
TXN_4387515,False,False,False,False,False
TXN_6167710,False,False,False,False,False
TXN_9627455,False,False,False,False,False
TXN_3097234,False,False,False,False,False
TXN_4468543,False,False,False,False,False
TXN_4837386,True,False,False,False,False
TXN_3842407,False,False,False,False,False
TXN_8260473,False,False,False,False,False
TXN_7780832,False,True,True,True,True
TXN_5259443,False,False,False,False,False
TXN_4284755,True,False,False,False,False
TXN_5275020,False,False,False,False,False
TXN_9702562,False,False,False,False,False
TXN_9462569,False,False,False,False,False
TXN_6131364,False,False,False,False,False
TXN_1650989,False,False,False,False,False
TXN_9153686,False,False,False,False,False
TXN_4512719,False,False,False,False,False
TXN_3736556,False,False,False,False,False
TXN_1112566,False,False,False,False,False
TXN_6460758,False,False,False,False,False
TXN_5029574,False,False,False,False,False
TXN_7440627,False,False,False,False,False
TXN_8786976,False,False,False,False,False
TXN_2722898,False,False,False,False,False
TXN_1701445,False,False,False,False,False
TXN_6233782,False,True,True,True,True
TXN_1187836,False,True,True,True,True
TXN_5275028,False,False,False,False,False
TXN_2587564,False,False,False,False,False
TXN_8593945,False,False,False,False,False
TXN_7218185,False,False,False,False,False
TXN_4046554,False,False,False,False,False
TXN_8814811,False,False,False,False,False
TXN_8077691,False,False,False,False,False
TXN_1199916,False,True,True,True,True
TXN_2405836,False,False,False,False,False
TXN_9836537,False,False,False,False,False
TXN_7967626,False,False,False,False,False
TXN_6855605,False,False,False,False,False
TXN_5863318,True,False,False,False,False
TXN_8643512,False,False,False,False,False
TXN_1857948,False,False,False,False,False
TXN_5830669,False,False,False,False,False
TXN_9815485,False,False,False,False,False
TXN_6682588,False,True,True,True,True
TXN_4050195,False,False,False,False,False
TXN_7009289,False,False,False,False,False
TXN_3893340,False,False,False,False,False
TXN_9279731,False,False,False,False,False
TXN_8307423,False,False,False,False,False
TXN_6017531,False,False,False,False,False
TXN_6327819,False,False,False,False,False
TXN_2432720,False,False,False,False,False
TXN_3328545,False,False,False,False,False
TXN_9715411,False,False,False,False,False
TXN_8941388,False,False,False,False,False
TXN_6023185,False,False,False,False,False
TXN_9936490,False,False,False,False,False
TXN_7564225,False,True,True,True,True
TXN_8046576,False,False,False,False,False
TXN_8316992,False,False,False,False,False
TXN_1318784,False,False,False,False,False
TXN_7658118,False,False,False,False,False
TXN_9501007,False,False,False,False,False
TXN_6275978,False,False,False,False,False
TXN_1694123,False,False,False,False,False
TXN_1051740,False,False,False,False,False
TXN_1685964,False,False,False,False,False
TXN_4265824,False,False,False,False,False
TXN_7283294,False,False,False,False,False
TXN_5776425,False,False,False,False,False
TXN_8868134,False,False,False,False,False
TXN_7207545,False,False,False,False,False
TXN_5705847,False,False,False,False,False
TXN_9532159,False,False,False,False,False
TXN_6167687,False,False,False,False,False
TXN_2579665,False,False,False,False,False
TXN_5392536,False,False,False,False,False
TXN_8810062,False,False,False,False,False
TXN_6727532,False,False,False,False,False
TXN_3019783,False,False,False,False,False
TXN_1136695,True,False,False,False,False
TXN_7128121,False,False,False,False,False
TXN_9110939,False,False,False,False,False
TXN_6677671,False,False,False,False,False
TXN_3259067,False,False,False,False,False
TXN_3928142,False,True,True,True,True
TXN_6057467,False,False,False,False,False
TXN_3594131,False,False,False,False,False
TXN_1209005,False,False,False,False,False
TXN_5501595,False,False,False,False,False
TXN_8205181,False,False,False,False,False
TXN_5721176,False,False,False,False,False
TXN_6441457,False,False,False,False,False
TXN_7444294,False,False,False,False,False
TXN_5390097,False,False,False,False,False
TXN_4803018,False,False,False,False,False
TXN_3853013,False,True,True,True,True
TXN_5171717,True,False,False,False,False
TXN_5700967,False,False,False,False,False
TXN_9070334,False,False,False,False,False
TXN_1705335,False,False,False,False,False
TXN_8805325,False,False,False,False,False
TXN_7843840,False,False,False,False,False
TXN_7358591,False,False,False,False,False
TXN_3586844,True,False,False,False,False
TXN_3166640,False,False,False,False,False
TXN_8210536,False,False,False,False,False
TXN_7186832,False,False,False,False,False
TXN_2073385,False,False,False,False,False
TXN_6928837,False,False,False,False,False
TXN_1512299,False,False,False,False,False
TXN_3244604,False,False,False,False,False
TXN_1864016,False,True,True,True,True
TXN_3490599,False,False,False,False,False
TXN_8834540,False,False,False,False,False
TXN_6631615,False,False,False,False,False
TXN_1036563,False,False,False,False,False
TXN_2585207,False,False,False,False,False
TXN_7104996,False,False,False,False,False
TXN_6995866,False,False,False,False,False
TXN_4288227,True,False,False,False,False
TXN_2593805,False,False,False,False,False
TXN_7711337,False,False,False,False,False
TXN_3170394,False,False,False,False,False
TXN_3508457,False,False,False,False,False
TXN_2700692,False,False,False,False,False
TXN_9364474,False,False,False,False,False
TXN_7900234,False,False,False,False,False
TXN_5662508,False,False,False,False,False
TXN_9583903,False,False,False,False,False
TXN_1669866,False,False,False,False,False
TXN_6749393,False,False,False,False,False
TXN_7688189,False,False,False,False,False
TXN_4091330,False,False,False,False,False
TXN_1999133,False,False,False,False,False
TXN_7557807,False,False,False,False,False
TXN_8376000,False,False,False,False,False
TXN_8165056,False,False,False,False,False
TXN_2624212,False,False,False,False,False
TXN_4840113,False,False,False,False,False
TXN_7567788,False,False,False,False,False
TXN_6823305,True,False,False,False,False
TXN_4601804,False,False,False,False,False
TXN_4145989,False,False,False,False,False
TXN_1275290,False,False,False,False,False
TXN_3846767,False,False,False,False,False
TXN_2726827,False,False,False,False,False
TXN_8512141,False,False,False,False,False
TXN_4640957,False,False,False,False,False
TXN_3257938,False,False,False,False,False
TXN_1775219,False,False,False,False,False
TXN_3665212,False,False,False,False,False
TXN_7889351,False,False,False,False,False
TXN_9291514,False,False,False,False,False
TXN_8106612,False,False,False,False,False
TXN_2061240,False,False,False,False,False
TXN_1394949,False,False,False,False,False
TXN_2879367,False,False,False,False,False
TXN_7355525,False,False,False,False,False
TXN_6667216,False,False,False,False,False
TXN_1053131,False,False,False,False,False
TXN_4271313,False,True,True,True,True
TXN_8287528,False,False,False,False,False
TXN_3409198,False,False,False,False,False
TXN_7147934,False,False,False,False,False
TXN_1358906,False,False,False,False,False
TXN_4708079,False,False,False,False,False
TXN_5284723,False,False,False,False,False
TXN_8948545,False,False,False,False,False
TXN_5708736,False,False,False,False,False
TXN_1159514,False,False,False,False,False
TXN_4837535,False,False,False,False,False
TXN_3980976,False,False,False,False,False
TXN_4515690,False,False,False,False,False
TXN_7428250,False,False,False,False,False
TXN_5868243,False,False,False,False,False
TXN_4311728,False,False,False,False,False
TXN_6376012,False,False,False,False,False
TXN_8721418,False,False,False,False,False
TXN_8653580,False,False,False,False,False
TXN_7836458,False,False,False,False,False
TXN_4672378,False,False,False,False,False
TXN_6124741,False,False,False,False,False
TXN_9626570,False,False,False,False,False
TXN_8100199,False,True,True,True,True
TXN_3244419,False,True,True,True,True
TXN_8534316,False,False,False,False,False
TXN_9550516,False,False,False,False,False
TXN_8524977,False,False,False,False,False
TXN_7092018,False,False,False,False,False
TXN_6669340,False,False,False,False,False
TXN_8001268,False,False,False,False,False
TXN_1691068,False,False,False,False,False
TXN_5410292,False,False,False,False,False
TXN_4788473,False,False,False,False,False
TXN_2362264,False,False,False,False,False
TXN_6376468,True,False,False,False,False
TXN_2238459,False,False,False,False,False
TXN_8768180,False,False,False,False,False
TXN_5206095,False,False,False,False,False
TXN_9395578,False,False,False,False,False
TXN_5329115,False,False,False,False,False
TXN_5087206,False,True,True,True,True
TXN_1229733,False,False,False,False,False
TXN_6693065,False,False,False,False,False
TXN_2765031,True,False,False,False,False
TXN_2816072,False,False,False,False,False
TXN_9599898,False,False,False,False,False
TXN_8537294,False,False,False,False,False
TXN_4225200,False,False,False,False,False
TXN_1264844,False,False,False,False,False
TXN_9195331,False,False,False,False,False
TXN_8103285,False,False,False,False,False
TXN_3994212,False,False,False,False,False
TXN_8252271,False,False,False,False,False
TXN_5754863,False,False,False,False,False
TXN_6473625,False,False,False,False,False
TXN_7739646,False,False,False,False,False
TXN_4771635,False,False,False,False,False
TXN_6603467,False,False,False,False,False
TXN_2897677,False,False,False,False,False
TXN_6077372,False,False,False,False,False
TXN_5684003,False,False,False,False,False
TXN_8700769,False,False,False,False,False
TXN_1791231,True,False,False,False,False
TXN_3841382,False,False,False,False,False
TXN_8163791,False,False,False,False,False
TXN_4102275,False,False,False,False,False
TXN_2563981,False,False,False,False,False
TXN_5960598,False,True,True,True,True
TXN_3823879,False,False,False,False,False
TXN_1735701,False,False,False,False,False
TXN_9672984,False,False,False,False,False
TXN_9265528,False,False,False,False,False
TXN_7243315,False,False,False,False,False
TXN_2105562,False,False,False,False,False
TXN_5402378,False,False,False,False,False
TXN_6556712,False,True,True,True,True
TXN_1285698,False,False,False,False,False
TXN_7467814,False,False,False,False,False
TXN_1686639,False,False,False,False,False
TXN_1123240,False,False,False,False,False
TXN_9517045,False,True,True,True,True
TXN_4052796,False,True,True,True,True
TXN_7548261,False,False,False,False,False
TXN_5065235,False,False,False,False,False
TXN_8605439,False,False,False,False,False
TXN_6612546,False,False,False,False,False
TXN_1221709,False,False,False,False,False
TXN_9180138,False,False,False,False,False
TXN_5327909,False,False,False,False,False
TXN_8789796,False,False,False,False,False
TXN_9287206,False,False,False,False,False
TXN_8751570,False,False,False,False,False
TXN_9473262,False,False,False,False,False
TXN_4206470,False,True,True,True,True
TXN_1434766,False,False,False,False,False
TXN_6679024,False,False,False,False,False
TXN_7876092,False,False,False,False,False
TXN_2913442,False,True,True,True,True
TXN_6459760,False,False,False,False,False
TXN_5615619,False,False,False,False,False
TXN_6117321,False,False,False,False,False
TXN_1429617,False,False,False,False,False
TXN_5343633,False,False,False,False,False
TXN_4310580,False,False,False,False,False
TXN_6457304,False,False,False,False,False
TXN_2894999,False,False,False,False,False
TXN_5936373,False,False,False,False,False
TXN_6645010,False,False,False,False,False
TXN_2832206,False,False,False,False,False
TXN_7914826,False,False,False,False,False
TXN_7235714,False,False,False,False,False
TXN_5511793,False,False,False,False,False
TXN_5239775,False,False,False,False,False
TXN_7763107,False,False,False,False,False
TXN_2968374,False,False,False,False,False
TXN_6243391,False,False,False,False,False
TXN_4992740,False,False,False,False,False
TXN_4525178,True,False,False,False,False
TXN_8972820,False,False,False,False,False
TXN_3093251,False,False,False,False,False
TXN_2382686,False,False,False,False,False
TXN_4058445,False,False,False,False,False
TXN_8514486,True,False,False,False,False
TXN_8509739,False,False,False,False,False
TXN_1489200,False,False,False,False,False
TXN_5714450,False,False,False,False,False
TXN_6960283,False,False,False,False,False
TXN_1505264,True,False,False,False,False
TXN_5846086,False,False,False,False,False
TXN_8190019,False,False,False,False,False
TXN_5453068,False,False,False,False,False
TXN_2683008,False,False,False,False,False
TXN_1448231,False,False,False,False,False
TXN_6233472,False,False,False,False,False
TXN_7131675,False,False,False,False,False
TXN_8053327,False,False,False,False,False
TXN_8409953,False,False,False,False,False
TXN_1050160,False,False,False,False,False
TXN_2580755,False,False,False,False,False
TXN_5856430,False,False,False,False,False
TXN_5416741,False,True,True,True,True
TXN_4870896,False,False,False,False,False
TXN_7361391,False,False,False,False,False
TXN_9433976,False,False,False,False,False
TXN_3747234,False,False,False,False,False
TXN_9469341,False,False,False,False,False
TXN_2330418,False,False,False,False,False
TXN_8305422,False,False,False,False,False
TXN_1481062,False,False,False,False,False
TXN_4591527,False,True,True,True,True
TXN_7107246,False,False,False,False,False
TXN_9272728,False,False,False,False,False
TXN_6649427,False,False,False,False,False
TXN_9989291,False,False,False,False,False
TXN_5737126,False,False,False,False,False
TXN_7926031,False,False,False,False,False
TXN_1471510,False,False,False,False,False
TXN_8622091,False,False,False,False,False
TXN_3088437,False,False,False,False,False
TXN_9408487,False,False,False,False,False
TXN_8384530,False,False,False,False,False
TXN_8926018,False,False,False,False,False
TXN_8673963,False,False,False,False,False
TXN_8347554,False,False,False,False,False
TXN_1133322,False,False,False,False,False
TXN_6470137,False,False,False,False,False
TXN_2917554,False,False,False,False,False
TXN_7635738,False,False,False,False,False
TXN_1453723,False,False,False,False,False
TXN_9232100,False,False,False,False,False
TXN_2310718,False,False,False,False,False
TXN_9425562,False,False,False,False,False
TXN_6179863,False,True,True,True,True
TXN_7746499,False,False,False,False,False
TXN_2226766,False,False,False,False,False
TXN_4334628,False,False,False,False,False
TXN_6024315,True,False,False,False,False
TXN_8406856,False,False,False,False,False
TXN_3155102,False,False,False,False,False
TXN_7300159,False,False,False,False,False
TXN_7012323,False,False,False,False,False
TXN_7697714,False,False,False,False,False
TXN_6445899,False,False,False,False,False
TXN_5665072,False,False,False,False,False
TXN_3677192,False,False,False,False,False
TXN_9948370,False,False,False,False,False
TXN_3956995,False,False,False,False,False
TXN_8244193,False,False,False,False,False
TXN_2279728,False,False,False,False,False
TXN_1457601,False,False,False,False,False
TXN_2556108,False,False,False,False,False
TXN_3395288,False,False,False,False,False
TXN_3317764,False,False,False,False,False
TXN_9799191,True,False,False,False,False
TXN_7188878,False,False,False,False,False
TXN_4323774,False,False,False,False,False
TXN_2840778,False,False,False,False,False
TXN_8905031,False,False,False,False,False
TXN_8164473,False,False,False,False,False
TXN_2841201,False,False,False,False,False
TXN_6247691,False,False,False,False,False
TXN_5000633,False,False,False,False,False
TXN_6096957,False,False,False,False,False
TXN_5136166,False,False,False,False,False
TXN_8705609,False,False,False,False,False
TXN_7966995,True,False,False,False,False
TXN_3148275,False,False,False,False,False
TXN_9659420,False,False,False,False,False
TXN_9319671,False,False,False,False,False
TXN_5060218,False,False,False,False,False
TXN_1516336,False,False,False,False,False
TXN_7426761,False,False,False,False,False
TXN_5758686,False,False,False,False,False
TXN_9870820,False,False,False,False,False
TXN_7332336,False,False,False,False,False
TXN_3825785,False,False,False,False,False
TXN_3989303,False,False,False,False,False
TXN_4935375,False,False,False,False,False
TXN_5501762,False,False,False,False,False
TXN_5534368,True,False,False,False,False
TXN_7136333,False,False,False,False,False
TXN_3077115,False,True,True,True,True
TXN_3389252,True,False,False,False,False
TXN_3827138,False,False,False,False,False
TXN_5510271,False,False,False,False,False
TXN_8284459,False,True,True,True,True
TXN_2016060,False,False,False,False,False
TXN_6383632,False,False,False,False,False
TXN_4800149,False,False,False,False,False
TXN_9403595,False,True,True,True,True
TXN_2075432,False,False,False,False,False
TXN_6481216,False,False,False,False,False
TXN_8252675,False,False,False,False,False
TXN_8705070,False,False,False,False,False
TXN_1331679,False,False,False,False,False
TXN_3457164,False,False,False,False,False
TXN_5506088,False,False,False,False,False
TXN_4607212,False,False,False,False,False
TXN_2794176,False,False,False,False,False
TXN_9791812,False,False,False,False,False
TXN_4908056,False,False,False,False,False
TXN_1991377,True,False,False,False,False
TXN_4859416,False,False,False,False,False
TXN_7651449,False,False,False,False,False
TXN_3498848,False,False,False,False,False
TXN_4406536,False,False,False,False,False
TXN_5353247,False,False,False,False,False
TXN_6562327,False,False,False,False,False
TXN_9369177,False,False,False,False,False
TXN_4553750,False,False,False,False,False
TXN_1186888,False,False,False,False,False
TXN_3710680,False,False,False,False,False
TXN_1140136,False,False,False,False,False
TXN_7401761,False,False,False,False,False
TXN_7500710,False,False,False,False,False
TXN_7336047,False,False,False,False,False
TXN_1725123,False,False,False,False,False
TXN_3943280,False,False,False,False,False
TXN_7781876,False,False,False,False,False
TXN_8625449,False,False,False,False,False
TXN_9493430,False,False,False,False,False
TXN_9612339,False,False,False,False,False
TXN_8335223,False,False,False,False,False
TXN_7307996,False,False,False,False,False
TXN_9594076,False,False,False,False,False
TXN_6494987,False,False,False,False,False
TXN_9777548,False,False,False,False,False
TXN_4127270,False,False,False,False,False
TXN_9509119,False,False,False,False,False
TXN_7014970,False,False,False,False,False
TXN_7931338,False,False,False,False,False
TXN_2198957,False,False,False,False,False
TXN_2542482,False,False,False,False,False
TXN_6400478,False,False,False,False,False
TXN_5460403,False,False,False,False,False
TXN_9241557,False,False,False,False,False
TXN_2705515,False,False,False,False,False
TXN_2859193,False,False,False,False,False
TXN_9097846,False,False,False,False,False
TXN_7000155,False,False,False,False,False
TXN_1680196,False,False,False,False,False
TXN_2141766,False,False,False,False,False
TXN_7446701,False,False,False,False,False
TXN_2802685,False,False,False,False,False
TXN_2380474,False,False,False,False,False
TXN_1946735,False,False,False,False,False
TXN_5960367,False,False,False,False,False
TXN_1415403,False,True,True,True,True
TXN_1810288,False,False,False,False,False
TXN_7440605,False,False,False,False,False
TXN_3113419,False,False,False,False,False
TXN_7675263,False,False,False,False,False
TXN_1543932,False,False,False,False,False
TXN_3282291,False,False,False,False,False
TXN_4287831,False,False,False,False,False
TXN_6197590,True,False,False,False,False
TXN_2844001,False,False,False,False,False
TXN_3520967,False,False,False,False,False
TXN_7112439,False,False,False,False,False
TXN_7561357,False,False,False,False,False
TXN_4508836,False,False,False,False,False
TXN_5560416,False,False,False,False,False
TXN_7907172,False,False,False,False,False
TXN_8295967,False,False,False,False,False
TXN_8439298,False,False,False,False,False
TXN_6470632,False,False,False,False,False
TXN_7254832,False,False,False,False,False
TXN_8914458,False,False,False,False,False
TXN_6116778,False,False,False,False,False
TXN_8943969,False,False,False,False,False
TXN_3119110,True,False,False,False,False
TXN_7985007,False,False,False,False,False
TXN_2445180,False,False,False,False,False
TXN_4166663,False,False,False,False,False
TXN_9770930,False,False,False,False,False
TXN_5815945,False,False,False,False,False
TXN_8080118,False,False,False,False,False
TXN_8990776,False,False,False,False,False
TXN_7767926,False,False,False,False,False
TXN_5529041,False,False,False,False,False
TXN_6362659,False,False,False,False,False
TXN_4539548,False,False,False,False,False
TXN_7601000,False,False,False,False,False
TXN_5333066,False,False,False,False,False
TXN_7272612,False,False,False,False,False
TXN_4478057,False,False,False,False,False
TXN_5172318,False,True,True,True,True
TXN_5130448,False,False,False,False,False
TXN_2733918,False,True,True,True,True
TXN_5153387,False,False,False,False,False
TXN_6856895,False,False,False,False,False
TXN_3975199,False,False,False,False,False
TXN_6841966,False,False,False,False,False
TXN_3206883,False,False,False,False,False
TXN_9590909,False,False,False,False,False
TXN_7061960,False,True,True,True,True
TXN_3730487,False,False,False,False,False
TXN_3392533,False,False,False,False,False
TXN_5938384,False,False,False,False,False
TXN_7583684,False,False,False,False,False
TXN_4469536,False,False,False,False,False
TXN_2456405,False,False,False,False,False
TXN_5748431,False,False,False,False,False
TXN_2343171,False,False,False,False,False
TXN_8890587,False,False,False,False,False
TXN_3713357,False,False,False,False,False
TXN_6876674,False,True,True,True,True
TXN_4681123,True,False,False,False,False
TXN_2110881,False,False,False,False,False
TXN_4221038,False,False,False,False,False
TXN_6820017,False,False,False,False,False
TXN_7535814,False,True,True,True,True
TXN_9468678,False,False,False,False,False
TXN_7385251,False,False,False,False,False
TXN_7856877,False,False,False,False,False
TXN_8540896,False,False,False,False,False
TXN_4341401,False,True,True,True,True
TXN_9412012,False,False,False,False,False
TXN_4962457,False,False,False,False,False
TXN_1468469,False,False,False,False,False
TXN_5798363,False,False,False,False,False
TXN_9824720,False,False,False,False,False
TXN_1565598,False,False,False,False,False
TXN_1521156,False,False,False,False,False
TXN_1588681,False,False,False,False,False
TXN_5333157,False,False,False,False,False
TXN_8705051,False,False,False,False,False
TXN_7522989,False,False,False,False,False
TXN_5762983,False,False,False,False,False
TXN_4775495,False,False,False,False,False
TXN_8539518,True,False,False,False,False
TXN_9556639,False,False,False,False,False
TXN_9237454,False,False,False,False,False
TXN_3531543,False,False,False,False,False
TXN_8605252,False,False,False,False,False
TXN_4740770,False,False,False,False,False
TXN_2584682,False,False,False,False,False
TXN_3240995,False,False,False,False,False
TXN_8723631,False,False,False,False,False
TXN_1767820,False,False,False,False,False
TXN_6583453,False,False,False,False,False
TXN_6224076,False,False,False,False,False
TXN_6705072,False,False,False,False,False
TXN_3082732,False,False,False,False,False
TXN_2274356,False,False,False,False,False
TXN_5439702,False,False,False,False,False
TXN_5238973,False,True,True,True,True
TXN_9760724,False,False,False,False,False
TXN_3286175,False,False,False,False,False
TXN_5779439,False,False,False,False,False
TXN_1495409,False,False,False,False,False
TXN_3194608,False,False,False,False,False
TXN_5675288,False,False,False,False,False
TXN_2460488,False,False,False,False,False
TXN_3416162,False,False,False,False,False
TXN_2687729,False,False,False,False,False
TXN_7720299,False,False,False,False,False
TXN_2045668,False,False,False,False,False
TXN_2057150,False,False,False,False,False
TXN_1095879,True,False,False,False,False
TXN_8359279,False,False,False,False,False
TXN_3897143,False,False,False,False,False
TXN_2201869,True,False,False,False,False
TXN_2287892,False,False,False,False,False
TXN_8594564,False,False,False,False,False
TXN_1067274,False,False,False,False,False
TXN_1518090,True,False,False,False,False
TXN_3071219,False,True,True,True,True
TXN_3668726,False,False,False,False,False
TXN_8223724,False,False,False,False,False
TXN_8997863,False,False,False,False,False
TXN_6687829,False,False,False,False,False
TXN_1772948,False,False,False,False,False
TXN_1787703,False,False,False,False,False
TXN_5992674,False,False,False,False,False
TXN_8659226,False,False,False,False,False
TXN_8406652,False,False,False,False,False
TXN_8192277,False,False,False,False,False
TXN_1516640,False,False,False,False,False
TXN_3782741,True,False,False,False,False
TXN_1631883,False,False,False,False,False
TXN_9619188,False,False,False,False,False
TXN_4354004,False,False,False,False,False
TXN_4173894,False,False,False,False,False
TXN_3477269,False,False,False,False,False
TXN_8101070,True,False,False,False,False
TXN_6490745,False,False,False,False,False
TXN_6787727,False,False,False,False,False
TXN_8134584,False,False,False,False,False
TXN_7635856,False,False,False,False,False
TXN_9125500,False,False,False,False,False
TXN_2717109,False,False,False,False,False
TXN_6684801,False,False,False,False,False
TXN_2944437,False,False,False,False,False
TXN_2831627,False,True,True,True,True
TXN_3297560,False,False,False,False,False
TXN_5377436,False,False,False,False,False
TXN_6357043,False,False,False,False,False
TXN_7623526,False,True,True,True,True
TXN_5000098,False,False,False,False,False
TXN_3030052,False,False,False,False,False
TXN_5283369,False,False,False,False,False
TXN_3675657,False,False,False,False,False
TXN_3822546,False,False,False,False,False
TXN_7560470,False,False,False,False,False
TXN_7357090,False,True,True,True,True
TXN_9615048,False,False,False,False,False
TXN_1794661,False,False,False,False,False
TXN_5270554,False,False,False,False,False
TXN_4296698,False,False,False,False,False
TXN_4429872,True,False,False,False,False
TXN_2074223,False,False,False,False,False
TXN_7649427,False,False,False,False,False
TXN_3265003,False,False,False,False,False
TXN_4840676,False,False,False,False,False
TXN_4261151,False,False,False,False,False
TXN_1961640,False,False,False,False,False
TXN_5148932,False,False,False,False,False
TXN_2328826,False,False,False,False,False
TXN_6947858,False,False,False,False,False
TXN_9184251,False,False,False,False,False
TXN_5182350,False,False,False,False,False
TXN_9978020,False,False,False,False,False
TXN_6972423,False,False,False,False,False
TXN_6837467,False,True,True,True,True
TXN_6434833,False,False,False,False,False
TXN_8863517,False,False,False,False,False
TXN_8741487,False,False,False,False,False
TXN_7496884,False,False,False,False,False
TXN_9538673,False,False,False,False,False
TXN_3847395,False,False,False,False,False
TXN_3481766,False,False,False,False,False
TXN_3731943,False,False,False,False,False
TXN_9224494,False,False,False,False,False
TXN_8365008,False,False,False,False,False
TXN_8887502,False,False,False,False,False
TXN_9445397,False,False,False,False,False
TXN_2062102,False,False,False,False,False
TXN_8363354,False,False,False,False,False
TXN_8283688,False,True,True,True,True
TXN_4064037,False,False,False,False,False
TXN_4793830,False,False,False,False,False
TXN_9164821,False,True,True,True,True
TXN_3113059,False,False,False,False,False
TXN_6871003,False,False,False,False,False
TXN_3704598,False,False,False,False,False
TXN_4841196,False,False,False,False,False
TXN_7019841,False,False,False,False,False
TXN_6538434,False,False,False,False,False
TXN_2730739,False,False,False,False,False
TXN_2387612,True,False,False,False,False
TXN_5821430,False,False,False,False,False
TXN_5032085,False,False,False,False,False
TXN_1671850,False,False,False,False,False
TXN_1356368,False,False,False,False,False
TXN_2557410,False,False,False,False,False
TXN_7462915,False,False,False,False,False
TXN_7498795,False,True,True,True,True
TXN_8279458,True,False,False,False,False
TXN_4380514,False,False,False,False,False
TXN_4131199,False,False,False,False,False
TXN_2824933,False,False,False,False,False
TXN_8129465,False,False,False,False,False
TXN_7014731,False,False,False,False,False
TXN_6109911,False,False,False,False,False
TXN_7180483,False,False,False,False,False
TXN_1965778,False,False,False,False,False
TXN_7639348,False,False,False,False,False
TXN_3892123,False,False,False,False,False
TXN_6792337,False,False,False,False,False
TXN_3111915,False,False,False,False,False
TXN_3265016,False,False,False,False,False
TXN_2710922,False,False,False,False,False
TXN_4675506,False,False,False,False,False
TXN_5122390,False,False,False,False,False
TXN_6131542,False,False,False,False,False
TXN_6172206,False,True,True,True,True
TXN_8913051,False,False,False,False,False
TXN_9736021,False,False,False,False,False
TXN_1166423,False,False,False,False,False
TXN_8592371,False,False,False,False,False
TXN_1365343,False,False,False,False,False
TXN_4488982,False,False,False,False,False
TXN_2084330,False,False,False,False,False
TXN_7352335,False,False,False,False,False
TXN_3134220,False,False,False,False,False
TXN_9685044,False,False,False,False,False
TXN_4317033,True,False,False,False,False
TXN_9601795,False,False,False,False,False
TXN_6759122,False,False,False,False,False
TXN_8016810,False,False,False,False,False
TXN_2850248,False,False,False,False,False
TXN_9557968,False,False,False,False,False
TXN_5498711,False,False,False,False,False
TXN_1474478,False,False,False,False,False
TXN_9115473,False,False,False,False,False
TXN_6609436,False,False,False,False,False
TXN_1055966,False,False,False,False,False
TXN_2745229,True,False,False,False,False
TXN_6144549,False,False,False,False,False
TXN_4666124,False,False,False,False,False
TXN_3855536,True,False,False,False,False
TXN_8559920,False,False,False,False,False
TXN_6529007,False,False,False,False,False
TXN_7348533,False,False,False,False,False
TXN_4121313,False,False,False,False,False
TXN_3875894,False,False,False,False,False
TXN_8494360,True,False,False,False,False
TXN_7651965,False,False,False,False,False
TXN_1058677,False,False,False,False,False
TXN_9580748,True,False,False,False,False
TXN_2235191,False,False,False,False,False
TXN_4286472,False,False,False,False,False
TXN_2257428,False,True,True,True,True
TXN_6454963,False,False,False,False,False
TXN_5268822,False,False,False,False,False
TXN_9572486,False,False,False,False,False
TXN_3017727,False,False,False,False,False
TXN_2542045,False,False,False,False,False
TXN_9108644,False,False,False,False,False
TXN_2543604,False,False,False,False,False
TXN_4624161,False,False,False,False,False
TXN_2873708,False,False,False,False,False
TXN_9799219,False,False,False,False,False
TXN_6478003,False,False,False,False,False
TXN_6287988,False,False,False,False,False
TXN_1053050,False,False,False,False,False
TXN_8678538,False,False,False,False,False
TXN_2346762,False,False,False,False,False
TXN_9322958,False,False,False,False,False
TXN_1996371,True,False,False,False,False
TXN_2183449,False,False,False,False,False
TXN_5751953,False,False,False,False,False
TXN_6925920,False,False,False,False,False
TXN_7128520,False,False,False,False,False
TXN_9280381,False,False,False,False,False
TXN_9126328,False,False,False,False,False
TXN_5475355,True,False,False,False,False
TXN_3681383,True,False,False,False,False
TXN_2772843,False,False,False,False,False
TXN_1042850,False,False,False,False,False
TXN_7457356,False,False,False,False,False
TXN_9783618,False,False,False,False,False
TXN_9766485,False,False,False,False,False
TXN_2519325,False,False,False,False,False
TXN_3364617,False,False,False,False,False
TXN_6329331,False,False,False,False,False
TXN_8135631,False,False,False,False,False
TXN_6407417,False,False,False,False,False
TXN_7918216,False,False,False,False,False
TXN_4759566,False,False,False,False,False
TXN_9775877,False,False,False,False,False
TXN_4142861,False,False,False,False,False
TXN_2142826,False,False,False,False,False
TXN_8866340,False,False,False,False,False
TXN_8989283,False,False,False,False,False
TXN_3919560,False,False,False,False,False
TXN_3410016,False,False,False,False,False
TXN_4214517,False,False,False,False,False
TXN_2560468,False,False,False,False,False
TXN_5469948,False,False,False,False,False
TXN_8742206,False,False,False,False,False
TXN_9458229,False,False,False,False,False
TXN_4677266,False,False,False,False,False
TXN_7804412,False,False,False,False,False
TXN_9516413,False,False,False,False,False
TXN_6220253,False,False,False,False,False
TXN_6991981,False,False,False,False,False
TXN_6883732,False,False,False,False,False
TXN_2926098,False,False,False,False,False
TXN_8421665,False,False,False,False,False
TXN_5529689,False,False,False,False,False
TXN_4787916,False,False,False,False,False
TXN_4187658,False,False,False,False,False
TXN_7222682,False,False,False,False,False
TXN_4456347,False,False,False,False,False
TXN_1845915,False,False,False,False,False
TXN_2238924,False,False,False,False,False
TXN_7156311,False,False,False,False,False
TXN_5304231,False,False,False,False,False
TXN_3883063,False,False,False,False,False
TXN_2712111,False,False,False,False,False
TXN_2973712,False,False,False,False,False
TXN_2817882,False,False,False,False,False
TXN_1702935,False,False,False,False,False
TXN_4861679,False,False,False,False,False
TXN_9888265,False,False,False,False,False
TXN_8630301,False,False,False,False,False
TXN_4355077,True,False,False,False,False
TXN_2633599,True,False,False,False,False
TXN_2084124,False,False,False,False,False
TXN_5261739,False,False,False,False,False
TXN_3622835,False,False,False,False,False
TXN_9894424,False,False,False,False,False
TXN_9857360,False,False,False,False,False
TXN_6575376,False,False,False,False,False
TXN_6943486,False,False,False,False,False
TXN_3281468,False,False,False,False,False
TXN_7081603,False,False,False,False,False
TXN_6088884,False,False,False,False,False
TXN_4471644,False,False,False,False,False
TXN_7583357,True,False,False,False,False
TXN_7745477,False,False,False,False,False
TXN_1198384,False,False,False,False,False
TXN_6898807,False,False,False,False,False
TXN_9013971,False,False,False,False,False
TXN_3593095,False,False,False,False,False
TXN_9704111,False,False,False,False,False
TXN_4927636,False,False,False,False,False
TXN_1759826,False,False,False,False,False
TXN_8836671,False,False,False,False,False
TXN_1219422,False,False,False,False,False
TXN_1617887,False,False,False,False,False
TXN_8683777,True,False,False,False,False
TXN_3496091,False,False,False,False,False
TXN_4029998,False,False,False,False,False
TXN_7244155,False,False,False,False,False
TXN_6135773,False,False,False,False,False
TXN_1373042,False,False,False,False,False
TXN_3789551,False,False,False,False,False
TXN_6007293,False,False,False,False,False
TXN_7820167,False,True,True,True,True
TXN_9275938,False,False,False,False,False
TXN_5383084,False,False,False,False,False
TXN_5328564,False,True,True,True,True
TXN_4454069,False,False,False,False,False
TXN_8175642,False,False,False,False,False
TXN_3442308,False,False,False,False,False
TXN_7283741,False,False,False,False,False
TXN_1782733,False,False,False,False,False
TXN_5750828,False,False,False,False,False
TXN_1534876,False,False,False,False,False
TXN_9882289,False,False,False,False,False
TXN_9743568,False,False,False,False,False
TXN_6075626,False,False,False,False,False
TXN_6269570,True,False,False,False,False
TXN_8840201,False,False,False,False,False
TXN_6271863,False,False,False,False,False
TXN_9789967,False,False,False,False,False
TXN_3665903,False,False,False,False,False
TXN_7724357,False,False,False,False,False
TXN_6656161,False,False,False,False,False
TXN_5373853,False,False,False,False,False
TXN_4337439,False,False,False,False,False
TXN_8380333,False,False,False,False,False
TXN_2267175,False,False,False,False,False
TXN_9109677,False,False,False,False,False
TXN_9210652,False,False,False,False,False
TXN_5571349,False,False,False,False,False
TXN_2524558,False,False,False,False,False
TXN_9019672,False,False,False,False,False
TXN_2985304,False,False,False,False,False
TXN_8673519,False,False,False,False,False
TXN_3598978,False,True,True,True,True
TXN_9752672,False,False,False,False,False
TXN_2983912,False,False,False,False,False
TXN_3414846,False,False,False,False,False
TXN_5916912,False,False,False,False,False
TXN_4295681,False,False,False,False,False
TXN_6717536,False,True,True,True,True
TXN_3162017,False,False,False,False,False
TXN_8694833,False,False,False,False,False
TXN_2329426,False,False,False,False,False
TXN_8190713,False,False,False,False,False
TXN_7504005,False,False,False,False,False
TXN_1495288,False,False,False,False,False
TXN_5024579,False,False,False,False,False
TXN_8799205,False,False,False,False,False
TXN_7876398,False,False,False,False,False
TXN_8963699,False,False,False,False,False
TXN_1042935,False,False,False,False,False
TXN_3992626,False,False,False,False,False
TXN_2357618,False,False,False,False,False
TXN_8572635,False,False,False,False,False
TXN_7672104,False,False,False,False,False
TXN_7771546,False,False,False,False,False
TXN_6678768,False,False,False,False,False
TXN_3219474,False,False,False,False,False
TXN_3794243,False,False,False,False,False
TXN_2094611,False,False,False,False,False
TXN_7877932,False,False,False,False,False
TXN_8937395,False,False,False,False,False
TXN_2812161,False,False,False,False,False
TXN_3005655,False,False,False,False,False
TXN_8249416,False,True,True,True,True
TXN_5646436,False,False,False,False,False
TXN_8848656,False,False,False,False,False
TXN_6568701,False,False,False,False,False
TXN_1531616,False,False,False,False,False
TXN_5761822,False,False,False,False,False
TXN_3067659,False,False,False,False,False
TXN_3070207,False,False,False,False,False
TXN_5393801,False,False,False,False,False
TXN_3647634,False,False,False,False,False
TXN_8300194,False,False,False,False,False
TXN_8464199,False,False,False,False,False
TXN_6135005,False,False,False,False,False
TXN_2464833,False,False,False,False,False
TXN_8912070,False,False,False,False,False
TXN_4505972,False,False,False,False,False
TXN_9185495,False,False,False,False,False
TXN_9929027,False,False,False,False,False
TXN_5780655,True,False,False,False,False
TXN_1908642,False,False,False,False,False
TXN_6666804,False,False,False,False,False
TXN_8313082,False,False,False,False,False
TXN_9263134,False,False,False,False,False
TXN_6086262,False,False,False,False,False
TXN_9234343,False,False,False,False,False
TXN_7375053,True,False,False,False,False
TXN_4331486,False,False,False,False,False
TXN_9496210,False,False,False,False,False
TXN_5683189,False,False,False,False,False
TXN_7405636,False,False,False,False,False
TXN_8335914,False,False,False,False,False
TXN_4502266,False,False,False,False,False
TXN_4948858,False,False,False,False,False
TXN_9283748,False,False,False,False,False
TXN_1076574,False,False,False,False,False
TXN_4212494,False,False,False,False,False
TXN_1503110,False,False,False,False,False
TXN_7891763,False,False,False,False,False
TXN_7054509,False,False,False,False,False
TXN_1744774,False,False,False,False,False
TXN_4464022,False,False,False,False,False
TXN_2058333,False,False,False,False,False
TXN_3360543,False,False,False,False,False
TXN_8486938,False,False,False,False,False
TXN_8169288,False,False,False,False,False
TXN_1870890,False,False,False,False,False
TXN_5510664,False,False,False,False,False
TXN_8131419,False,False,False,False,False
TXN_7607001,False,False,False,False,False
TXN_2165479,False,True,True,True,True
TXN_4551473,False,False,False,False,False
TXN_2430342,False,False,False,False,False
TXN_7219103,False,False,False,False,False
TXN_8218511,False,False,False,False,False
TXN_1346220,False,False,False,False,False
TXN_6360170,False,False,False,False,False
TXN_4023152,False,False,False,False,False
TXN_2505439,False,False,False,False,False
TXN_1190560,False,False,False,False,False
TXN_4939379,False,False,False,False,False
TXN_7342615,False,False,False,False,False
TXN_3759701,False,False,False,False,False
TXN_9620236,False,True,True,True,True
TXN_6837418,False,False,False,False,False
TXN_9683912,False,False,False,False,False
TXN_7093524,False,False,False,False,False
TXN_2683891,False,False,False,False,False
TXN_8517307,False,False,False,False,False
TXN_2593807,False,False,False,False,False
TXN_5661146,False,False,False,False,False
TXN_1768732,False,False,False,False,False
TXN_6696122,False,False,False,False,False
TXN_6794150,False,False,False,False,False
TXN_9150998,False,False,False,False,False
TXN_1780276,False,False,False,False,False
TXN_5383343,False,False,False,False,False
TXN_8361498,False,False,False,False,False
TXN_5266941,False,True,True,True,True
TXN_6397507,True,False,False,False,False
TXN_6473121,False,False,False,False,False
TXN_1917155,False,False,False,False,False
TXN_7848801,False,False,False,False,False
TXN_8890505,False,False,False,False,False
TXN_3070750,False,False,False,False,False
TXN_8555137,False,False,False,False,False
TXN_2896903,False,False,False,False,False
TXN_7576860,False,False,False,False,False
TXN_2895034,False,False,False,False,False
TXN_1611046,False,False,False,False,False
TXN_7285842,False,False,False,False,False
TXN_3809198,False,False,False,False,False
TXN_6392993,False,False,False,False,False
TXN_9418439,True,False,False,False,False
TXN_5179274,False,False,False,False,False
TXN_4078909,False,False,False,False,False
TXN_2164616,False,False,False,False,False
TXN_4578696,False,False,False,False,False
TXN_8737201,False,False,False,False,False
TXN_2557237,False,False,False,False,False
TXN_8520280,False,False,False,False,False
TXN_4287964,False,False,False,False,False
TXN_6862565,True,False,False,False,False
TXN_8701391,False,False,False,False,False
TXN_1079752,False,False,False,False,False
TXN_6628977,False,False,False,False,False
TXN_5597194,False,False,False,False,False
TXN_7781357,False,False,False,False,False
TXN_7570892,False,False,False,False,False
TXN_1897015,False,False,False,False,False
TXN_3875506,False,False,False,False,False
TXN_2225065,False,False,False,False,False
TXN_5396734,False,False,False,False,False
TXN_7893737,False,False,False,False,False
TXN_7928872,False,False,False,False,False
TXN_4129783,False,False,False,False,False
TXN_7876532,False,False,False,False,False
TXN_9472024,False,False,False,False,False
TXN_9515378,False,False,False,False,False
TXN_4290895,False,False,False,False,False
TXN_7035534,False,False,False,False,False
TXN_6595410,False,False,False,False,False
TXN_7229064,False,False,False,False,False
TXN_5075174,False,False,False,False,False
TXN_5013357,False,False,False,False,False
TXN_9673472,False,False,False,False,False
TXN_7021466,False,False,False,False,False
TXN_8231669,False,False,False,False,False
TXN_8512354,False,False,False,False,False
TXN_9299095,False,False,False,False,False
TXN_1927837,False,False,False,False,False
TXN_2489260,False,False,False,False,False
TXN_3535824,False,False,False,False,False
TXN_5543371,False,False,False,False,False
TXN_6832658,False,False,False,False,False
TXN_5414836,False,False,False,False,False
TXN_1255913,True,False,False,False,False
TXN_6087808,False,False,False,False,False
TXN_6457330,False,False,False,False,False
TXN_5692725,False,False,False,False,False
TXN_3781367,False,False,False,False,False
TXN_5982675,False,False,False,False,False
TXN_3380676,False,False,False,False,False
TXN_3635106,False,False,False,False,False
TXN_2745420,False,False,False,False,False
TXN_5442490,False,False,False,False,False
TXN_6836178,False,False,False,False,False
TXN_7595317,False,False,False,False,False
TXN_6724459,False,False,False,False,False
TXN_8887696,False,False,False,False,False
TXN_1598935,False,False,False,False,False
TXN_5211291,False,False,False,False,False
TXN_4751419,False,False,False,False,False
TXN_7731210,False,False,False,False,False
TXN_5606325,False,False,False,False,False
TXN_8103030,False,False,False,False,False
TXN_3490100,False,False,False,False,False
TXN_7989593,False,False,False,False,False
TXN_4789199,False,False,False,False,False
TXN_6324328,False,False,False,False,False
TXN_7965648,False,False,False,False,False
TXN_7272122,False,False,False,False,False
TXN_6509376,False,False,False,False,False
TXN_3155343,False,False,False,False,False
TXN_3913187,False,False,False,False,False
TXN_9754923,False,False,False,False,False
TXN_1328851,False,False,False,False,False
TXN_4852630,False,False,False,False,False
TXN_7719806,False,False,False,False,False
TXN_1245088,False,False,False,False,False
TXN_1057845,False,False,False,False,False
TXN_3382647,False,False,False,False,False
TXN_5233832,False,False,False,False,False
TXN_1158681,False,False,False,False,False
TXN_1238430,False,False,False,False,False
TXN_6911766,False,False,False,False,False
TXN_1799201,False,False,False,False,False
TXN_7622447,False,False,False,False,False
TXN_5200656,False,False,False,False,False
TXN_3900554,False,False,False,False,False
TXN_4349507,False,False,False,False,False
TXN_4557580,False,False,False,False,False
TXN_8254435,False,False,False,False,False
TXN_1782376,False,False,False,False,False
TXN_6590577,False,False,False,False,False
TXN_8682802,False,False,False,False,False
TXN_2752244,False,False,False,False,False
TXN_2020984,False,False,False,False,False
TXN_1820377,False,False,False,False,False
TXN_2168738,False,False,False,False,False
TXN_6679357,False,False,False,False,False
TXN_7965737,False,False,False,False,False
TXN_4781587,False,False,False,False,False
TXN_3185939,False,False,False,False,False
TXN_6862058,False,False,False,False,False
TXN_9817152,False,False,False,False,False
TXN_3807216,False,False,False,False,False
TXN_7645068,False,False,False,False,False
TXN_4891833,False,True,True,True,True
TXN_9890204,False,False,False,False,False
TXN_3476954,False,False,False,False,False
TXN_2186627,False,False,False,False,False
TXN_4494629,False,False,False,False,False
TXN_1085427,False,False,False,False,False
TXN_8867982,False,False,False,False,False
TXN_5528637,False,False,False,False,False
TXN_3396886,True,False,False,False,False
TXN_1992997,False,False,False,False,False
TXN_8926156,False,False,False,False,False
TXN_6083342,False,False,False,False,False
TXN_7049257,False,False,False,False,False
TXN_6900977,False,False,False,False,False
TXN_2854233,False,False,False,False,False
TXN_5943650,False,False,False,False,False
TXN_6200475,False,False,False,False,False
TXN_2172498,False,False,False,False,False
TXN_4603395,False,False,False,False,False
TXN_8839295,False,False,False,False,False
TXN_1775377,False,False,False,False,False
TXN_8562933,False,False,False,False,False
TXN_9260389,False,False,False,False,False
TXN_8918509,False,False,False,False,False
TXN_5563103,False,False,False,False,False
TXN_7695762,False,False,False,False,False
TXN_7761795,False,False,False,False,False
TXN_2991582,False,False,False,False,False
TXN_8044037,False,False,False,False,False
TXN_3486014,False,False,False,False,False
TXN_4339069,False,False,False,False,False
TXN_7325981,False,False,False,False,False
TXN_2346181,False,False,False,False,False
TXN_7954030,False,False,False,False,False
TXN_4371906,False,False,False,False,False
TXN_5182329,False,False,False,False,False
TXN_2360216,False,True,True,True,True
TXN_2642292,False,False,False,False,False
TXN_2143497,False,False,False,False,False
TXN_1972818,False,False,False,False,False
TXN_8848865,False,False,False,False,False
TXN_7977213,False,False,False,False,False
TXN_6451411,False,False,False,False,False
TXN_6722337,False,False,False,False,False
TXN_9220270,False,False,False,False,False
TXN_2621955,False,False,False,False,False
TXN_7572716,False,False,False,False,False
TXN_7833408,False,False,False,False,False
TXN_5115502,False,False,False,False,False
TXN_4428473,False,False,False,False,False
TXN_9773944,False,False,False,False,False
TXN_8810408,False,False,False,False,False
TXN_6495763,False,False,False,False,False
TXN_4689703,False,False,False,False,False
TXN_3971462,False,False,False,False,False
TXN_9957726,False,False,False,False,False
TXN_1472126,False,False,False,False,False
TXN_1873507,False,False,False,False,False
TXN_7470175,False,False,False,False,False
TXN_5843541,False,False,False,False,False
TXN_6220248,False,False,False,False,False
TXN_5700321,False,False,False,False,False
TXN_7650764,False,False,False,False,False
TXN_5313408,False,False,False,False,False
TXN_9487352,False,False,False,False,False
TXN_3762758,False,False,False,False,False
TXN_7236125,False,False,False,False,False
TXN_6097606,False,False,False,False,False
TXN_6420801,False,False,False,False,False
TXN_3890522,False,False,False,False,False
TXN_7797943,False,False,False,False,False
TXN_6117863,False,False,False,False,False
TXN_7581358,False,False,False,False,False
TXN_6540041,False,False,False,False,False
TXN_8586265,False,False,False,False,False
TXN_3450219,False,False,False,False,False
TXN_7688823,False,False,False,False,False
TXN_6462918,True,False,False,False,False
TXN_9247444,False,True,True,True,True
TXN_5557152,False,False,False,False,False
TXN_2796969,False,False,False,False,False
TXN_1535917,False,False,False,False,False
TXN_6099359,False,False,False,False,False
TXN_9076233,False,False,False,False,False
TXN_4984101,False,False,False,False,False
TXN_7478827,False,True,True,True,True
TXN_4395524,False,False,False,False,False
TXN_3044059,False,False,False,False,False
TXN_7943325,False,False,False,False,False
TXN_4672148,False,False,False,False,False
TXN_7915725,False,False,False,False,False
TXN_2707271,False,False,False,False,False
TXN_2365443,False,False,False,False,False
TXN_9161960,False,False,False,False,False
TXN_8404647,False,True,True,True,True
TXN_8956524,False,False,False,False,False
TXN_1177301,False,False,False,False,False
TXN_2881650,False,False,False,False,False
TXN_1669980,False,False,False,False,False
TXN_7117073,True,False,False,False,False
TXN_5310579,True,False,False,False,False
TXN_2168603,True,False,False,False,False
TXN_4363368,False,False,False,False,False
TXN_5762331,False,False,False,False,False
TXN_5880645,False,False,False,False,False
TXN_4880074,False,False,False,False,False
TXN_5916658,True,False,False,False,False
TXN_1950187,False,False,False,False,False
TXN_4202877,False,False,False,False,False
TXN_6706915,False,False,False,False,False
TXN_7868869,False,False,False,False,False
TXN_7023913,False,False,False,False,False
TXN_7836176,False,False,False,False,False
TXN_9742627,False,False,False,False,False
TXN_7993594,False,False,False,False,False
TXN_9491535,False,False,False,False,False
TXN_9350176,False,False,False,False,False
TXN_6484421,False,False,False,False,False
TXN_9807282,False,False,False,False,False
TXN_5762742,False,False,False,False,False
TXN_2573095,False,False,False,False,False
TXN_5204987,False,False,False,False,False
TXN_1701855,False,False,False,False,False
TXN_4243879,False,False,False,False,False
TXN_7236522,False,False,False,False,False
TXN_4491503,False,False,False,False,False
TXN_2491501,False,True,True,True,True
TXN_7859035,False,False,False,False,False
TXN_6381262,True,False,False,False,False
TXN_8449990,False,False,False,False,False
TXN_9077055,False,True,True,True,True
TXN_6969110,False,False,False,False,False
TXN_4130110,True,False,False,False,False
TXN_2458089,False,False,False,False,False
TXN_4996657,False,False,False,False,False
TXN_4104865,False,False,False,False,False
TXN_2026129,False,False,False,False,False
TXN_1445725,False,False,False,False,False
TXN_6598342,False,False,False,False,False
TXN_1694877,False,False,False,False,False
TXN_6710021,False,False,False,False,False
TXN_7984962,False,False,False,False,False
TXN_4270988,False,False,False,False,False
TXN_5835918,False,False,False,False,False
TXN_9608154,False,False,False,False,False
TXN_5436267,False,False,False,False,False
TXN_6787154,False,False,False,False,False
TXN_2537913,False,True,True,True,True
TXN_7138836,False,False,False,False,False
TXN_6568290,False,False,False,False,False
TXN_6820010,False,False,False,False,False
TXN_3162108,False,False,False,False,False
TXN_2901672,False,True,True,True,True
TXN_3262413,False,False,False,False,False
TXN_6620511,False,False,False,False,False
TXN_7563132,False,False,False,False,False
TXN_6422350,False,False,False,False,False
TXN_7066735,False,False,False,False,False
TXN_9220117,False,False,False,False,False
TXN_4068594,False,False,False,False,False
TXN_3109843,False,False,False,False,False
TXN_3281825,False,True,True,True,True
TXN_8920500,False,False,False,False,False
TXN_3865439,False,False,False,False,False
TXN_3652632,False,True,True,True,True
TXN_4563150,False,False,False,False,False
TXN_3918627,False,False,False,False,False
TXN_6501945,False,False,False,False,False
TXN_8784908,False,False,False,False,False
TXN_3146325,False,False,False,False,False
TXN_3370472,False,False,False,False,False
TXN_3992566,False,False,False,False,False
TXN_7365416,False,False,False,False,False
TXN_7627549,False,False,False,False,False
TXN_8206691,False,False,False,False,False
TXN_6320451,False,False,False,False,False
TXN_4690292,False,False,False,False,False
TXN_6478731,False,False,False,False,False
TXN_2144983,False,False,False,False,False
TXN_5811160,False,False,False,False,False
TXN_7206264,False,False,False,False,False
TXN_2277445,False,False,False,False,False
TXN_4126711,False,False,False,False,False
TXN_3289406,False,False,False,False,False
TXN_2663819,False,False,False,False,False
TXN_2527365,False,False,False,False,False
TXN_8959917,False,False,False,False,False
TXN_8165820,False,False,False,False,False
TXN_3026219,False,False,False,False,False
TXN_1709795,False,False,False,False,False
TXN_1585008,False,False,False,False,False
TXN_8053690,False,False,False,False,False
TXN_5375311,False,False,False,False,False
TXN_5011602,False,False,False,False,False
TXN_1109670,False,False,False,False,False
TXN_7539151,False,False,False,False,False
TXN_7403426,False,False,False,False,False
TXN_7081940,False,False,False,False,False
TXN_8364453,True,False,False,False,False
TXN_5596069,True,False,False,False,False
TXN_1935654,False,False,False,False,False
TXN_8751626,False,False,False,False,False
TXN_1505827,True,False,False,False,False
TXN_2587368,False,False,False,False,False
TXN_4181548,True,False,False,False,False
TXN_1237218,False,False,False,False,False
TXN_5401881,False,False,False,False,False
TXN_2995848,False,False,False,False,False
TXN_3756526,False,False,False,False,False
TXN_7415381,False,False,False,False,False
TXN_6323263,False,False,False,False,False
TXN_7301327,False,False,False,False,False
TXN_2894776,True,False,False,False,False
TXN_1467305,False,False,False,False,False
TXN_8977030,False,False,False,False,False
TXN_1586094,False,False,False,False,False
TXN_7693498,False,False,False,False,False
TXN_7662986,False,False,False,False,False
TXN_2860262,False,False,False,False,False
TXN_1063113,False,False,False,False,False
TXN_6891125,False,False,False,False,False
TXN_9007776,False,False,False,False,False
TXN_9643751,False,False,False,False,False
TXN_3393629,False,False,False,False,False
TXN_8106469,False,False,False,False,False
TXN_1564062,False,False,False,False,False
TXN_4318867,False,False,False,False,False
TXN_4336368,False,False,False,False,False
TXN_5242699,False,False,False,False,False
TXN_3840199,False,False,False,False,False
TXN_7740400,False,False,False,False,False
TXN_2491068,False,False,False,False,False
TXN_4958245,False,False,False,False,False
TXN_8224024,False,False,False,False,False
TXN_6287445,False,False,False,False,False
TXN_8799969,False,False,False,False,False
TXN_1372376,False,False,False,False,False
TXN_4671284,False,False,False,False,False
TXN_5684409,False,False,False,False,False
TXN_1662299,False,False,False,False,False
TXN_2883798,False,False,False,False,False
TXN_4034624,False,False,False,False,False
TXN_8630147,True,False,False,False,False
TXN_4856537,False,False,False,False,False
TXN_2409789,False,False,False,False,False
TXN_4364043,False,False,False,False,False
TXN_2219980,False,False,False,False,False
TXN_7783487,False,False,False,False,False
TXN_8262746,False,False,False,False,False
TXN_6219786,False,False,False,False,False
TXN_6412787,True,False,False,False,False
TXN_3845165,False,False,False,False,False
TXN_5731588,False,False,False,False,False
TXN_2997948,False,False,False,False,False
TXN_5603264,False,False,False,False,False
TXN_3731020,False,False,False,False,False
TXN_3940160,False,False,False,False,False
TXN_6494793,False,False,False,False,False
TXN_5935601,False,False,False,False,False
TXN_1421247,False,False,False,False,False
TXN_6179719,True,False,False,False,False
TXN_4382785,False,False,False,False,False
TXN_7889556,False,False,False,False,False
TXN_9026058,False,False,False,False,False
TXN_1228408,False,True,True,True,True
TXN_9377315,False,False,False,False,False
TXN_8015772,False,False,False,False,False
TXN_9686182,False,False,False,False,False
TXN_2773543,True,False,False,False,False
TXN_7829243,False,False,False,False,False
TXN_6404760,False,False,False,False,False
TXN_5517289,False,False,False,False,False
TXN_8050790,False,False,False,False,False
TXN_2569890,False,False,False,False,False
TXN_5070893,False,False,False,False,False
TXN_6970370,False,False,False,False,False
TXN_7323366,False,True,True,True,True
TXN_2215651,False,False,False,False,False
TXN_7710993,True,False,False,False,False
TXN_2543221,False,False,False,False,False
TXN_6027222,True,False,False,False,False
TXN_2749140,False,False,False,False,False
TXN_8648929,False,False,False,False,False
TXN_2930468,False,False,False,False,False
TXN_4889414,False,False,False,False,False
TXN_2485793,False,False,False,False,False
TXN_7534544,False,False,False,False,False
TXN_3816125,False,False,False,False,False
TXN_6467014,False,False,False,False,False
TXN_5052868,False,False,False,False,False
TXN_8031867,False,False,False,False,False
TXN_6720124,True,False,False,False,False
TXN_6610318,False,False,False,False,False
TXN_5216018,False,False,False,False,False
TXN_6945381,False,False,False,False,False
TXN_4901740,False,False,False,False,False
TXN_9075046,False,False,False,False,False
TXN_8896457,False,False,False,False,False
TXN_8199497,False,False,False,False,False
TXN_4379762,True,False,False,False,False
TXN_8074211,False,True,True,True,True
TXN_3608682,False,False,False,False,False
TXN_3231808,False,False,False,False,False
TXN_9404072,False,False,False,False,False
TXN_3205425,False,False,False,False,False
TXN_9621491,False,False,False,False,False
TXN_6765122,False,False,False,False,False
TXN_4805802,False,False,False,False,False
TXN_6400204,False,False,False,False,False
TXN_3758544,False,False,False,False,False
TXN_1305845,False,False,False,False,False
TXN_8517369,False,False,False,False,False
TXN_2991837,False,False,False,False,False
TXN_9384720,False,False,False,False,False
TXN_4644013,False,False,False,False,False
TXN_5523804,False,False,False,False,False
TXN_2197774,False,False,False,False,False
TXN_2114614,False,True,True,True,True
TXN_6223914,False,False,False,False,False
TXN_9374739,False,True,True,True,True
TXN_1516498,False,False,False,False,False
TXN_8140334,False,False,False,False,False
TXN_9271260,False,False,False,False,False
TXN_3856063,False,False,False,False,False
TXN_3816500,False,False,False,False,False
TXN_2510100,False,False,False,False,False
TXN_4356714,False,False,False,False,False
TXN_2017094,False,False,False,False,False
TXN_9059235,False,False,False,False,False
TXN_6229221,False,False,False,False,False
TXN_1528866,False,False,False,False,False
TXN_3521280,False,False,False,False,False
TXN_9554941,False,False,False,False,False
TXN_9823408,True,False,False,False,False
TXN_4404066,False,False,False,False,False
TXN_7922911,False,False,False,False,False
TXN_2209308,False,False,False,False,False
TXN_6325212,True,False,False,False,False
TXN_3157841,False,False,False,False,False
TXN_9929072,False,False,False,False,False
TXN_9489720,False,False,False,False,False
TXN_7608026,False,False,False,False,False
TXN_8627287,False,False,False,False,False
TXN_9014397,True,False,False,False,False
TXN_6036397,False,True,True,True,True
TXN_3707187,False,False,False,False,False
TXN_7059985,False,False,False,False,False
TXN_2090888,False,False,False,False,False
TXN_8144925,False,False,False,False,False
TXN_4064394,False,False,False,False,False
TXN_7888046,False,False,False,False,False
TXN_4506615,False,False,False,False,False
TXN_7239667,False,False,False,False,False
TXN_4299995,False,False,False,False,False
TXN_7107517,False,False,False,False,False
TXN_3195860,False,False,False,False,False
TXN_3878711,False,False,False,False,False
TXN_4871817,False,False,False,False,False
TXN_2285773,False,False,False,False,False
TXN_8540496,False,False,False,False,False
TXN_9357539,False,False,False,False,False
TXN_9441394,False,False,False,False,False
TXN_9192184,False,False,False,False,False
TXN_7766873,False,True,True,True,True
TXN_3298194,False,False,False,False,False
TXN_4461053,False,False,False,False,False
TXN_5558575,False,False,False,False,False
TXN_8715500,False,False,False,False,False
TXN_2577257,False,False,False,False,False
TXN_8722334,False,False,False,False,False
TXN_9420175,False,False,False,False,False
TXN_5384743,False,False,False,False,False
TXN_6483370,False,False,False,False,False
TXN_9026093,False,False,False,False,False
TXN_1746795,False,True,True,True,True
TXN_8804764,False,False,False,False,False
TXN_3254406,False,False,False,False,False
TXN_7019152,False,False,False,False,False
TXN_8845178,False,False,False,False,False
TXN_4130749,False,False,False,False,False
TXN_7704793,False,False,False,False,False
TXN_9349221,False,True,True,True,True
TXN_4862103,False,False,False,False,False
TXN_7928146,False,False,False,False,False
TXN_3786390,False,False,False,False,False
TXN_7017227,False,False,False,False,False
TXN_1778676,False,False,False,False,False
TXN_3809776,False,False,False,False,False
TXN_5127097,False,False,False,False,False
TXN_4399010,False,False,False,False,False
TXN_6603773,False,False,False,False,False
TXN_8925408,False,True,True,True,True
TXN_9682433,True,False,False,False,False
TXN_5814800,False,False,False,False,False
TXN_3925839,True,False,False,False,False
TXN_7682765,False,False,False,False,False
TXN_2570631,False,False,False,False,False
TXN_3801711,False,False,False,False,False
TXN_3975050,False,False,False,False,False
TXN_2764924,False,False,False,False,False
TXN_9532815,False,False,False,False,False
TXN_9575437,False,False,False,False,False
TXN_2572509,False,False,False,False,False
TXN_4691878,False,False,False,False,False
TXN_5550924,False,False,False,False,False
TXN_7520240,False,False,False,False,False
TXN_1342762,False,False,False,False,False
TXN_1226245,False,True,True,True,True
TXN_4989812,False,False,False,False,False
TXN_3137292,False,False,False,False,False
TXN_4926864,False,False,False,False,False
TXN_7382906,False,False,False,False,False
TXN_4361393,False,False,False,False,False
TXN_2073907,False,False,False,False,False
TXN_5939495,False,False,False,False,False
TXN_3158202,False,False,False,False,False
TXN_3974545,False,False,False,False,False
TXN_7736317,False,False,False,False,False
TXN_6644662,False,False,False,False,False
TXN_8356888,False,False,False,False,False
TXN_9211870,False,False,False,False,False
TXN_7455673,False,False,False,False,False
TXN_6721126,False,False,False,False,False
TXN_6362597,False,False,False,False,False
TXN_2595699,False,False,False,False,False
TXN_1318100,False,False,False,False,False
TXN_6886294,False,False,False,False,False
TXN_8087783,False,False,False,False,False
TXN_6980255,False,False,False,False,False
TXN_4169525,False,False,False,False,False
TXN_9946688,False,False,False,False,False
TXN_7280884,False,False,False,False,False
TXN_6398385,False,False,False,False,False
TXN_7472179,False,False,False,False,False
TXN_8969383,False,False,False,False,False
TXN_7254503,False,False,False,False,False
TXN_5761267,False,False,False,False,False
TXN_4044974,False,True,True,True,True
TXN_6292001,False,False,False,False,False
TXN_5612175,True,False,False,False,False
TXN_1916676,False,False,False,False,False
TXN_7077220,False,False,False,False,False
TXN_4566087,False,False,False,False,False
TXN_3948601,False,False,False,False,False
TXN_1238908,False,False,False,False,False
TXN_4055065,False,False,False,False,False
TXN_6226129,False,False,False,False,False
TXN_4288023,False,False,False,False,False
TXN_6845708,False,False,False,False,False
TXN_4943330,False,False,False,False,False
TXN_4920280,False,False,False,False,False
TXN_9464343,True,False,False,False,False
TXN_3789637,False,False,False,False,False
TXN_9779183,False,False,False,False,False
TXN_7056129,False,False,False,False,False
TXN_7628297,False,False,False,False,False
TXN_2012777,False,False,False,False,False
TXN_2421640,False,False,False,False,False
TXN_4908316,False,False,False,False,False
TXN_3652475,False,False,False,False,False
TXN_4071358,False,False,False,False,False
TXN_4295746,False,False,False,False,False
TXN_7764504,True,False,False,False,False
TXN_8285503,False,False,False,False,False
TXN_8588500,False,False,False,False,False
TXN_7320060,False,False,False,False,False
TXN_7095216,False,False,False,False,False
TXN_6383303,False,False,False,False,False
TXN_5257079,False,False,False,False,False
TXN_7441583,False,False,False,False,False
TXN_3601742,False,False,False,False,False
TXN_6452259,False,False,False,False,False
TXN_8509815,False,False,False,False,False
TXN_2379337,False,False,False,False,False
TXN_5485213,False,False,False,False,False
TXN_4854437,False,False,False,False,False
TXN_3441163,False,False,False,False,False
TXN_8314850,False,False,False,False,False
TXN_3066141,False,False,False,False,False
TXN_9341645,False,False,False,False,False
TXN_4567181,False,False,False,False,False
TXN_1137690,False,False,False,False,False
TXN_7467643,False,False,False,False,False
TXN_2226551,False,False,False,False,False
TXN_2551088,False,True,True,True,True
TXN_8315289,False,False,False,False,False
TXN_7056530,False,False,False,False,False
TXN_8760856,False,False,False,False,False
TXN_6873651,False,False,False,False,False
TXN_7078608,False,False,False,False,False
TXN_1892944,False,False,False,False,False
TXN_6609162,False,False,False,False,False
TXN_1012276,False,False,False,False,False
TXN_1508547,False,False,False,False,False
TXN_8971441,False,False,False,False,False
TXN_7101949,False,False,False,False,False
TXN_7138504,False,False,False,False,False
TXN_1425560,True,False,False,False,False
TXN_3301108,False,False,False,False,False
TXN_7549543,False,False,False,False,False
TXN_2839202,False,False,False,False,False
TXN_3040482,False,False,False,False,False
TXN_4665978,False,False,False,False,False
TXN_4437831,False,False,False,False,False
TXN_3201793,False,False,False,False,False
TXN_4893741,False,False,False,False,False
TXN_5080357,False,True,True,True,True
TXN_1046367,True,False,False,False,False
TXN_7561812,False,False,False,False,False
TXN_6036535,False,False,False,False,False
TXN_7116689,False,False,False,False,False
TXN_8364629,False,False,False,False,False
TXN_2116815,False,False,False,False,False
TXN_9230065,False,False,False,False,False
TXN_6936789,False,False,False,False,False
TXN_1801245,False,False,False,False,False
TXN_9794056,False,False,False,False,False
TXN_7090254,False,False,False,False,False
TXN_9858963,False,False,False,False,False
TXN_1266761,False,False,False,False,False
TXN_1664534,False,False,False,False,False
TXN_7750901,False,False,False,False,False
TXN_3597074,False,False,False,False,False
TXN_8127453,False,False,False,False,False
TXN_2173572,False,False,False,False,False
TXN_2791670,False,False,False,False,False
TXN_6745168,False,False,False,False,False
TXN_9133144,False,False,False,False,False
TXN_2651748,False,False,False,False,False
TXN_5916928,False,False,False,False,False
TXN_1363255,False,False,False,False,False
TXN_9821519,False,False,False,False,False
TXN_1434329,True,False,False,False,False
TXN_8383421,False,False,False,False,False
TXN_1265326,False,False,False,False,False
TXN_8194498,False,False,False,False,False
TXN_9135155,False,False,False,False,False
TXN_2083689,False,True,True,True,True
TXN_4176409,False,False,False,False,False
TXN_6868951,False,False,False,False,False
TXN_3209261,False,False,False,False,False
TXN_2356756,False,False,False,False,False
TXN_2822564,False,False,False,False,False
TXN_3199773,False,False,False,False,False
TXN_9975461,False,False,False,False,False
TXN_6450000,False,False,False,False,False
TXN_3198892,False,False,False,False,False
TXN_2872093,False,False,False,False,False
TXN_8005357,False,False,False,False,False
TXN_6947851,False,False,False,False,False
TXN_6364752,False,True,True,True,True
TXN_7028436,False,False,False,False,False
TXN_2541183,False,False,False,False,False
TXN_4169487,False,False,False,False,False
TXN_5332200,False,False,False,False,False
TXN_1289036,False,False,False,False,False
TXN_1219680,False,False,False,False,False
TXN_1813718,True,False,False,False,False
TXN_4260538,False,False,False,False,False
TXN_2935001,False,False,False,False,False
TXN_8833136,False,False,False,False,False
TXN_3644047,False,False,False,False,False
TXN_5059104,False,False,False,False,False
TXN_1906808,False,False,False,False,False
TXN_6113342,False,False,False,False,False
TXN_6568038,True,False,False,False,False
TXN_9397196,False,False,False,False,False
TXN_6727590,False,False,False,False,False
TXN_8808139,False,False,False,False,False
TXN_1392412,False,False,False,False,False
TXN_6155057,False,False,False,False,False
TXN_8361537,False,False,False,False,False
TXN_1211345,True,False,False,False,False
TXN_4450656,False,False,False,False,False
TXN_4975288,False,False,False,False,False
TXN_6577096,False,False,False,False,False
TXN_1978638,False,False,False,False,False
TXN_5948038,False,False,False,False,False
TXN_7345416,False,False,False,False,False
TXN_7840743,False,False,False,False,False
TXN_5217409,False,False,False,False,False
TXN_4308632,False,False,False,False,False
TXN_2826383,False,False,False,False,False
TXN_4380827,False,False,False,False,False
TXN_1337454,False,True,True,True,True
TXN_5851222,False,False,False,False,False
TXN_2832270,False,False,False,False,False
TXN_1574874,False,False,False,False,False
TXN_9729966,False,False,False,False,False
TXN_5917033,False,False,False,False,False
TXN_3923033,True,False,False,False,False
TXN_3950585,False,False,False,False,False
TXN_3641566,False,False,False,False,False
TXN_8524452,False,False,False,False,False
TXN_1089350,False,False,False,False,False
TXN_8885533,False,False,False,False,False
TXN_2408868,False,False,False,False,False
TXN_5978214,False,False,False,False,False
TXN_7053979,False,False,False,False,False
TXN_8240632,False,False,False,False,False
TXN_8335741,False,False,False,False,False
TXN_5368211,False,False,False,False,False
TXN_5605251,False,False,False,False,False
TXN_4703862,False,False,False,False,False
TXN_5362267,False,False,False,False,False
TXN_3675138,False,False,False,False,False
TXN_9080405,False,False,False,False,False
TXN_6984733,False,False,False,False,False
TXN_8078608,False,False,False,False,False
TXN_4242984,False,False,False,False,False
TXN_2602980,False,False,False,False,False
TXN_2622199,False,False,False,False,False
TXN_9915285,False,False,False,False,False
TXN_4528114,False,False,False,False,False
TXN_8782678,False,False,False,False,False
TXN_4802054,False,False,False,False,False
TXN_2570092,False,False,False,False,False
TXN_1983263,False,False,False,False,False
TXN_6286103,False,False,False,False,False
TXN_2390056,False,False,False,False,False
TXN_8271625,False,False,False,False,False
TXN_9508915,False,False,False,False,False
TXN_7612835,False,True,True,True,True
TXN_9355349,False,False,False,False,False
TXN_8955481,False,False,False,False,False
TXN_6784148,False,False,False,False,False
TXN_1901951,False,False,False,False,False
TXN_7896424,False,False,False,False,False
TXN_2021252,False,False,False,False,False
TXN_7131796,False,False,False,False,False
TXN_5819222,False,False,False,False,False
TXN_1503085,False,False,False,False,False
TXN_3091416,False,False,False,False,False
TXN_4894246,False,True,True,True,True
TXN_7115676,False,False,False,False,False
TXN_1006123,False,False,False,False,False
TXN_9060638,False,False,False,False,False
TXN_4086664,False,False,False,False,False
TXN_3233173,False,False,False,False,False
TXN_8879706,False,False,False,False,False
TXN_2235747,False,False,False,False,False
TXN_4709320,False,False,False,False,False
TXN_7689517,False,False,False,False,False
TXN_2049292,False,False,False,False,False
TXN_7554858,False,True,True,True,True
TXN_4299947,False,False,False,False,False
TXN_1423104,False,False,False,False,False
TXN_9521709,True,False,False,False,False
TXN_1068083,False,False,False,False,False
TXN_9518180,False,False,False,False,False
TXN_1341944,False,False,False,False,False
TXN_6867521,False,False,False,False,False
TXN_1056560,False,False,False,False,False
TXN_4984186,False,False,False,False,False
TXN_9683490,False,False,False,False,False
TXN_4926679,False,False,False,False,False
TXN_1802987,False,False,False,False,False
TXN_5129876,False,False,False,False,False
TXN_6167313,False,False,False,False,False
TXN_3642617,False,False,False,False,False
TXN_6513125,False,False,False,False,False
TXN_7998494,False,False,False,False,False
TXN_4287814,False,False,False,False,False
TXN_5659196,False,False,False,False,False
TXN_2245991,False,False,False,False,False
TXN_3922232,False,False,False,False,False
TXN_4014378,False,False,False,False,False
TXN_7271665,False,False,False,False,False
TXN_2370951,False,False,False,False,False
TXN_5261729,False,False,False,False,False
TXN_8345096,False,False,False,False,False
TXN_5052568,False,False,False,False,False
TXN_2776242,False,False,False,False,False
TXN_8834965,False,False,False,False,False
TXN_1581204,False,False,False,False,False
TXN_5328500,False,False,False,False,False
TXN_8137790,False,False,False,False,False
TXN_5904701,False,False,False,False,False
TXN_6766304,False,False,False,False,False
TXN_2994824,False,False,False,False,False
TXN_2032102,False,False,False,False,False
TXN_8494899,False,False,False,False,False
TXN_5793195,False,True,True,True,True
TXN_7140503,False,True,True,True,True
TXN_6954754,False,False,False,False,False
TXN_6481866,False,False,False,False,False
TXN_2895452,False,False,False,False,False
TXN_9950024,False,False,False,False,False
TXN_7465318,False,False,False,False,False
TXN_6449718,False,False,False,False,False
TXN_2953972,True,False,False,False,False
TXN_5391688,False,False,False,False,False
TXN_2032621,False,False,False,False,False
TXN_4864899,False,False,False,False,False
TXN_2524809,False,False,False,False,False
TXN_2945851,False,False,False,False,False
TXN_3777133,False,False,False,False,False
TXN_9867587,False,False,False,False,False
TXN_8927407,False,True,True,True,True
TXN_7737340,False,False,False,False,False
TXN_8402437,False,False,False,False,False
TXN_8754747,False,False,False,False,False
TXN_9740911,False,False,False,False,False
TXN_9882558,False,False,False,False,False
TXN_7747407,True,False,False,False,False
TXN_4165936,False,False,False,False,False
TXN_4902630,False,False,False,False,False
TXN_4129849,False,False,False,False,False
TXN_7954454,False,True,True,True,True
TXN_1138768,False,False,False,False,False
TXN_7908356,False,False,False,False,False
TXN_5046899,False,False,False,False,False
TXN_8316682,False,False,False,False,False
TXN_3300791,False,False,False,False,False
TXN_6229504,False,False,False,False,False
TXN_5890227,False,False,False,False,False
TXN_4677429,False,False,False,False,False
TXN_2102336,False,False,False,False,False
TXN_7068908,False,False,False,False,False
TXN_7170661,False,False,False,False,False
TXN_5026398,True,False,False,False,False
TXN_7565406,True,False,False,False,False
TXN_1514117,False,False,False,False,False
TXN_1354152,False,False,False,False,False
TXN_6224018,False,False,False,False,False
TXN_2853011,False,False,False,False,False
TXN_3168019,False,False,False,False,False
TXN_4879792,False,False,False,False,False
TXN_9379089,False,False,False,False,False
TXN_3547519,False,False,False,False,False
TXN_1954548,False,False,False,False,False
TXN_9158283,False,True,True,True,True
TXN_2029127,False,False,False,False,False
TXN_2046922,True,False,False,False,False
TXN_4408619,False,False,False,False,False
TXN_5155156,False,False,False,False,False
TXN_8931910,False,False,False,False,False
TXN_4468083,False,False,False,False,False
TXN_9044453,False,False,False,False,False
TXN_4272832,False,False,False,False,False
TXN_7124851,False,False,False,False,False
TXN_7587019,False,False,False,False,False
TXN_2695177,False,False,False,False,False
TXN_8293569,False,False,False,False,False
TXN_4708675,False,False,False,False,False
TXN_7627081,False,False,False,False,False
TXN_3707017,True,False,False,False,False
TXN_3384376,False,False,False,False,False
TXN_1454886,False,False,False,False,False
TXN_2179469,False,False,False,False,False
TXN_3827408,False,False,False,False,False
TXN_9779104,False,False,False,False,False
TXN_2030685,False,False,False,False,False
TXN_2338994,False,False,False,False,False
TXN_7912681,False,False,False,False,False
TXN_8165360,False,False,False,False,False
TXN_5000699,False,False,False,False,False
TXN_2912284,False,False,False,False,False
TXN_5473528,False,True,True,True,True
TXN_1513521,False,False,False,False,False
TXN_9002809,False,False,False,False,False
TXN_3238026,False,False,False,False,False
TXN_6543986,False,False,False,False,False
TXN_5488903,False,False,False,False,False
TXN_3695108,False,False,False,False,False
TXN_2625598,False,False,False,False,False
TXN_8945171,False,False,False,False,False
TXN_5399162,False,False,False,False,False
TXN_9780180,False,False,False,False,False
TXN_6648814,False,False,False,False,False
TXN_8686778,False,False,False,False,False
TXN_8532994,False,False,False,False,False
TXN_8584427,False,False,False,False,False
TXN_6279943,False,False,False,False,False
TXN_2275962,False,False,False,False,False
TXN_7018266,False,False,False,False,False
TXN_7814324,False,False,False,False,False
TXN_7435689,False,False,False,False,False
TXN_8035999,False,False,False,False,False
TXN_3800325,False,False,False,False,False
TXN_7927513,False,False,False,False,False
TXN_4765007,False,False,False,False,False
TXN_1637239,False,False,False,False,False
TXN_1500347,False,False,False,False,False
TXN_4037215,False,False,False,False,False
TXN_9742543,False,False,False,False,False
TXN_9212186,False,False,False,False,False
TXN_2167229,False,False,False,False,False
TXN_9967946,False,False,False,False,False
TXN_4299562,False,False,False,False,False
TXN_7881149,False,False,False,False,False
TXN_1838613,False,False,False,False,False
TXN_5404379,False,False,False,False,False
TXN_9744101,False,False,False,False,False
TXN_6912528,True,False,False,False,False
TXN_5047057,False,False,False,False,False
TXN_6573079,False,False,False,False,False
TXN_8803385,False,False,False,False,False
TXN_8934602,False,False,False,False,False
TXN_4082819,False,False,False,False,False
TXN_7941731,False,True,True,True,True
TXN_6703348,False,False,False,False,False
TXN_7487176,False,False,False,False,False
TXN_7121701,False,False,False,False,False
TXN_9483255,False,False,False,False,False
TXN_8238998,False,False,False,False,False
TXN_3125965,False,False,False,False,False
TXN_1942225,False,False,False,False,False
TXN_1161003,False,False,False,False,False
TXN_3861803,False,False,False,False,False
TXN_9479761,False,False,False,False,False
TXN_6523729,False,False,False,False,False
TXN_5628367,True,False,False,False,False
TXN_8917842,False,False,False,False,False
TXN_2727006,False,False,False,False,False
TXN_9546049,False,False,False,False,False
TXN_3831672,False,False,False,False,False
TXN_6991067,False,False,False,False,False
TXN_2234295,False,False,False,False,False
TXN_7984079,False,False,False,False,False
TXN_3676096,False,False,False,False,False
TXN_4541411,False,False,False,False,False
TXN_3088798,False,False,False,False,False
TXN_2447120,False,False,False,False,False
TXN_7394411,False,False,False,False,False
TXN_3115030,False,False,False,False,False
TXN_9298154,False,False,False,False,False
TXN_3044362,False,False,False,False,False
TXN_4534054,False,False,False,False,False
TXN_7348487,False,False,False,False,False
TXN_7669281,False,False,False,False,False
TXN_5151808,False,False,False,False,False
TXN_3103409,False,False,False,False,False
TXN_1763880,False,False,False,False,False
TXN_8376407,False,False,False,False,False
TXN_1354704,False,False,False,False,False
TXN_7898262,False,False,False,False,False
TXN_8213093,False,False,False,False,False
TXN_2108505,False,False,False,False,False
TXN_4274817,False,False,False,False,False
TXN_9113248,False,False,False,False,False
TXN_4222067,False,False,False,False,False
TXN_3354650,False,False,False,False,False
TXN_4733711,False,False,False,False,False
TXN_6204232,False,False,False,False,False
TXN_5841884,False,False,False,False,False
TXN_5533205,True,False,False,False,False
TXN_8299537,False,False,False,False,False
TXN_2630534,False,False,False,False,False
TXN_3499166,False,False,False,False,False
TXN_6015868,False,True,True,True,True
TXN_5181239,False,False,False,False,False
TXN_6780214,False,True,True,True,True
TXN_4102079,False,False,False,False,False
TXN_6742452,False,False,False,False,False
TXN_1631345,False,False,False,False,False
TXN_3076458,False,False,False,False,False
TXN_2111257,False,False,False,False,False
TXN_7975440,False,False,False,False,False
TXN_3648215,True,False,False,False,False
TXN_3943267,False,False,False,False,False
TXN_1190407,False,False,False,False,False
TXN_6418246,False,False,False,False,False
TXN_5158837,False,True,True,True,True
TXN_8662660,False,False,False,False,False
TXN_6742481,False,False,False,False,False
TXN_5123517,False,False,False,False,False
TXN_5740802,False,False,False,False,False
TXN_6460857,False,False,False,False,False
TXN_5622173,False,False,False,False,False
TXN_4613619,False,False,False,False,False
TXN_1153704,False,False,False,False,False
TXN_9027302,False,False,False,False,False
TXN_9435818,False,False,False,False,False
TXN_8402013,False,False,False,False,False
TXN_5631765,False,False,False,False,False
TXN_2573164,False,False,False,False,False
TXN_7143271,False,False,False,False,False
TXN_8953962,False,False,False,False,False
TXN_4115707,False,False,False,False,False
TXN_7673621,False,False,False,False,False
TXN_3178675,False,False,False,False,False
TXN_2350545,False,True,True,True,True
TXN_4283461,False,False,False,False,False
TXN_2401524,False,False,False,False,False
TXN_6717903,False,False,False,False,False
TXN_2296900,False,False,False,False,False
TXN_7138571,True,False,False,False,False
TXN_8438563,False,False,False,False,False
TXN_3212539,False,False,False,False,False
TXN_6157602,False,False,False,False,False
TXN_6220862,False,False,False,False,False
TXN_8216096,False,False,False,False,False
TXN_4055300,False,False,False,False,False
TXN_5514653,False,False,False,False,False
TXN_9886800,False,False,False,False,False
TXN_2447361,False,False,False,False,False
TXN_4710652,False,False,False,False,False
TXN_5037301,True,False,False,False,False
TXN_8694760,False,False,False,False,False
TXN_8722582,False,False,False,False,False
TXN_9829192,False,False,False,False,False
TXN_6280148,False,False,False,False,False
TXN_7858070,False,False,False,False,False
TXN_4063830,False,False,False,False,False
TXN_9619679,False,False,False,False,False
TXN_4232426,False,False,False,False,False
TXN_2122406,False,False,False,False,False
TXN_3158395,False,False,False,False,False
TXN_2878204,False,False,False,False,False
TXN_8295792,False,False,False,False,False
TXN_7984009,False,False,False,False,False
TXN_4580660,False,False,False,False,False
TXN_5190484,False,False,False,False,False
TXN_1926590,False,False,False,False,False
TXN_5680789,False,False,False,False,False
TXN_7478863,True,False,False,False,False
TXN_9967357,False,False,False,False,False
TXN_4864665,False,False,False,False,False
TXN_7303362,True,False,False,False,False
TXN_7866173,False,False,False,False,False
TXN_1376742,False,True,True,True,True
TXN_4238599,False,False,False,False,False
TXN_6891915,False,False,False,False,False
TXN_5588584,False,False,False,False,False
TXN_8451329,False,False,False,False,False
TXN_1906850,False,False,False,False,False
TXN_8179078,False,False,False,False,False
TXN_6530329,False,False,False,False,False
TXN_6380869,False,False,False,False,False
TXN_8021276,False,False,False,False,False
TXN_1629845,False,False,False,False,False
TXN_8073705,False,False,False,False,False
TXN_5071376,False,False,False,False,False
TXN_9068188,False,False,False,False,False
TXN_7583936,False,False,False,False,False
TXN_6350381,False,False,False,False,False
TXN_3896731,False,False,False,False,False
TXN_8284106,False,False,False,False,False
TXN_5884888,False,False,False,False,False
TXN_4013276,False,False,False,False,False
TXN_2778307,False,False,False,False,False
TXN_4883235,False,False,False,False,False
TXN_8692872,False,False,False,False,False
TXN_4063341,False,False,False,False,False
TXN_4624810,True,False,False,False,False
TXN_8818340,False,False,False,False,False
TXN_3890213,False,False,False,False,False
TXN_9862250,False,False,False,False,False
TXN_6346461,False,False,False,False,False
TXN_4204330,False,False,False,False,False
TXN_7887194,False,False,False,False,False
TXN_5762651,False,False,False,False,False
TXN_3531848,False,False,False,False,False
TXN_4776643,False,False,False,False,False
TXN_1818334,False,False,False,False,False
TXN_3894563,False,False,False,False,False
TXN_7450879,True,False,False,False,False
TXN_2850918,False,False,False,False,False
TXN_6133268,False,True,True,True,True
TXN_7388794,False,False,False,False,False
TXN_6913140,False,False,False,False,False
TXN_6415831,False,False,False,False,False
TXN_9976541,False,False,False,False,False
TXN_5428095,False,False,False,False,False
TXN_2894843,False,False,False,False,False
TXN_9976971,False,False,False,False,False
TXN_9442211,False,False,False,False,False
TXN_7595172,False,False,False,False,False
TXN_5687388,False,False,False,False,False
TXN_1965640,False,False,False,False,False
TXN_5301234,False,False,False,False,False
TXN_8642580,False,False,False,False,False
TXN_4306611,False,False,False,False,False
TXN_1117354,False,False,False,False,False
TXN_5239863,False,False,False,False,False
TXN_9471719,False,False,False,False,False
TXN_6251701,False,True,True,True,True
TXN_4657405,False,False,False,False,False
TXN_8543967,False,False,False,False,False
TXN_3486476,False,False,False,False,False
TXN_6529390,False,False,False,False,False
TXN_1610590,False,False,False,False,False
TXN_6973160,False,False,False,False,False
TXN_5554317,False,False,False,False,False
TXN_1360556,False,False,False,False,False
TXN_7020339,False,False,False,False,False
TXN_2198875,False,False,False,False,False
TXN_7378314,False,False,False,False,False
TXN_4226051,False,False,False,False,False
TXN_3178975,False,False,False,False,False
TXN_6997387,False,False,False,False,False
TXN_3275587,True,False,False,False,False
TXN_6867504,False,False,False,False,False
TXN_2345880,False,False,False,False,False
TXN_5153121,False,False,False,False,False
TXN_9670800,False,False,False,False,False
TXN_2232426,False,False,False,False,False
TXN_2739401,False,False,False,False,False
TXN_5292313,False,False,False,False,False
TXN_7174887,False,False,False,False,False
TXN_8317660,False,False,False,False,False
TXN_5034413,False,False,False,False,False
TXN_6102269,False,False,False,False,False
TXN_2204860,False,False,False,False,False
TXN_1044009,False,False,False,False,False
TXN_3514972,False,False,False,False,False
TXN_6092283,False,False,False,False,False
TXN_9165564,True,False,False,False,False
TXN_5991912,False,False,False,False,False
TXN_5532478,False,False,False,False,False
TXN_5248260,False,False,False,False,False
TXN_6333391,False,False,False,False,False
TXN_2767410,False,False,False,False,False
TXN_5740060,False,False,False,False,False
TXN_6321793,False,False,False,False,False
TXN_9173181,False,False,False,False,False
TXN_1971043,False,False,False,False,False
TXN_8496149,False,True,True,True,True
TXN_8274832,False,False,False,False,False
TXN_6501235,False,False,False,False,False
TXN_1257746,False,False,False,False,False
TXN_6227305,False,True,True,True,True
TXN_4699589,False,True,True,True,True
TXN_5035545,False,False,False,False,False
TXN_7105109,False,False,False,False,False
TXN_2463351,True,False,False,False,False
TXN_4061146,False,False,False,False,False
TXN_1826818,False,False,False,False,False
TXN_7807998,False,False,False,False,False
TXN_5055357,False,False,False,False,False
TXN_8313334,False,False,False,False,False
TXN_1408851,False,False,False,False,False
TXN_5701048,False,False,False,False,False
TXN_3706741,False,False,False,False,False
TXN_2207845,False,False,False,False,False
TXN_2565254,False,False,False,False,False
TXN_8931933,False,False,False,False,False
TXN_3703564,False,False,False,False,False
TXN_3747085,False,True,True,True,True
TXN_7157916,False,False,False,False,False
TXN_1091915,False,False,False,False,False
TXN_7780561,True,False,False,False,False
TXN_5221018,False,False,False,False,False
TXN_8603145,False,False,False,False,False
TXN_9886688,False,False,False,False,False
TXN_7715494,False,False,False,False,False
TXN_4903037,False,False,False,False,False
TXN_3325191,False,False,False,False,False
TXN_1078672,False,False,False,False,False
TXN_7582224,False,False,False,False,False
TXN_1781058,False,False,False,False,False
TXN_3620185,False,False,False,False,False
TXN_5277569,False,False,False,False,False
TXN_7497013,False,False,False,False,False
TXN_8363763,False,False,False,False,False
TXN_6008281,False,False,False,False,False
TXN_7342745,False,False,False,False,False
TXN_5063217,False,False,False,False,False
TXN_1743700,False,False,False,False,False
TXN_2088735,False,False,False,False,False
TXN_3152795,False,False,False,False,False
TXN_9312667,False,False,False,False,False
TXN_5531182,False,False,False,False,False
TXN_2855329,False,False,False,False,False
TXN_3297253,False,False,False,False,False
TXN_4955717,False,False,False,False,False
TXN_1757980,False,False,False,False,False
TXN_5142992,False,False,False,False,False
TXN_3809804,False,False,False,False,False
TXN_1746228,False,False,False,False,False
TXN_8262363,False,False,False,False,False
TXN_7345106,False,False,False,False,False
TXN_2993263,False,False,False,False,False
TXN_9687417,False,False,False,False,False
TXN_1688767,False,False,False,False,False
TXN_8209222,False,False,False,False,False
TXN_3575373,True,False,False,False,False
TXN_9821381,False,False,False,False,False
TXN_7442640,False,False,False,False,False
TXN_9848359,False,False,False,False,False
TXN_4705123,False,False,False,False,False
TXN_5771988,False,True,True,True,True
TXN_6893397,False,False,False,False,False
TXN_3591977,False,False,False,False,False
TXN_7852936,False,False,False,False,False
TXN_8860703,False,False,False,False,False
TXN_8778726,False,False,False,False,False
TXN_2625866,False,False,False,False,False
TXN_4689214,False,False,False,False,False
TXN_7141723,False,False,False,False,False
TXN_4663019,False,False,False,False,False
TXN_9991358,False,False,False,False,False
TXN_4304226,False,False,False,False,False
TXN_8837973,False,False,False,False,False
TXN_8897254,False,False,False,False,False
TXN_6633776,False,False,False,False,False
TXN_1914649,False,False,False,False,False
TXN_1175007,False,False,False,False,False
TXN_7589967,False,True,True,True,True
TXN_9252739,False,False,False,False,False
TXN_2453156,False,False,False,False,False
TXN_2694211,False,False,False,False,False
TXN_5861553,False,False,False,False,False
TXN_6096860,False,True,True,True,True
TXN_9088597,False,False,False,False,False
TXN_9761735,False,False,False,False,False
TXN_3206739,False,False,False,False,False
TXN_6866951,True,False,False,False,False
TXN_1178688,False,False,False,False,False
TXN_4030585,False,False,False,False,False
TXN_5206226,False,False,False,False,False
TXN_4387932,False,False,False,False,False
TXN_7016344,False,False,False,False,False
TXN_5879899,False,False,False,False,False
TXN_2400589,False,False,False,False,False
TXN_5968294,False,False,False,False,False
TXN_7597821,True,False,False,False,False
TXN_8061941,False,False,False,False,False
TXN_9013787,False,False,False,False,False
TXN_1833797,False,False,False,False,False
TXN_5356552,False,False,False,False,False
TXN_1293495,False,False,False,False,False
TXN_9760364,False,False,False,False,False
TXN_9093693,False,False,False,False,False
TXN_1284380,True,False,False,False,False
TXN_5602945,False,False,False,False,False
TXN_8221789,True,False,False,False,False
TXN_2337522,False,True,True,True,True
TXN_9306598,False,False,False,False,False
TXN_1877280,False,False,False,False,False
TXN_8474989,False,False,False,False,False
TXN_4131069,False,False,False,False,False
TXN_2691217,True,False,False,False,False
TXN_3642493,False,False,False,False,False
TXN_4963681,False,False,False,False,False
TXN_8849152,False,False,False,False,False
TXN_8430322,False,False,False,False,False
TXN_2813616,False,False,False,False,False
TXN_9152621,False,False,False,False,False
TXN_9713205,False,False,False,False,False
TXN_2781552,False,False,False,False,False
TXN_9748731,False,False,False,False,False
TXN_6276223,False,False,False,False,False
TXN_7309819,False,False,False,False,False
TXN_7358431,False,False,False,False,False
TXN_1806809,False,False,False,False,False
TXN_4858882,False,False,False,False,False
TXN_2024907,False,False,False,False,False
TXN_2427553,False,False,False,False,False
TXN_9202573,False,False,False,False,False
TXN_1990804,False,False,False,False,False
TXN_1999095,False,False,False,False,False
TXN_8076264,False,True,True,True,True
TXN_6952271,False,False,False,False,False
TXN_6330492,False,False,False,False,False
TXN_5680991,False,False,False,False,False
TXN_5706555,False,False,False,False,False
TXN_1960835,False,False,False,False,False
TXN_4227145,False,False,False,False,False
TXN_1749831,False,False,False,False,False
TXN_5091925,False,False,False,False,False
TXN_9021131,False,False,False,False,False
TXN_3774966,False,False,False,False,False
TXN_6587902,False,False,False,False,False
TXN_8874924,False,False,False,False,False
TXN_6794062,False,False,False,False,False
TXN_3324893,False,False,False,False,False
TXN_2800453,False,False,False,False,False
TXN_8593519,False,False,False,False,False
TXN_3869190,False,False,False,False,False
TXN_9199451,False,False,False,False,False
TXN_1733096,False,False,False,False,False
TXN_8343511,False,False,False,False,False
TXN_7026208,False,False,False,False,False
TXN_6724745,False,False,False,False,False
TXN_9620521,True,False,False,False,False
TXN_4195260,False,True,True,True,True
TXN_4333003,False,False,False,False,False
TXN_3452469,False,False,False,False,False
TXN_6559568,False,False,False,False,False
TXN_8904495,False,False,False,False,False
TXN_8713017,False,False,False,False,False
TXN_2486841,False,False,False,False,False
TXN_3683979,False,False,False,False,False
TXN_2375733,False,False,False,False,False
TXN_4477147,False,False,False,False,False
TXN_1102901,False,False,False,False,False
TXN_4631871,False,False,False,False,False
TXN_9212145,False,False,False,False,False
TXN_1981490,False,False,False,False,False
TXN_1265621,False,False,False,False,False
TXN_4481593,False,False,False,False,False
TXN_1192429,False,False,False,False,False
TXN_3503862,True,False,False,False,False
TXN_8424740,False,False,False,False,False
TXN_6376057,False,False,False,False,False
TXN_3290440,False,False,False,False,False
TXN_7551403,False,False,False,False,False
TXN_1865240,False,False,False,False,False
TXN_5613380,False,False,False,False,False
TXN_2634971,False,False,False,False,False
TXN_3978048,True,False,False,False,False
TXN_8834253,False,False,False,False,False
TXN_2542225,False,False,False,False,False
TXN_3721973,False,False,False,False,False
TXN_4672858,False,False,False,False,False
TXN_1210437,False,False,False,False,False
TXN_1822926,False,False,False,False,False
TXN_5152448,False,False,False,False,False
TXN_8785041,False,False,False,False,False
TXN_5563568,False,False,False,False,False
TXN_5110591,False,False,False,False,False
TXN_8753170,False,False,False,False,False
TXN_7437993,False,False,False,False,False
TXN_6010260,False,False,False,False,False
TXN_9444336,False,False,False,False,False
TXN_2184078,False,False,False,False,False
TXN_9276926,False,False,False,False,False
TXN_1134786,False,False,False,False,False
TXN_6677830,False,False,False,False,False
TXN_9540418,False,False,False,False,False
TXN_1166621,False,False,False,False,False
TXN_7628356,False,False,False,False,False
TXN_7705072,False,False,False,False,False
TXN_4243232,False,False,False,False,False
TXN_4488427,False,False,False,False,False
TXN_5227674,False,False,False,False,False
TXN_5105777,False,False,False,False,False
TXN_3001024,False,False,False,False,False
TXN_9387439,False,False,False,False,False
TXN_4521020,False,False,False,False,False
TXN_5575598,False,False,False,False,False
TXN_4031068,False,False,False,False,False
TXN_1483524,False,False,False,False,False
TXN_3759268,False,False,False,False,False
TXN_7921654,False,False,False,False,False
TXN_6053571,False,False,False,False,False
TXN_8300398,False,False,False,False,False
TXN_9067549,False,False,False,False,False
TXN_9207641,False,False,False,False,False
TXN_8215831,False,False,False,False,False
TXN_2128361,False,False,False,False,False
TXN_5171758,False,False,False,False,False
TXN_9723010,False,False,False,False,False
TXN_3317458,False,False,False,False,False
TXN_6940568,False,False,False,False,False
TXN_8830035,False,False,False,False,False
TXN_1535908,False,False,False,False,False
TXN_3442172,False,False,False,False,False
TXN_6978346,False,False,False,False,False
TXN_4142429,False,False,False,False,False
TXN_5387401,False,False,False,False,False
TXN_9451154,False,False,False,False,False
TXN_3061840,False,False,False,False,False
TXN_9799570,False,False,False,False,False
TXN_4373165,False,False,False,False,False
TXN_3614311,False,False,False,False,False
TXN_8489843,False,False,False,False,False
TXN_4324613,False,False,False,False,False
TXN_3234418,False,False,False,False,False
TXN_5603167,False,False,False,False,False
TXN_1915866,False,False,False,False,False
TXN_5995528,False,False,False,False,False
TXN_8334587,False,False,False,False,False
TXN_3719328,False,False,False,False,False
TXN_2854112,True,False,False,False,False
TXN_3971163,True,False,False,False,False
TXN_7877933,True,False,False,False,False
TXN_8162077,False,False,False,False,False
TXN_9448652,False,False,False,False,False
TXN_4283333,False,False,False,False,False
TXN_6730526,False,True,True,True,True
TXN_9392209,False,False,False,False,False
TXN_7061932,False,False,False,False,False
TXN_3545055,False,False,False,False,False
TXN_1471432,False,False,False,False,False
TXN_9285109,True,False,False,False,False
TXN_4144158,False,False,False,False,False
TXN_2573398,False,False,False,False,False
TXN_7220136,False,False,False,False,False
TXN_4082896,False,False,False,False,False
TXN_3865377,False,False,False,False,False
TXN_6126205,False,False,False,False,False
TXN_3303315,False,False,False,False,False
TXN_5341574,True,False,False,False,False
TXN_9255550,False,False,False,False,False
TXN_9682013,False,False,False,False,False
TXN_5416951,False,False,False,False,False
TXN_1726888,False,False,False,False,False
TXN_1949980,False,False,False,False,False
TXN_4755286,False,False,False,False,False
TXN_4379335,False,False,False,False,False
TXN_1611531,False,False,False,False,False
TXN_3513596,False,False,False,False,False
TXN_1933506,False,False,False,False,False
TXN_8441291,False,False,False,False,False
TXN_2885167,False,False,False,False,False
TXN_9602143,False,False,False,False,False
TXN_1021697,False,False,False,False,False
TXN_3962481,False,False,False,False,False
TXN_4865783,False,False,False,False,False
TXN_1309344,False,False,False,False,False
TXN_4132386,False,False,False,False,False
TXN_3411885,False,False,False,False,False
TXN_2744981,False,False,False,False,False
TXN_1537039,False,False,False,False,False
TXN_2689920,False,False,False,False,False
TXN_2314713,False,False,False,False,False
TXN_3967043,False,False,False,False,False
TXN_6471785,False,False,False,False,False
TXN_1849169,False,False,False,False,False
TXN_5969171,False,False,False,False,False
TXN_7248220,False,False,False,False,False
TXN_3648115,False,False,False,False,False
TXN_5026777,False,False,False,False,False
TXN_4070576,False,False,False,False,False
TXN_5889960,False,False,False,False,False
TXN_2614296,False,False,False,False,False
TXN_1319314,False,False,False,False,False
TXN_4051562,False,False,False,False,False
TXN_2024171,False,False,False,False,False
TXN_7109230,False,False,False,False,False
TXN_1880096,False,False,False,False,False
TXN_4467507,True,False,False,False,False
TXN_2128705,False,False,False,False,False
TXN_2624035,False,False,False,False,False
TXN_8144943,False,False,False,False,False
TXN_8416020,False,True,True,True,True
TXN_4832854,False,False,False,False,False
TXN_1505983,False,False,False,False,False
TXN_7347397,False,False,False,False,False
TXN_5735723,False,False,False,False,False
TXN_4989570,True,False,False,False,False
TXN_6886810,False,False,False,False,False
TXN_6555696,False,False,False,False,False
TXN_4704657,False,False,False,False,False
TXN_8010278,False,False,False,False,False
TXN_7459969,False,False,False,False,False
TXN_3922622,False,False,False,False,False
TXN_3270223,False,False,False,False,False
TXN_4315111,False,False,False,False,False
TXN_3568126,False,False,False,False,False
TXN_8094925,False,False,False,False,False
TXN_4778944,False,False,False,False,False
TXN_7951378,False,False,False,False,False
TXN_5203845,True,False,False,False,False
TXN_6619258,False,False,False,False,False
TXN_7581115,False,True,True,True,True
TXN_6427135,False,False,False,False,False
TXN_6015616,False,False,False,False,False
TXN_6770695,False,False,False,False,False
TXN_1213004,False,False,False,False,False
TXN_6896978,False,False,False,False,False
TXN_6076046,False,False,False,False,False
TXN_4594043,False,False,False,False,False
TXN_1317207,False,False,False,False,False
TXN_7497632,False,False,False,False,False
TXN_6841543,False,False,False,False,False
TXN_1579155,False,True,True,True,True
TXN_9463668,False,False,False,False,False
TXN_9807056,False,False,False,False,False
TXN_1842699,False,False,False,False,False
TXN_7784746,False,True,True,True,True
TXN_2025936,False,False,False,False,False
TXN_5005918,False,False,False,False,False
TXN_6363176,False,False,False,False,False
TXN_2415104,False,False,False,False,False
TXN_2267230,False,False,False,False,False
TXN_3314427,False,False,False,False,False
TXN_7656897,False,False,False,False,False
TXN_7569506,False,False,False,False,False
TXN_9522873,False,False,False,False,False
TXN_8036485,False,False,False,False,False
TXN_5193663,False,False,False,False,False
TXN_6720752,False,False,False,False,False
TXN_3519634,False,False,False,False,False
TXN_2651559,False,False,False,False,False
TXN_2946597,False,True,True,True,True
TXN_2135357,False,False,False,False,False
TXN_7997772,False,False,False,False,False
TXN_7556855,False,False,False,False,False
TXN_3849990,False,False,False,False,False
TXN_2860283,False,False,False,False,False
TXN_9865472,False,False,False,False,False
TXN_8059116,False,False,False,False,False
TXN_2324066,False,True,True,True,True
TXN_1731329,False,False,False,False,False
TXN_5332685,False,False,False,False,False
TXN_8545700,False,False,False,False,False
TXN_9750559,False,False,False,False,False
TXN_2543088,False,False,False,False,False
TXN_5056575,False,False,False,False,False
TXN_3404251,False,False,False,False,False
TXN_5458839,False,False,False,False,False
TXN_9553259,False,False,False,False,False
TXN_6089183,False,False,False,False,False
TXN_7878130,False,False,False,False,False
TXN_1829811,False,False,False,False,False
TXN_8275640,False,False,False,False,False
TXN_4265335,False,False,False,False,False
TXN_9818960,False,False,False,False,False
TXN_5436478,False,False,False,False,False
TXN_2869668,False,False,False,False,False
TXN_8697688,False,True,True,True,True
TXN_2781577,False,False,False,False,False
TXN_1322913,True,False,False,False,False
TXN_8255668,False,False,False,False,False
TXN_5546642,False,False,False,False,False
TXN_3254399,False,False,False,False,False
TXN_3994804,True,False,False,False,False
TXN_7263952,False,False,False,False,False
TXN_7517089,False,False,False,False,False
TXN_4353166,False,False,False,False,False
TXN_2755169,False,False,False,False,False
TXN_4444444,False,False,False,False,False
TXN_6912966,False,False,False,False,False
TXN_9605931,False,False,False,False,False
TXN_2477555,False,False,False,False,False
TXN_3864173,False,False,False,False,False
TXN_9371962,False,False,False,False,False
TXN_8485060,False,False,False,False,False
TXN_3826429,False,False,False,False,False
TXN_6263624,False,False,False,False,False
TXN_6379138,False,False,False,False,False
TXN_2220459,False,False,False,False,False
TXN_9739398,False,False,False,False,False
TXN_5844928,False,False,False,False,False
TXN_7095887,False,False,False,False,False
TXN_5442078,True,False,False,False,False
TXN_7093465,False,False,False,False,False
TXN_4132764,False,False,False,False,False
TXN_7575240,False,False,False,False,False
TXN_7853513,False,False,False,False,False
TXN_5081040,False,False,False,False,False
TXN_8018205,False,False,False,False,False
TXN_4522149,False,False,False,False,False
TXN_7427224,False,False,False,False,False
TXN_2598069,False,False,False,False,False
TXN_7039780,False,False,False,False,False
TXN_2211997,False,False,False,False,False
TXN_3026600,False,False,False,False,False
TXN_2019445,False,False,False,False,False
TXN_7037135,False,False,False,False,False
TXN_4030118,False,False,False,False,False
TXN_1147196,False,False,False,False,False
TXN_8670643,True,False,False,False,False
TXN_1794604,False,False,False,False,False
TXN_2563000,False,False,False,False,False
TXN_9712699,False,False,False,False,False
TXN_2763819,False,True,True,True,True
TXN_2845336,False,False,False,False,False
TXN_9901915,False,False,False,False,False
TXN_6845710,True,False,False,False,False
TXN_5906554,False,False,False,False,False
TXN_3614090,False,False,False,False,False
TXN_6989869,False,True,True,True,True
TXN_1866665,False,False,False,False,False
TXN_2325423,False,True,True,True,True
TXN_4287352,False,False,False,False,False
TXN_3937470,False,False,False,False,False
TXN_6145546,False,False,False,False,False
TXN_5515647,False,False,False,False,False
TXN_4885762,False,False,False,False,False
TXN_8879912,False,False,False,False,False
TXN_5341621,False,False,False,False,False
TXN_9439778,False,False,False,False,False
TXN_1940400,False,False,False,False,False
TXN_2359902,False,False,False,False,False
TXN_2192117,False,False,False,False,False
TXN_3470018,False,False,False,False,False
TXN_5326454,False,False,False,False,False
TXN_6090746,False,False,False,False,False
TXN_2503668,False,False,False,False,False
TXN_7533209,False,False,False,False,False
TXN_1499569,False,True,True,True,True
TXN_4238718,False,False,False,False,False
TXN_3151678,False,False,False,False,False
TXN_5550602,False,False,False,False,False
TXN_5215490,False,False,False,False,False
TXN_3033931,True,False,False,False,False
TXN_4195293,False,False,False,False,False
TXN_7561034,False,False,False,False,False
TXN_9862117,False,False,False,False,False
TXN_8469419,False,True,True,True,True
TXN_9570129,False,False,False,False,False
TXN_1188804,False,False,False,False,False
TXN_7491390,False,False,False,False,False
TXN_1619948,False,False,False,False,False
TXN_1576813,False,False,False,False,False
TXN_5956886,False,False,False,False,False
TXN_5995127,False,False,False,False,False
TXN_6568002,False,False,False,False,False
TXN_7819012,False,True,True,True,True
TXN_6636583,False,False,False,False,False
TXN_4907871,False,False,False,False,False
TXN_3521811,False,False,False,False,False
TXN_3945230,False,False,False,False,False
TXN_6272497,False,False,False,False,False
TXN_9344833,False,False,False,False,False
TXN_6583758,False,False,False,False,False
TXN_7953083,False,False,False,False,False
TXN_4545070,False,False,False,False,False
TXN_5872878,False,False,False,False,False
TXN_4053847,False,False,False,False,False
TXN_6053875,False,False,False,False,False
TXN_2720959,False,False,False,False,False
TXN_2284295,False,False,False,False,False
TXN_5498882,False,False,False,False,False
TXN_5162529,False,False,False,False,False
TXN_7378094,False,True,True,True,True
TXN_2663829,False,False,False,False,False
TXN_4335324,False,False,False,False,False
TXN_4495319,False,True,True,True,True
TXN_2964837,False,False,False,False,False
TXN_3224940,False,False,False,False,False
TXN_7140517,False,False,False,False,False
TXN_7384071,False,False,False,False,False
TXN_9050173,False,False,False,False,False
TXN_9101686,False,False,False,False,False
TXN_6850087,False,False,False,False,False
TXN_4057646,False,False,False,False,False
TXN_3572918,False,False,False,False,False
TXN_7171953,False,True,True,True,True
TXN_9817044,False,False,False,False,False
TXN_9034288,False,False,False,False,False
TXN_4521411,False,False,False,False,False
TXN_5184251,False,False,False,False,False
TXN_1400422,False,False,False,False,False
TXN_1027160,False,False,False,False,False
TXN_7404210,False,False,False,False,False
TXN_9379358,False,True,True,True,True
TXN_4526782,False,False,False,False,False
TXN_1606488,False,False,False,False,False
TXN_5941938,False,False,False,False,False
TXN_6522433,False,True,True,True,True
TXN_8510020,False,False,False,False,False
TXN_7893476,False,False,False,False,False
TXN_8097956,False,False,False,False,False
TXN_1197350,False,False,False,False,False
TXN_2154827,False,True,True,True,True
TXN_4952456,False,False,False,False,False
TXN_8043987,False,False,False,False,False
TXN_1011882,False,False,False,False,False
TXN_4400958,False,False,False,False,False
TXN_5764401,False,False,False,False,False
TXN_8151892,False,False,False,False,False
TXN_1928530,False,False,False,False,False
TXN_6701976,False,False,False,False,False
TXN_5051765,False,False,False,False,False
TXN_2059946,False,False,False,False,False
TXN_4492291,False,False,False,False,False
TXN_4438137,False,False,False,False,False
TXN_2771113,False,False,False,False,False
TXN_9619028,False,False,False,False,False
TXN_6995379,False,False,False,False,False
TXN_9676174,False,False,False,False,False
TXN_6036315,False,False,False,False,False
TXN_8192888,False,False,False,False,False
TXN_5536792,False,False,False,False,False
TXN_1809996,False,False,False,False,False
TXN_4099276,True,False,False,False,False
TXN_1680727,False,False,False,False,False
TXN_7722346,False,False,False,False,False
TXN_1720595,False,False,False,False,False
TXN_5701956,False,False,False,False,False
TXN_7589131,False,False,False,False,False
TXN_1179909,False,False,False,False,False
TXN_9950204,False,False,False,False,False
TXN_8475688,True,False,False,False,False
TXN_5115935,False,False,False,False,False
TXN_1733313,False,False,False,False,False
TXN_9120906,False,True,True,True,True
TXN_4134129,False,False,False,False,False
TXN_8351579,False,False,False,False,False
TXN_3840023,False,False,False,False,False
TXN_8171664,False,False,False,False,False
TXN_9943125,False,False,False,False,False
TXN_7238799,False,False,False,False,False
TXN_8825993,False,False,False,False,False
TXN_8454614,False,False,False,False,False
TXN_8247054,False,False,False,False,False
TXN_2313390,False,False,False,False,False
TXN_8724290,False,False,False,False,False
TXN_4983622,False,False,False,False,False
TXN_4555264,False,False,False,False,False
TXN_7522573,False,False,False,False,False
TXN_4750432,False,False,False,False,False
TXN_5756331,False,False,False,False,False
TXN_5025168,False,False,False,False,False
TXN_9861492,False,False,False,False,False
TXN_9628331,False,False,False,False,False
TXN_2895330,False,False,False,False,False
TXN_3218492,False,False,False,False,False
TXN_8345485,False,False,False,False,False
TXN_1400912,False,False,False,False,False
TXN_3157153,False,False,False,False,False
TXN_1736098,False,False,False,False,False
TXN_8037593,False,False,False,False,False
TXN_1834791,False,False,False,False,False
TXN_2478597,False,True,True,True,True
TXN_1674139,False,False,False,False,False
TXN_3742027,False,False,False,False,False
TXN_8774399,False,False,False,False,False
TXN_9219085,False,False,False,False,False
TXN_8197683,False,False,False,False,False
TXN_6406070,False,False,False,False,False
TXN_8169854,False,False,False,False,False
TXN_5692250,False,False,False,False,False
TXN_7583955,False,False,False,False,False
TXN_9830364,False,False,False,False,False
TXN_6557660,False,False,False,False,False
TXN_8158197,False,False,False,False,False
TXN_8615053,False,False,False,False,False
TXN_6685805,False,False,False,False,False
TXN_6929636,True,False,False,False,False
TXN_9560060,False,False,False,False,False
TXN_8367191,False,False,False,False,False
TXN_6181532,False,False,False,False,False
TXN_6770698,False,False,False,False,False
TXN_6908414,False,False,False,False,False
TXN_6962668,False,False,False,False,False
TXN_2411176,False,False,False,False,False
TXN_1306295,True,False,False,False,False
TXN_9469827,False,False,False,False,False
TXN_3766991,False,False,False,False,False
TXN_6058992,False,False,False,False,False
TXN_4861636,False,False,False,False,False
TXN_9951192,False,False,False,False,False
TXN_9096772,False,False,False,False,False
TXN_4076999,False,False,False,False,False
TXN_7533515,False,False,False,False,False
TXN_2450206,False,False,False,False,False
TXN_4000635,False,False,False,False,False
TXN_7806205,True,False,False,False,False
TXN_2407410,False,False,False,False,False
TXN_1061282,False,False,False,False,False
TXN_4731654,False,False,False,False,False
TXN_9478594,True,False,False,False,False
TXN_1361359,False,False,False,False,False
TXN_2157334,False,False,False,False,False
TXN_4634145,False,False,False,False,False
TXN_2289344,False,False,False,False,False
TXN_2056623,False,False,False,False,False
TXN_8688342,False,False,False,False,False
TXN_7689571,False,False,False,False,False
TXN_5109808,False,False,False,False,False
TXN_4454614,False,False,False,False,False
TXN_6454872,False,False,False,False,False
TXN_5824333,False,False,False,False,False
TXN_9702329,False,False,False,False,False
TXN_6017215,False,False,False,False,False
TXN_4214690,False,False,False,False,False
TXN_7273990,False,False,False,False,False
TXN_8838210,False,False,False,False,False
TXN_9649004,True,False,False,False,False
TXN_9946325,False,False,False,False,False
TXN_1847488,False,False,False,False,False
TXN_3674047,False,False,False,False,False
TXN_2786014,False,False,False,False,False
TXN_7549064,False,False,False,False,False
TXN_3587629,False,False,False,False,False
TXN_7224577,False,True,True,True,True
TXN_2128173,False,False,False,False,False
TXN_1585530,False,False,False,False,False
TXN_8444117,False,False,False,False,False
TXN_9017295,False,False,False,False,False
TXN_5584686,False,False,False,False,False
TXN_2889632,False,False,False,False,False
TXN_9731122,False,False,False,False,False
TXN_6516879,False,False,False,False,False
TXN_6264210,False,False,False,False,False
TXN_7292564,False,False,False,False,False
TXN_3739606,False,False,False,False,False
TXN_4124586,False,False,False,False,False
TXN_1699208,False,False,False,False,False
TXN_5752809,False,True,True,True,True
TXN_6411912,False,False,False,False,False
TXN_6328740,False,False,False,False,False
TXN_1780099,False,False,False,False,False
TXN_4141134,False,False,False,False,False
TXN_8547248,False,False,False,False,False
TXN_3861764,False,False,False,False,False
TXN_7818460,False,False,False,False,False
TXN_4715547,False,False,False,False,False
TXN_2942406,False,False,False,False,False
TXN_6354929,False,False,False,False,False
TXN_6055420,False,False,False,False,False
TXN_5197744,False,False,False,False,False
TXN_7955262,False,False,False,False,False
TXN_2666506,False,False,False,False,False
TXN_7234463,False,False,False,False,False
TXN_6417718,False,False,False,False,False
TXN_8454618,False,False,False,False,False
TXN_2342593,False,False,False,False,False
TXN_1332543,False,False,False,False,False
TXN_4844992,False,False,False,False,False
TXN_1510369,False,False,False,False,False
TXN_9148620,False,False,False,False,False
TXN_5289156,False,False,False,False,False
TXN_9672266,False,False,False,False,False
TXN_2457102,True,False,False,False,False
TXN_1776674,False,False,False,False,False
TXN_5113509,False,False,False,False,False
TXN_1038808,False,False,False,False,False
TXN_9093964,False,False,False,False,False
TXN_9187405,False,False,False,False,False
TXN_2384499,False,False,False,False,False
TXN_9714531,False,False,False,False,False
TXN_1966350,False,False,False,False,False
TXN_6522171,False,False,False,False,False
TXN_6677921,False,False,False,False,False
TXN_4418483,False,False,False,False,False
TXN_2501304,False,True,True,True,True
TXN_6890854,False,False,False,False,False
TXN_5747087,False,False,False,False,False
TXN_8652929,False,False,False,False,False
TXN_2707360,False,False,False,False,False
TXN_9236550,False,False,False,False,False
TXN_7190172,False,False,False,False,False
TXN_3471500,False,False,False,False,False
TXN_3527658,False,False,False,False,False
TXN_5282091,False,False,False,False,False
TXN_1999080,False,False,False,False,False
TXN_2954304,False,False,False,False,False
TXN_4724970,False,False,False,False,False
TXN_2520240,False,False,False,False,False
TXN_6680454,False,False,False,False,False
TXN_2085906,False,False,False,False,False
TXN_5196670,False,False,False,False,False
TXN_5400225,False,False,False,False,False
TXN_5495475,False,False,False,False,False
TXN_8155707,False,False,False,False,False
TXN_2169979,False,False,False,False,False
TXN_7020380,False,False,False,False,False
TXN_4062533,False,False,False,False,False
TXN_9452917,False,False,False,False,False
TXN_2387517,False,False,False,False,False
TXN_8404205,False,False,False,False,False
TXN_3843440,False,False,False,False,False
TXN_7094738,False,False,False,False,False
TXN_2709041,False,False,False,False,False
TXN_7183009,False,False,False,False,False
TXN_1938762,False,False,False,False,False
TXN_1044590,True,False,False,False,False
TXN_5826244,False,False,False,False,False
TXN_3772788,False,False,False,False,False
TXN_1404576,False,False,False,False,False
TXN_9816950,False,False,False,False,False
TXN_5355489,False,False,False,False,False
TXN_6314198,False,True,True,True,True
TXN_2163300,False,False,False,False,False
TXN_6920881,False,False,False,False,False
TXN_9536103,False,False,False,False,False
TXN_7591250,False,False,False,False,False
TXN_2647272,False,False,False,False,False
TXN_3957917,True,False,False,False,False
TXN_9370181,False,False,False,False,False
TXN_8088350,False,False,False,False,False
TXN_9364579,False,False,False,False,False
TXN_7415965,False,False,False,False,False
TXN_7078920,False,False,False,False,False
TXN_4320727,False,False,False,False,False
TXN_9102767,False,False,False,False,False
TXN_8677921,False,False,False,False,False
TXN_4674560,False,False,False,False,False
TXN_7586988,False,False,False,False,False
TXN_5032042,False,False,False,False,False
TXN_4734390,False,False,False,False,False
TXN_3905353,False,False,False,False,False
TXN_3503821,False,False,False,False,False
TXN_9254604,False,False,False,False,False
TXN_4916417,False,False,False,False,False
TXN_1523065,False,False,False,False,False
TXN_1977173,False,True,True,True,True
TXN_9361186,False,False,False,False,False
TXN_7974413,False,False,False,False,False
TXN_4950257,False,False,False,False,False
TXN_7504883,False,False,False,False,False
TXN_4219435,False,True,True,True,True
TXN_6517884,False,False,False,False,False
TXN_4091872,False,False,False,False,False
TXN_1367634,False,False,False,False,False
TXN_9713810,False,False,False,False,False
TXN_1031651,False,False,False,False,False
TXN_5739434,False,False,False,False,False
TXN_7420327,True,False,False,False,False
TXN_1443512,False,True,True,True,True
TXN_7090174,False,False,False,False,False
TXN_6365546,False,False,False,False,False
TXN_9054315,False,False,False,False,False
TXN_9451256,False,False,False,False,False
TXN_5810308,False,False,False,False,False
TXN_9547089,False,False,False,False,False
TXN_7663927,False,False,False,False,False
TXN_2377286,False,False,False,False,False
TXN_6476793,False,False,False,False,False
TXN_4105792,False,False,False,False,False
TXN_2716764,False,False,False,False,False
TXN_6437047,True,False,False,False,False
TXN_9928533,False,False,False,False,False
TXN_9583443,False,False,False,False,False
TXN_7811299,False,False,False,False,False
TXN_6829963,False,False,False,False,False
TXN_9427980,True,False,False,False,False
TXN_3987229,True,False,False,False,False
TXN_3653878,False,False,False,False,False
TXN_7752160,False,False,False,False,False
TXN_1593463,False,False,False,False,False
TXN_3071763,False,False,False,False,False
TXN_1884808,False,False,False,False,False
TXN_4497413,False,False,False,False,False
TXN_3856988,False,False,False,False,False
TXN_4984048,False,False,False,False,False
TXN_5369691,False,False,False,False,False
TXN_9682557,False,True,True,True,True
TXN_6046922,False,False,False,False,False
TXN_1398946,False,False,False,False,False
TXN_6981431,False,False,False,False,False
TXN_7365607,False,False,False,False,False
TXN_1014253,False,False,False,False,False
TXN_9631306,False,False,False,False,False
TXN_3592627,False,False,False,False,False
TXN_2147697,False,True,True,True,True
TXN_5268837,False,False,False,False,False
TXN_3521719,False,True,True,True,True
TXN_7467481,False,False,False,False,False
TXN_5600366,False,False,False,False,False
TXN_3255864,False,False,False,False,False
TXN_7660981,False,False,False,False,False
TXN_4796001,False,False,False,False,False
TXN_7585393,False,False,False,False,False
TXN_4269803,False,False,False,False,False
TXN_9008981,False,False,False,False,False
TXN_2875355,False,False,False,False,False
TXN_5780579,False,True,True,True,True
TXN_2037577,False,False,False,False,False
TXN_8737799,False,False,False,False,False
TXN_6705277,False,False,False,False,False
TXN_3359492,False,True,True,True,True
TXN_9268528,False,False,False,False,False
TXN_3442471,False,False,False,False,False
TXN_8746722,False,False,False,False,False
TXN_3485437,False,False,False,False,False
TXN_9538128,False,False,False,False,False
TXN_2163627,False,False,False,False,False
TXN_5451304,False,False,False,False,False
TXN_5625570,False,False,False,False,False
TXN_1796174,False,False,False,False,False
TXN_8286101,False,False,False,False,False
TXN_2544376,False,False,False,False,False
TXN_1441328,False,False,False,False,False
TXN_2543415,False,False,False,False,False
TXN_9493348,False,False,False,False,False
TXN_5648628,False,False,False,False,False
TXN_3858610,False,False,False,False,False
TXN_5615436,False,False,False,False,False
TXN_7833172,False,False,False,False,False
TXN_8147389,False,False,False,False,False
TXN_5512150,False,False,False,False,False
TXN_8967003,False,False,False,False,False
TXN_7276508,False,False,False,False,False
TXN_8996070,False,False,False,False,False
TXN_2217778,False,False,False,False,False
TXN_5390878,False,False,False,False,False
TXN_8483818,False,False,False,False,False
TXN_7767182,False,False,False,False,False
TXN_3599726,False,False,False,False,False
TXN_4848182,True,False,False,False,False
TXN_5009902,False,False,False,False,False
TXN_1815089,False,False,False,False,False
TXN_2685384,False,False,False,False,False
TXN_1512841,False,False,False,False,False
TXN_4824204,False,False,False,False,False
TXN_9662222,False,False,False,False,False
TXN_5247770,False,False,False,False,False
TXN_2649541,False,False,False,False,False
TXN_8116349,False,False,False,False,False
TXN_9361358,True,False,False,False,False
TXN_2905292,False,False,False,False,False
TXN_6476117,False,False,False,False,False
TXN_1160375,False,False,False,False,False
TXN_1851161,False,False,False,False,False
TXN_4286155,False,False,False,False,False
TXN_4214359,False,False,False,False,False
TXN_9911083,False,False,False,False,False
TXN_2095657,False,False,False,False,False
TXN_1159099,False,False,False,False,False
TXN_4347202,False,False,False,False,False
TXN_2023399,False,False,False,False,False
TXN_8619540,False,False,False,False,False
TXN_1490623,False,True,True,True,True
TXN_2258558,False,True,True,True,True
TXN_4045427,False,False,False,False,False
TXN_9592834,False,False,False,False,False
TXN_3965941,False,False,False,False,False
TXN_2782561,False,False,False,False,False
TXN_1734171,False,False,False,False,False
TXN_3184534,False,False,False,False,False
TXN_4059881,False,False,False,False,False
TXN_1384004,False,False,False,False,False
TXN_6860798,False,False,False,False,False
TXN_9403833,False,False,False,False,False
TXN_4096416,False,False,False,False,False
TXN_5592249,True,False,False,False,False
TXN_5311558,False,False,False,False,False
TXN_5527798,False,False,False,False,False
TXN_1919804,False,False,False,False,False
TXN_7306528,False,False,False,False,False
TXN_1135523,False,False,False,False,False
TXN_5342329,False,False,False,False,False
TXN_7673230,False,False,False,False,False
TXN_5270259,False,False,False,False,False
TXN_4108031,False,False,False,False,False
TXN_4231938,False,False,False,False,False
TXN_6420393,False,False,False,False,False
TXN_1136214,False,False,False,False,False
TXN_8401176,False,False,False,False,False
TXN_3202495,False,False,False,False,False
TXN_2850454,False,False,False,False,False
TXN_8439426,False,False,False,False,False
TXN_7399472,False,False,False,False,False
TXN_7900727,False,False,False,False,False
TXN_3188922,False,False,False,False,False
TXN_7949456,False,False,False,False,False
TXN_1432870,False,False,False,False,False
TXN_8240192,False,False,False,False,False
TXN_4752744,False,False,False,False,False
TXN_4609121,False,False,False,False,False
TXN_4617868,False,False,False,False,False
TXN_7792938,False,False,False,False,False
TXN_6582263,False,False,False,False,False
TXN_5045913,False,False,False,False,False
TXN_9094247,False,False,False,False,False
TXN_3475226,False,False,False,False,False
TXN_5208918,False,False,False,False,False
TXN_7929854,False,False,False,False,False
TXN_6113330,False,False,False,False,False
TXN_4465035,False,False,False,False,False
TXN_6801089,False,False,False,False,False
TXN_7384450,False,False,False,False,False
TXN_3581677,False,False,False,False,False
TXN_2478548,False,False,False,False,False
TXN_5761932,False,False,False,False,False
TXN_8598964,False,False,False,False,False
TXN_9588085,False,False,False,False,False
TXN_8653885,True,False,False,False,False
TXN_8400840,False,False,False,False,False
TXN_8573044,True,False,False,False,False
TXN_3053284,False,False,False,False,False
TXN_3301515,False,False,False,False,False
TXN_3858239,False,False,False,False,False
TXN_6771885,False,True,True,True,True
TXN_4847645,False,False,False,False,False
TXN_2055325,False,False,False,False,False
TXN_6923329,False,False,False,False,False
TXN_2995331,False,False,False,False,False
TXN_9706254,False,False,False,False,False
TXN_4049162,False,False,False,False,False
TXN_5535762,False,False,False,False,False
TXN_3747617,False,False,False,False,False
TXN_3505141,False,False,False,False,False
TXN_2260411,False,False,False,False,False
TXN_4092805,False,False,False,False,False
TXN_8622563,False,False,False,False,False
TXN_2618457,True,False,False,False,False
TXN_4457834,False,False,False,False,False
TXN_2018154,False,False,False,False,False
TXN_5747284,False,False,False,False,False
TXN_3047391,False,False,False,False,False
TXN_9826370,False,False,False,False,False
TXN_3277766,False,False,False,False,False
TXN_1438632,False,False,False,False,False
TXN_1258675,False,False,False,False,False
TXN_3347862,False,False,False,False,False
TXN_8519447,False,False,False,False,False
TXN_7987328,False,False,False,False,False
TXN_5179270,True,False,False,False,False
TXN_4761311,False,False,False,False,False
TXN_9198301,False,False,False,False,False
TXN_2300142,False,False,False,False,False
TXN_1545404,False,False,False,False,False
TXN_9218985,False,False,False,False,False
TXN_7006720,False,False,False,False,False
TXN_6491775,False,False,False,False,False
TXN_9386080,False,False,False,False,False
TXN_8319396,False,False,False,False,False
TXN_5361549,False,False,False,False,False
TXN_9340241,False,False,False,False,False
TXN_1342283,False,False,False,False,False
TXN_9359126,False,False,False,False,False
TXN_5845226,False,False,False,False,False
TXN_4822005,True,False,False,False,False
TXN_2069389,False,False,False,False,False
TXN_1246620,False,False,False,False,False
TXN_5748429,False,False,False,False,False
TXN_4398638,False,False,False,False,False
TXN_7867022,False,False,False,False,False
TXN_6947902,False,False,False,False,False
TXN_3547918,False,False,False,False,False
TXN_1122490,False,False,False,False,False
TXN_7118644,False,False,False,False,False
TXN_6897096,False,False,False,False,False
TXN_9716704,False,False,False,False,False
TXN_4617564,False,True,True,True,True
TXN_7504945,False,False,False,False,False
TXN_2690530,False,False,False,False,False
TXN_9178438,False,False,False,False,False
TXN_3584590,False,False,False,False,False
TXN_4189884,False,False,False,False,False
TXN_1078382,False,False,False,False,False
TXN_7362256,False,False,False,False,False
TXN_3449156,False,False,False,False,False
TXN_2581258,False,False,False,False,False
TXN_6051216,True,False,False,False,False
TXN_9707301,False,False,False,False,False
TXN_3883115,False,False,False,False,False
TXN_6252321,False,False,False,False,False
TXN_8177813,False,False,False,False,False
TXN_3070107,False,False,False,False,False
TXN_5873481,False,False,False,False,False
TXN_5623265,False,False,False,False,False
TXN_9969255,False,False,False,False,False
TXN_9514388,False,False,False,False,False
TXN_8466225,False,False,False,False,False
TXN_1188617,False,False,False,False,False
TXN_7265411,False,False,False,False,False
TXN_6384068,False,False,False,False,False
TXN_7340795,False,False,False,False,False
TXN_3237512,False,False,False,False,False
TXN_6136154,False,False,False,False,False
TXN_3713358,False,False,False,False,False
TXN_7799324,False,True,True,True,True
TXN_2328560,False,False,False,False,False
TXN_3839216,False,False,False,False,False
TXN_9302123,True,False,False,False,False
TXN_6346223,False,False,False,False,False
TXN_5451832,False,False,False,False,False
TXN_5498917,False,False,False,False,False
TXN_5193416,False,True,True,True,True
TXN_7409573,False,False,False,False,False
TXN_2407302,False,True,True,True,True
TXN_8793256,False,False,False,False,False
TXN_7377726,False,False,False,False,False
TXN_4357861,False,False,False,False,False
TXN_7384665,False,False,False,False,False
TXN_1580488,False,False,False,False,False
TXN_4459903,False,False,False,False,False
TXN_6950924,False,False,False,False,False
TXN_5842189,False,False,False,False,False
TXN_8296076,False,False,False,False,False
TXN_1198181,False,False,False,False,False
TXN_3286135,False,False,False,False,False
TXN_6004569,False,False,False,False,False
TXN_7987242,False,False,False,False,False
TXN_7782445,False,False,False,False,False
TXN_9135404,False,False,False,False,False
TXN_6470413,False,False,False,False,False
TXN_2669850,False,True,True,True,True
TXN_2781560,False,False,False,False,False
TXN_5526938,False,False,False,False,False
TXN_5156632,False,False,False,False,False
TXN_2041673,False,False,False,False,False
TXN_4130909,False,False,False,False,False
TXN_8940025,False,True,True,True,True
TXN_4053566,False,False,False,False,False
TXN_2746396,False,False,False,False,False
TXN_8258782,False,False,False,False,False
TXN_3998952,False,False,False,False,False
TXN_1010976,False,False,False,False,False
TXN_3927009,False,False,False,False,False
TXN_8949319,False,False,False,False,False
TXN_6179212,False,False,False,False,False
TXN_1519431,False,False,False,False,False
TXN_9862828,False,False,False,False,False
TXN_4876845,False,False,False,False,False
TXN_5288559,False,False,False,False,False
TXN_5953662,False,False,False,False,False
TXN_4783225,False,False,False,False,False
TXN_4523181,False,False,False,False,False
TXN_5504521,False,True,True,True,True
TXN_5132787,False,False,False,False,False
TXN_1993111,False,False,False,False,False
TXN_2404874,False,False,False,False,False
TXN_1047304,False,False,False,False,False
TXN_9664075,False,False,False,False,False
TXN_8756425,False,False,False,False,False
TXN_9850952,False,False,False,False,False
TXN_2548154,False,False,False,False,False
TXN_2194494,False,False,False,False,False
TXN_5016365,False,False,False,False,False
TXN_7531055,False,False,False,False,False
TXN_6450172,False,False,False,False,False
TXN_8332080,True,False,False,False,False
TXN_3961169,False,False,False,False,False
TXN_8824211,False,False,False,False,False
TXN_6920044,False,True,True,True,True
TXN_9696371,False,False,False,False,False
TXN_9386377,False,False,False,False,False
TXN_4649181,False,False,False,False,False
TXN_5985386,False,False,False,False,False
TXN_3432541,False,False,False,False,False
TXN_4406496,False,False,False,False,False
TXN_5839296,False,False,False,False,False
TXN_5600766,False,False,False,False,False
TXN_3811009,False,False,False,False,False
TXN_2442022,False,False,False,False,False
TXN_9053395,True,False,False,False,False
TXN_2223571,True,False,False,False,False
TXN_3268265,False,False,False,False,False
TXN_4264920,False,False,False,False,False
TXN_3625744,False,False,False,False,False
TXN_9150818,False,False,False,False,False
TXN_5529274,False,False,False,False,False
TXN_3070264,False,False,False,False,False
TXN_7199751,False,False,False,False,False
TXN_5942238,False,False,False,False,False
TXN_4595269,False,False,False,False,False
TXN_1263895,False,False,False,False,False
TXN_2678332,False,False,False,False,False
TXN_4469798,False,False,False,False,False
TXN_3603564,False,False,False,False,False
TXN_8293931,False,False,False,False,False
TXN_4359913,False,False,False,False,False
TXN_4405059,False,False,False,False,False
TXN_2847928,False,False,False,False,False
TXN_1666199,False,False,False,False,False
TXN_6001401,False,False,False,False,False
TXN_5678337,False,False,False,False,False
TXN_4665834,False,False,False,False,False
TXN_6718947,False,False,False,False,False
TXN_5985157,False,False,False,False,False
TXN_6292395,False,True,True,True,True
TXN_1640857,False,False,False,False,False
TXN_5990910,False,False,False,False,False
TXN_8736586,False,False,False,False,False
TXN_1371395,False,False,False,False,False
TXN_9813497,False,False,False,False,False
TXN_6448726,False,False,False,False,False
TXN_4747660,False,False,False,False,False
TXN_1422139,False,False,False,False,False
TXN_7180171,False,False,False,False,False
TXN_7138473,False,False,False,False,False
TXN_4882136,False,False,False,False,False
TXN_6170543,False,False,False,False,False
TXN_3747474,False,False,False,False,False
TXN_2196056,False,False,False,False,False
TXN_8748461,False,False,False,False,False
TXN_4462629,False,False,False,False,False
TXN_5442881,False,False,False,False,False
TXN_7042127,False,False,False,False,False
TXN_9484621,False,False,False,False,False
TXN_1448205,False,False,False,False,False
TXN_6329480,False,False,False,False,False
TXN_2417956,False,False,False,False,False
TXN_1537955,False,False,False,False,False
TXN_2481222,False,False,False,False,False
TXN_2679675,False,False,False,False,False
TXN_6457506,False,False,False,False,False
TXN_2411272,False,False,False,False,False
TXN_4333089,False,True,True,True,True
TXN_9887558,True,False,False,False,False
TXN_1083965,False,False,False,False,False
TXN_7729843,False,False,False,False,False
TXN_4313655,False,False,False,False,False
TXN_3902130,False,False,False,False,False
TXN_3522256,False,True,True,True,True
TXN_7166728,False,False,False,False,False
TXN_7149456,False,False,False,False,False
TXN_6999998,False,False,False,False,False
TXN_3645379,False,False,False,False,False
TXN_2507911,False,False,False,False,False
TXN_7175950,False,False,False,False,False
TXN_3993154,False,False,False,False,False
TXN_2661507,False,False,False,False,False
TXN_7880395,False,False,False,False,False
TXN_4672987,False,False,False,False,False
TXN_3754218,False,False,False,False,False
TXN_7972595,False,False,False,False,False
TXN_4554478,False,False,False,False,False
TXN_8596731,False,False,False,False,False
TXN_8571165,False,False,False,False,False
TXN_4239928,False,False,False,False,False
TXN_5599144,False,True,True,True,True
TXN_7318897,False,False,False,False,False
TXN_2076721,False,False,False,False,False
TXN_5115378,False,False,False,False,False
TXN_9391758,False,False,False,False,False
TXN_7722927,False,False,False,False,False
TXN_7122930,False,False,False,False,False
TXN_1679439,False,True,True,True,True
TXN_8844263,False,False,False,False,False
TXN_1967088,False,False,False,False,False
TXN_5482525,False,False,False,False,False
TXN_2007985,False,False,False,False,False
TXN_8048553,False,False,False,False,False
TXN_1456329,False,False,False,False,False
TXN_7288545,False,False,False,False,False
TXN_5504141,False,False,False,False,False
TXN_8481601,False,False,False,False,False
TXN_3351830,False,False,False,False,False
TXN_2256322,False,False,False,False,False
TXN_4812459,False,False,False,False,False
TXN_2594009,False,False,False,False,False
TXN_4106360,False,False,False,False,False
TXN_7144545,False,False,False,False,False
TXN_8348576,False,False,False,False,False
TXN_3037819,False,False,False,False,False
TXN_6145877,False,False,False,False,False
TXN_1430909,False,False,False,False,False
TXN_2559484,True,False,False,False,False
TXN_9565718,False,False,False,False,False
TXN_2907353,False,False,False,False,False
TXN_5074325,False,False,False,False,False
TXN_8506371,False,False,False,False,False
TXN_4194209,False,False,False,False,False
TXN_8800567,False,True,True,True,True
TXN_3435518,False,False,False,False,False
TXN_8944977,False,False,False,False,False
TXN_5395629,True,False,False,False,False
TXN_1091806,False,False,False,False,False
TXN_2991101,False,False,False,False,False
TXN_1474758,False,False,False,False,False
TXN_6639197,False,False,False,False,False
TXN_8967409,False,False,False,False,False
TXN_2107105,False,False,False,False,False
TXN_3030324,False,False,False,False,False
TXN_4266611,False,False,False,False,False
TXN_2232291,False,False,False,False,False
TXN_7603720,False,False,False,False,False
TXN_1521429,False,False,False,False,False
TXN_3982982,False,False,False,False,False
TXN_4273287,False,False,False,False,False
TXN_5187397,False,False,False,False,False
TXN_1869028,False,False,False,False,False
TXN_5431135,False,False,False,False,False
TXN_2626134,False,False,False,False,False
TXN_6005962,False,False,False,False,False
TXN_5888872,False,False,False,False,False
TXN_3678974,False,False,False,False,False
TXN_4275306,True,False,False,False,False
TXN_5436979,False,False,False,False,False
TXN_2568387,False,False,False,False,False
TXN_6380866,False,True,True,True,True
TXN_3277279,False,False,False,False,False
TXN_2528404,False,False,False,False,False
TXN_8666651,False,False,False,False,False
TXN_4516306,False,False,False,False,False
TXN_3656019,False,False,False,False,False
TXN_7641024,False,False,False,False,False
TXN_2900952,False,False,False,False,False
TXN_8571416,False,False,False,False,False
TXN_7003448,False,False,False,False,False
TXN_1906467,False,False,False,False,False
TXN_7112844,False,False,False,False,False
TXN_2571191,False,False,False,False,False
TXN_6172739,False,True,True,True,True
TXN_1449007,False,False,False,False,False
TXN_3593226,False,False,False,False,False
TXN_1543853,False,False,False,False,False
TXN_3929635,False,False,False,False,False
TXN_1981233,True,False,False,False,False
TXN_2605899,False,False,False,False,False
TXN_4159313,False,False,False,False,False
TXN_3347185,False,True,True,True,True
TXN_9671259,False,False,False,False,False
TXN_5518783,False,False,False,False,False
TXN_7439310,False,False,False,False,False
TXN_2254730,False,False,False,False,False
TXN_9885625,False,False,False,False,False
TXN_1659899,False,False,False,False,False
TXN_2913551,False,False,False,False,False
TXN_3943992,False,False,False,False,False
TXN_8044350,False,False,False,False,False
TXN_8188147,False,False,False,False,False
TXN_2596637,False,False,False,False,False
TXN_3693569,False,False,False,False,False
TXN_4684679,False,False,False,False,False
TXN_3504901,False,False,False,False,False
TXN_3246313,False,True,True,True,True
TXN_7472571,False,False,False,False,False
TXN_9106695,False,False,False,False,False
TXN_3513732,False,False,False,False,False
TXN_7192799,False,False,False,False,False
TXN_8293749,False,False,False,False,False
TXN_7675840,False,False,False,False,False
TXN_6646935,False,False,False,False,False
TXN_8269734,False,False,False,False,False
TXN_2017512,False,False,False,False,False
TXN_3927468,False,False,False,False,False
TXN_7376932,False,False,False,False,False
TXN_8363775,False,False,False,False,False
TXN_7334901,False,False,False,False,False
TXN_8198762,False,False,False,False,False
TXN_7180080,False,False,False,False,False
TXN_6334800,False,False,False,False,False
TXN_4863868,False,False,False,False,False
TXN_7437163,False,False,False,False,False
TXN_8233288,False,False,False,False,False
TXN_9945945,True,False,False,False,False
TXN_4062346,False,False,False,False,False
TXN_8536324,False,False,False,False,False
TXN_8620953,False,False,False,False,False
TXN_3122819,False,False,False,False,False
TXN_2366280,False,False,False,False,False
TXN_7274101,False,False,False,False,False
TXN_5620470,False,False,False,False,False
TXN_1054994,False,False,False,False,False
TXN_2801305,False,True,True,True,True
TXN_9718198,False,False,False,False,False
TXN_8343684,False,False,False,False,False
TXN_7593483,False,False,False,False,False
TXN_4259268,False,False,False,False,False
TXN_2138636,False,False,False,False,False
TXN_5830519,False,False,False,False,False
TXN_1686913,False,False,False,False,False
TXN_5221911,True,False,False,False,False
TXN_1876426,False,False,False,False,False
TXN_5060164,False,False,False,False,False
TXN_1297128,False,False,False,False,False
TXN_6657055,False,False,False,False,False
TXN_3599137,True,False,False,False,False
TXN_2168164,True,False,False,False,False
TXN_9109937,False,False,False,False,False
TXN_9311214,False,False,False,False,False
TXN_8836430,False,False,False,False,False
TXN_8207498,False,False,False,False,False
TXN_5139260,False,False,False,False,False
TXN_4647619,False,False,False,False,False
TXN_5981197,False,False,False,False,False
TXN_6400580,True,False,False,False,False
TXN_1923790,False,False,False,False,False
TXN_6297431,False,False,False,False,False
TXN_7764138,False,False,False,False,False
TXN_3619946,False,False,False,False,False
TXN_9518220,False,True,True,True,True
TXN_2647450,False,False,False,False,False
TXN_9238218,False,False,False,False,False
TXN_1976524,False,False,False,False,False
TXN_7792504,False,False,False,False,False
TXN_8393572,False,False,False,False,False
TXN_1207317,False,False,False,False,False
TXN_4607272,False,False,False,False,False
TXN_8714514,True,False,False,False,False
TXN_5497844,False,False,False,False,False
TXN_1920349,False,False,False,False,False
TXN_1891321,False,False,False,False,False
TXN_1276028,False,False,False,False,False
TXN_8292411,False,False,False,False,False
TXN_5123327,False,False,False,False,False
TXN_1524960,False,False,False,False,False
TXN_7816964,False,False,False,False,False
TXN_3854878,False,False,False,False,False
TXN_1003865,False,False,False,False,False
TXN_6382732,False,False,False,False,False
TXN_6782085,False,False,False,False,False
TXN_3878879,True,False,False,False,False
TXN_2193873,False,False,False,False,False
TXN_4478162,False,False,False,False,False
TXN_8036579,True,False,False,False,False
TXN_3008793,False,False,False,False,False
TXN_8638277,False,False,False,False,False
TXN_6433419,False,False,False,False,False
TXN_4047741,False,False,False,False,False
TXN_8822985,False,False,False,False,False
TXN_3932706,False,False,False,False,False
TXN_3562995,False,False,False,False,False
TXN_4191194,False,False,False,False,False
TXN_9898371,False,False,False,False,False
TXN_2455842,False,False,False,False,False
TXN_9475395,False,False,False,False,False
TXN_2659409,False,False,False,False,False
TXN_7938943,False,False,False,False,False
TXN_8098794,False,False,False,False,False
TXN_4297005,False,False,False,False,False
TXN_7163146,False,False,False,False,False
TXN_3329144,True,False,False,False,False
TXN_3319577,False,False,False,False,False
TXN_2190232,True,False,False,False,False
TXN_7405371,False,False,False,False,False
TXN_7071724,False,False,False,False,False
TXN_5026476,False,False,False,False,False
TXN_3868370,False,False,False,False,False
TXN_4771109,True,False,False,False,False
TXN_4730708,False,False,False,False,False
TXN_6681572,False,False,False,False,False
TXN_3827227,False,False,False,False,False
TXN_8322513,False,False,False,False,False
TXN_9281229,False,False,False,False,False
TXN_5352821,False,False,False,False,False
TXN_7645237,False,False,False,False,False
TXN_4966895,False,False,False,False,False
TXN_9749228,False,False,False,False,False
TXN_1315967,False,False,False,False,False
TXN_4411366,False,False,False,False,False
TXN_6992931,False,False,False,False,False
TXN_3040201,False,False,False,False,False
TXN_8502497,False,False,False,False,False
TXN_2038385,False,False,False,False,False
TXN_2196992,False,False,False,False,False
TXN_6272881,False,False,False,False,False
TXN_6162123,False,False,False,False,False
TXN_8794922,False,False,False,False,False
TXN_1621579,False,True,True,True,True
TXN_3180537,False,False,False,False,False
TXN_1997401,False,False,False,False,False
TXN_9692463,False,True,True,True,True
TXN_6834757,False,False,False,False,False
TXN_8982011,False,False,False,False,False
TXN_6272697,False,False,False,False,False
TXN_8426490,False,False,False,False,False
TXN_6271059,False,False,False,False,False
TXN_3324948,False,True,True,True,True
TXN_9407903,False,False,False,False,False
TXN_2566721,False,False,False,False,False
TXN_7007814,False,False,False,False,False
TXN_2830652,False,False,False,False,False
TXN_5377881,False,True,True,True,True
TXN_5913765,False,False,False,False,False
TXN_4502464,False,False,False,False,False
TXN_8897537,False,False,False,False,False
TXN_5687512,False,False,False,False,False
TXN_6766170,False,False,False,False,False
TXN_1069163,False,False,False,False,False
TXN_4167160,False,False,False,False,False
TXN_7134842,False,False,False,False,False
TXN_8362951,False,False,False,False,False
TXN_3377448,False,False,False,False,False
TXN_3304060,False,False,False,False,False
TXN_5915197,False,False,False,False,False
TXN_5903404,False,False,False,False,False
TXN_4733738,False,True,True,True,True
TXN_6730670,False,False,False,False,False
TXN_8562646,False,False,False,False,False
TXN_6107048,False,False,False,False,False
TXN_3571425,False,False,False,False,False
TXN_7196079,False,False,False,False,False
TXN_9384430,False,False,False,False,False
TXN_3020816,False,False,False,False,False
TXN_1613779,False,False,False,False,False
TXN_1523559,False,False,False,False,False
TXN_6314774,False,False,False,False,False
TXN_5007965,False,True,True,True,True
TXN_6636773,False,False,False,False,False
TXN_2203983,False,False,False,False,False
TXN_8789017,False,False,False,False,False
TXN_8826475,False,False,False,False,False
TXN_7559379,False,False,False,False,False
TXN_4827125,False,False,False,False,False
TXN_7184635,False,False,False,False,False
TXN_6995557,False,False,False,False,False
TXN_5536646,False,False,False,False,False
TXN_7822143,False,False,False,False,False
TXN_8295200,False,False,False,False,False
TXN_1648427,False,False,False,False,False
TXN_5353177,False,False,False,False,False
TXN_9509705,False,False,False,False,False
TXN_9559442,False,False,False,False,False
TXN_9368743,False,False,False,False,False
TXN_3900703,False,False,False,False,False
TXN_7906287,False,False,False,False,False
TXN_8535621,False,False,False,False,False
TXN_4577781,False,False,False,False,False
TXN_6968704,False,False,False,False,False
TXN_4732306,False,False,False,False,False
TXN_8267402,False,False,False,False,False
TXN_3392405,False,False,False,False,False
TXN_3169757,True,False,False,False,False
TXN_1943582,False,False,False,False,False
TXN_3484575,False,False,False,False,False
TXN_8744270,False,False,False,False,False
TXN_2288041,True,False,False,False,False
TXN_7206380,False,False,False,False,False
TXN_3129751,False,False,False,False,False
TXN_3111666,False,False,False,False,False
TXN_8131935,False,False,False,False,False
TXN_5819436,False,False,False,False,False
TXN_8113812,False,False,False,False,False
TXN_1489487,False,False,False,False,False
TXN_9845530,False,False,False,False,False
TXN_9893886,False,False,False,False,False
TXN_7904598,False,False,False,False,False
TXN_5698793,False,False,False,False,False
TXN_8155428,False,False,False,False,False
TXN_4395212,False,False,False,False,False
TXN_5186312,False,False,False,False,False
TXN_3342443,False,False,False,False,False
TXN_6378657,False,False,False,False,False
TXN_1763054,False,False,False,False,False
TXN_2864845,False,False,False,False,False
TXN_5291160,False,False,False,False,False
TXN_4431120,False,False,False,False,False
TXN_1552772,False,False,False,False,False
TXN_3544848,False,False,False,False,False
TXN_5825215,False,False,False,False,False
TXN_2802887,False,False,False,False,False
TXN_5013447,False,False,False,False,False
TXN_8186546,False,False,False,False,False
TXN_5439195,False,False,False,False,False
TXN_7784402,False,False,False,False,False
TXN_6890337,False,False,False,False,False
TXN_9832001,False,False,False,False,False
TXN_3249934,False,False,False,False,False
TXN_5059729,False,False,False,False,False
TXN_5786843,False,False,False,False,False
TXN_2968785,False,False,False,False,False
TXN_9929561,False,False,False,False,False
TXN_3202645,False,False,False,False,False
TXN_7864309,False,False,False,False,False
TXN_2724532,False,False,False,False,False
TXN_1950227,False,False,False,False,False
TXN_1990927,False,False,False,False,False
TXN_6927369,False,False,False,False,False
TXN_5647485,True,False,False,False,False
TXN_2238366,False,False,False,False,False
TXN_2455053,False,False,False,False,False
TXN_8143902,False,False,False,False,False
TXN_7729050,False,False,False,False,False
TXN_9738784,False,False,False,False,False
TXN_3460199,False,False,False,False,False
TXN_1158381,False,True,True,True,True
TXN_4168865,False,True,True,True,True
TXN_1393018,False,False,False,False,False
TXN_6100931,False,False,False,False,False
TXN_3020241,False,False,False,False,False
TXN_9386058,False,False,False,False,False
TXN_6091754,False,False,False,False,False
TXN_5261605,False,False,False,False,False
TXN_1610493,True,False,False,False,False
TXN_2126258,False,False,False,False,False
TXN_8655514,False,False,False,False,False
TXN_6852237,True,False,False,False,False
TXN_9969248,False,False,False,False,False
TXN_5855475,False,False,False,False,False
TXN_4452577,True,False,False,False,False
TXN_9248541,False,False,False,False,False
TXN_8016362,True,False,False,False,False
TXN_5493009,False,False,False,False,False
TXN_3849865,False,False,False,False,False
TXN_3589576,False,False,False,False,False
TXN_4426046,False,True,True,True,True
TXN_3731691,False,False,False,False,False
TXN_4290252,False,False,False,False,False
TXN_9964153,False,False,False,False,False
TXN_1366912,False,False,False,False,False
TXN_6204485,False,False,False,False,False
TXN_1013045,False,False,False,False,False
TXN_4720711,False,False,False,False,False
TXN_9767779,False,True,True,True,True
TXN_6514016,False,False,False,False,False
TXN_7694067,False,False,False,False,False
TXN_2645782,False,False,False,False,False
TXN_8585525,False,False,False,False,False
TXN_3049823,False,False,False,False,False
TXN_9579985,False,False,False,False,False
TXN_1440154,False,False,False,False,False
TXN_8434417,False,False,False,False,False
TXN_6817577,False,False,False,False,False
TXN_5513986,False,False,False,False,False
TXN_2043131,False,False,False,False,False
TXN_9171710,False,False,False,False,False
TXN_7844000,False,False,False,False,False
TXN_3006943,False,False,False,False,False
TXN_3254667,False,False,False,False,False
TXN_9341596,False,False,False,False,False
TXN_4327164,False,False,False,False,False
TXN_2475853,False,False,False,False,False
TXN_4286038,False,False,False,False,False
TXN_8549366,False,False,False,False,False
TXN_1448668,False,False,False,False,False
TXN_9722290,False,False,False,False,False
TXN_7169670,False,False,False,False,False
TXN_4559771,False,False,False,False,False
TXN_2010228,True,False,False,False,False
TXN_4383123,False,False,False,False,False
TXN_2682726,False,False,False,False,False
TXN_9959673,False,False,False,False,False
TXN_7384527,False,False,False,False,False
TXN_1642674,False,False,False,False,False
TXN_8987229,False,False,False,False,False
TXN_4230848,False,False,False,False,False
TXN_8756884,False,False,False,False,False
TXN_5741074,False,False,False,False,False
TXN_7156790,True,False,False,False,False
TXN_2029611,False,False,False,False,False
TXN_7804471,False,False,False,False,False
TXN_1541024,False,False,False,False,False
TXN_4411160,False,False,False,False,False
TXN_9090898,False,False,False,False,False
TXN_1743677,False,False,False,False,False
TXN_1591772,False,False,False,False,False
TXN_7246929,False,False,False,False,False
TXN_4787658,False,False,False,False,False
TXN_8424225,False,False,False,False,False
TXN_8197313,False,False,False,False,False
TXN_3599152,False,False,False,False,False
TXN_7026911,True,False,False,False,False
TXN_1702959,True,False,False,False,False
TXN_4910983,False,False,False,False,False
TXN_5939344,False,False,False,False,False
TXN_3888352,False,False,False,False,False
TXN_6707919,False,False,False,False,False
TXN_9518234,False,False,False,False,False
TXN_3019755,False,False,False,False,False
TXN_4473345,False,False,False,False,False
TXN_9971279,False,False,False,False,False
TXN_9265726,False,False,False,False,False
TXN_6207869,False,False,False,False,False
TXN_3340219,False,False,False,False,False
TXN_1170854,False,False,False,False,False
TXN_1746192,False,True,True,True,True
TXN_9699592,False,False,False,False,False
TXN_2034268,False,False,False,False,False
TXN_4373645,False,False,False,False,False
TXN_5826237,False,False,False,False,False
TXN_6097303,False,False,False,False,False
TXN_1456719,False,False,False,False,False
TXN_8648358,False,False,False,False,False
TXN_9515774,False,False,False,False,False
TXN_1495979,False,False,False,False,False
TXN_5568041,False,False,False,False,False
TXN_4702504,False,False,False,False,False
TXN_1949455,False,False,False,False,False
TXN_3720200,False,False,False,False,False
TXN_1732114,False,False,False,False,False
TXN_1609606,False,False,False,False,False
TXN_9038096,False,True,True,True,True
TXN_2171581,False,False,False,False,False
TXN_4538911,False,False,False,False,False
TXN_1007510,False,False,False,False,False
TXN_3880353,False,False,False,False,False
TXN_3409638,False,False,False,False,False
TXN_1858997,False,False,False,False,False
TXN_6500900,False,False,False,False,False
TXN_2156079,False,False,False,False,False
TXN_6102791,False,True,True,True,True
TXN_4565043,False,False,False,False,False
TXN_6006069,False,False,False,False,False
TXN_4399558,False,False,False,False,False
TXN_7907095,False,False,False,False,False
TXN_3958510,False,False,False,False,False
TXN_9413220,False,False,False,False,False
TXN_6798190,False,False,False,False,False
TXN_2018105,True,False,False,False,False
TXN_4489216,False,False,False,False,False
TXN_5218835,False,False,False,False,False
TXN_6403470,False,False,False,False,False
TXN_2087965,False,False,False,False,False
TXN_1058643,True,False,False,False,False
TXN_6363608,False,False,False,False,False
TXN_6211037,True,False,False,False,False
TXN_9856856,False,False,False,False,False
TXN_7415874,False,True,True,True,True
TXN_1746209,False,False,False,False,False
TXN_4129646,False,False,False,False,False
TXN_3079892,False,False,False,False,False
TXN_2731981,False,False,False,False,False
TXN_3388920,False,False,False,False,False
TXN_5308673,False,False,False,False,False
TXN_8669054,False,False,False,False,False
TXN_5672977,False,False,False,False,False
TXN_4872092,True,False,False,False,False
TXN_1709660,False,False,False,False,False
TXN_4436938,False,False,False,False,False
TXN_2494353,False,False,False,False,False
TXN_1753755,False,False,False,False,False
TXN_4704137,False,False,False,False,False
TXN_1207822,False,False,False,False,False
TXN_2271263,False,False,False,False,False
TXN_6012297,False,False,False,False,False
TXN_5449415,False,False,False,False,False
TXN_4522176,False,False,False,False,False
TXN_9479679,False,False,False,False,False
TXN_1039611,False,False,False,False,False
TXN_4793029,True,False,False,False,False
TXN_3089375,False,False,False,False,False
TXN_5305961,False,False,False,False,False
TXN_3757482,False,False,False,False,False
TXN_1015414,False,False,False,False,False
TXN_4813540,False,False,False,False,False
TXN_4780677,False,False,False,False,False
TXN_2910944,False,True,True,True,True
TXN_7941679,False,False,False,False,False
TXN_4258144,False,True,True,True,True
TXN_4828565,False,False,False,False,False
TXN_3922646,True,False,False,False,False
TXN_9494162,False,False,False,False,False
TXN_1349740,False,False,False,False,False
TXN_9236082,False,False,False,False,False
TXN_5040605,False,False,False,False,False
TXN_5566845,False,False,False,False,False
TXN_7153317,False,False,False,False,False
TXN_6666623,False,False,False,False,False
TXN_6771805,False,False,False,False,False
TXN_7609763,False,False,False,False,False
TXN_7674214,False,False,False,False,False
TXN_4004830,False,False,False,False,False
TXN_3583888,False,False,False,False,False
TXN_2379515,False,False,False,False,False
TXN_5915154,False,False,False,False,False
TXN_2725299,False,False,False,False,False
TXN_9180432,False,False,False,False,False
TXN_5712926,False,False,False,False,False
TXN_1610953,False,False,False,False,False
TXN_9382641,False,True,True,True,True
TXN_3923907,False,False,False,False,False
TXN_5100476,False,False,False,False,False
TXN_9787092,False,False,False,False,False
TXN_8448458,False,False,False,False,False
TXN_9757864,False,False,False,False,False
TXN_7525212,False,False,False,False,False
TXN_7477657,False,False,False,False,False
TXN_6308905,False,False,False,False,False
TXN_5984226,False,False,False,False,False
TXN_5866486,False,False,False,False,False
TXN_3795800,False,False,False,False,False
TXN_2107305,False,False,False,False,False
TXN_8999132,False,False,False,False,False
TXN_2582450,False,False,False,False,False
TXN_9537013,False,False,False,False,False
TXN_4208189,False,False,False,False,False
TXN_6774418,False,False,False,False,False
TXN_4838523,False,True,True,True,True
TXN_3031828,False,False,False,False,False
TXN_1069677,False,False,False,False,False
TXN_4387487,False,False,False,False,False
TXN_3036586,False,False,False,False,False
TXN_9745509,False,False,False,False,False
TXN_5216726,False,False,False,False,False
TXN_6686319,False,False,False,False,False
TXN_2035015,False,False,False,False,False
TXN_4022829,False,True,True,True,True
TXN_9902772,False,False,False,False,False
TXN_3929063,False,False,False,False,False
TXN_7818630,False,False,False,False,False
TXN_8728894,False,False,False,False,False
TXN_1143548,False,False,False,False,False
TXN_4038490,False,False,False,False,False
TXN_3923869,False,False,False,False,False
TXN_1481703,False,False,False,False,False
TXN_2605841,False,False,False,False,False
TXN_6818931,False,False,False,False,False
TXN_8261655,False,False,False,False,False
TXN_4123276,True,False,False,False,False
TXN_7965993,False,False,False,False,False
TXN_2477774,False,True,True,True,True
TXN_6749795,False,True,True,True,True
TXN_7575263,False,False,False,False,False
TXN_3881781,False,False,False,False,False
TXN_9398789,False,False,False,False,False
TXN_9803107,False,False,False,False,False
TXN_2182474,False,False,False,False,False
TXN_2957368,False,False,False,False,False
TXN_5413491,False,False,False,False,False
TXN_6288635,False,False,False,False,False
TXN_3834203,False,False,False,False,False
TXN_1446414,False,False,False,False,False
TXN_6672762,False,False,False,False,False
TXN_9155245,False,False,False,False,False
TXN_9611416,True,False,False,False,False
TXN_5212165,False,False,False,False,False
TXN_6442868,False,False,False,False,False
TXN_1630509,False,False,False,False,False
TXN_7531099,False,False,False,False,False
TXN_7007203,False,False,False,False,False
TXN_3993454,False,False,False,False,False
TXN_7178038,False,False,False,False,False
TXN_2558237,False,False,False,False,False
TXN_1673118,False,False,False,False,False
TXN_9228573,False,False,False,False,False
TXN_4433161,False,False,False,False,False
TXN_2731024,False,False,False,False,False
TXN_5758502,True,False,False,False,False
TXN_2818752,False,False,False,False,False
TXN_8536550,False,False,False,False,False
TXN_5571853,False,False,False,False,False
TXN_6867742,False,False,False,False,False
TXN_7014126,False,False,False,False,False
TXN_1890352,False,False,False,False,False
TXN_2813218,False,True,True,True,True
TXN_1248451,False,False,False,False,False
TXN_9424217,False,False,False,False,False
TXN_5659844,False,False,False,False,False
TXN_1431325,False,False,False,False,False
TXN_9445661,False,False,False,False,False
TXN_7474583,False,False,False,False,False
TXN_5248200,False,False,False,False,False
TXN_8591439,False,False,False,False,False
TXN_6393003,False,False,False,False,False
TXN_5246659,False,False,False,False,False
TXN_6695324,False,False,False,False,False
TXN_6298267,False,False,False,False,False
TXN_6368570,False,False,False,False,False
TXN_4324177,False,False,False,False,False
TXN_1017087,False,False,False,False,False
TXN_8031470,False,False,False,False,False
TXN_2930732,False,False,False,False,False
TXN_8372883,False,False,False,False,False
TXN_6151684,False,False,False,False,False
TXN_4524628,False,False,False,False,False
TXN_6007030,False,False,False,False,False
TXN_6835930,False,False,False,False,False
TXN_2285948,False,False,False,False,False
TXN_1809957,True,False,False,False,False
TXN_7443806,False,False,False,False,False
TXN_6022574,False,False,False,False,False
TXN_8693268,True,False,False,False,False
TXN_5749242,False,False,False,False,False
TXN_8757048,False,False,False,False,False
TXN_7027530,False,False,False,False,False
TXN_2868734,False,False,False,False,False
TXN_1814757,False,True,True,True,True
TXN_7060106,False,False,False,False,False
TXN_4539341,False,True,True,True,True
TXN_7837658,False,False,False,False,False
TXN_3919198,False,False,False,False,False
TXN_5867581,False,False,False,False,False
TXN_6352253,False,False,False,False,False
TXN_9705594,False,False,False,False,False
TXN_7304590,False,False,False,False,False
TXN_2796296,False,False,False,False,False
TXN_5513008,False,False,False,False,False
TXN_6553626,False,False,False,False,False
TXN_7911838,False,False,False,False,False
TXN_8851575,False,False,False,False,False
TXN_9295319,False,True,True,True,True
TXN_7825394,False,False,False,False,False
TXN_9028823,False,False,False,False,False
TXN_6138247,False,False,False,False,False
TXN_9423890,False,False,False,False,False
TXN_2112709,False,False,False,False,False
TXN_1060478,False,False,False,False,False
TXN_2387294,False,False,False,False,False
TXN_2725350,False,False,False,False,False
TXN_8583496,False,False,False,False,False
TXN_5708335,False,False,False,False,False
TXN_3367358,False,False,False,False,False
TXN_8600677,False,False,False,False,False
TXN_2418640,False,False,False,False,False
TXN_6352458,False,False,False,False,False
TXN_5567034,False,False,False,False,False
TXN_7424528,False,False,False,False,False
TXN_6390873,False,False,False,False,False
TXN_7211010,False,False,False,False,False
TXN_4586181,False,False,False,False,False
TXN_6318554,False,False,False,False,False
TXN_7928803,False,False,False,False,False
TXN_6510355,False,False,False,False,False
TXN_9986278,False,False,False,False,False
TXN_7727815,False,False,False,False,False
TXN_7108681,False,False,False,False,False
TXN_2466081,False,False,False,False,False
TXN_2004814,True,False,False,False,False
TXN_9253735,False,False,False,False,False
TXN_8868169,False,True,True,True,True
TXN_1340752,False,False,False,False,False
TXN_3984894,False,False,False,False,False
TXN_9117542,False,False,False,False,False
TXN_5146966,False,False,False,False,False
TXN_8631389,False,False,False,False,False
TXN_5069695,False,False,False,False,False
TXN_1085751,False,False,False,False,False
TXN_3030371,False,False,False,False,False
TXN_6572288,False,False,False,False,False
TXN_8826135,False,False,False,False,False
TXN_7828800,False,False,False,False,False
TXN_4586723,False,False,False,False,False
TXN_7100513,False,False,False,False,False
TXN_5391293,False,False,False,False,False
TXN_4830778,False,False,False,False,False
TXN_7667326,False,False,False,False,False
TXN_1041912,False,False,False,False,False
TXN_8369234,False,False,False,False,False
TXN_5358328,False,False,False,False,False
TXN_4538212,False,False,False,False,False
TXN_7313687,False,False,False,False,False
TXN_9753172,False,False,False,False,False
TXN_8303338,False,False,False,False,False
TXN_2418365,False,False,False,False,False
TXN_6334198,False,False,False,False,False
TXN_1199408,False,False,False,False,False
TXN_4133411,False,False,False,False,False
TXN_4654153,False,True,True,True,True
TXN_6595811,False,False,False,False,False
TXN_4694065,False,False,False,False,False
TXN_9321451,True,False,False,False,False
TXN_1904948,False,False,False,False,False
TXN_2649664,False,False,False,False,False
TXN_4229762,False,False,False,False,False
TXN_2412614,False,False,False,False,False
TXN_9087734,False,False,False,False,False
TXN_8724047,False,False,False,False,False
TXN_5020329,False,False,False,False,False
TXN_3376746,False,False,False,False,False
TXN_7730094,False,False,False,False,False
TXN_5537108,False,False,False,False,False
TXN_7355536,False,False,False,False,False
TXN_1809602,False,False,False,False,False
TXN_1655146,False,False,False,False,False
TXN_9045372,False,False,False,False,False
TXN_1670050,False,False,False,False,False
TXN_3556254,False,False,False,False,False
TXN_2638283,False,False,False,False,False
TXN_5251547,False,False,False,False,False
TXN_3005788,False,False,False,False,False
TXN_3009967,False,False,False,False,False
TXN_9646533,False,False,False,False,False
TXN_5213298,False,False,False,False,False
TXN_5678133,False,False,False,False,False
TXN_7065534,False,False,False,False,False
TXN_8175126,False,False,False,False,False
TXN_9250095,False,False,False,False,False
TXN_4292471,False,False,False,False,False
TXN_7135060,False,False,False,False,False
TXN_5543825,False,False,False,False,False
TXN_5678219,False,False,False,False,False
TXN_5189628,False,False,False,False,False
TXN_7068871,False,False,False,False,False
TXN_8640842,False,False,False,False,False
TXN_3520780,False,False,False,False,False
TXN_8254168,False,False,False,False,False
TXN_1028281,False,False,False,False,False
TXN_7428385,False,False,False,False,False
TXN_5929470,False,False,False,False,False
TXN_3554058,False,True,True,True,True
TXN_4651759,False,False,False,False,False
TXN_8014673,False,False,False,False,False
TXN_1814218,False,False,False,False,False
TXN_4520102,False,False,False,False,False
TXN_3884360,False,False,False,False,False
TXN_6008086,False,False,False,False,False
TXN_1639005,False,False,False,False,False
TXN_2232201,False,False,False,False,False
TXN_3206472,False,False,False,False,False
TXN_4868756,False,False,False,False,False
TXN_8344839,False,False,False,False,False
TXN_4192202,False,False,False,False,False
TXN_7164276,False,False,False,False,False
TXN_4134539,False,False,False,False,False
TXN_8334303,False,False,False,False,False
TXN_9310005,False,False,False,False,False
TXN_1284960,False,False,False,False,False
TXN_1175373,False,False,False,False,False
TXN_2696682,False,False,False,False,False
TXN_9863257,False,False,False,False,False
TXN_9523274,False,False,False,False,False
TXN_8182802,False,False,False,False,False
TXN_1629752,False,False,False,False,False
TXN_9657809,False,False,False,False,False
TXN_9877876,False,False,False,False,False
TXN_2784398,False,False,False,False,False
TXN_3031995,False,False,False,False,False
TXN_6231583,False,False,False,False,False
TXN_8754458,False,False,False,False,False
TXN_6040270,False,False,False,False,False
TXN_8256321,False,False,False,False,False
TXN_1305706,False,False,False,False,False
TXN_8581857,False,True,True,True,True
TXN_1463899,False,False,False,False,False
TXN_6206009,False,True,True,True,True
TXN_7999293,False,False,False,False,False
TXN_2924284,False,False,False,False,False
TXN_1051223,True,False,False,False,False
TXN_5897477,False,False,False,False,False
TXN_7281987,False,False,False,False,False
TXN_1758528,False,False,False,False,False
TXN_8155874,False,False,False,False,False
TXN_7272664,False,False,False,False,False
TXN_8318270,False,False,False,False,False
TXN_5965201,False,False,False,False,False
TXN_7324213,False,False,False,False,False
TXN_5210463,False,False,False,False,False
TXN_2871119,False,False,False,False,False
TXN_4822853,False,False,False,False,False
TXN_7774282,False,False,False,False,False
TXN_4335485,True,False,False,False,False
TXN_6141899,False,False,False,False,False
TXN_2459842,False,False,False,False,False
TXN_6173941,False,False,False,False,False
TXN_4985546,False,False,False,False,False
TXN_6241154,False,False,False,False,False
TXN_3454986,False,False,False,False,False
TXN_8153182,False,False,False,False,False
TXN_5695976,False,False,False,False,False
TXN_3580823,False,False,False,False,False
TXN_2635591,False,False,False,False,False
TXN_5781403,False,False,False,False,False
TXN_8702111,False,False,False,False,False
TXN_5643421,False,False,False,False,False
TXN_2537147,False,False,False,False,False
TXN_5793965,False,False,False,False,False
TXN_9947407,False,False,False,False,False
TXN_6808962,False,False,False,False,False
TXN_1525535,False,False,False,False,False
TXN_4245049,False,True,True,True,True
TXN_4258190,False,False,False,False,False
TXN_2365702,False,False,False,False,False
TXN_4157444,False,False,False,False,False
TXN_8015744,False,False,False,False,False
TXN_5714071,False,False,False,False,False
TXN_7630017,False,False,False,False,False
TXN_5396093,False,False,False,False,False
TXN_5133656,False,False,False,False,False
TXN_7683478,False,False,False,False,False
TXN_3876992,False,False,False,False,False
TXN_8500248,False,False,False,False,False
TXN_7015281,False,False,False,False,False
TXN_7639499,False,False,False,False,False
TXN_9026226,False,False,False,False,False
TXN_8908411,False,False,False,False,False
TXN_8240954,True,False,False,False,False
TXN_9410980,False,False,False,False,False
TXN_8061410,False,True,True,True,True
TXN_5080396,False,False,False,False,False
TXN_1656528,False,False,False,False,False
TXN_4624063,False,False,False,False,False
TXN_9531173,False,False,False,False,False
TXN_1010570,False,False,False,False,False
TXN_5240249,False,False,False,False,False
TXN_4070771,False,False,False,False,False
TXN_6358543,False,False,False,False,False
TXN_8944875,False,False,False,False,False
TXN_6300521,False,False,False,False,False
TXN_5362878,False,False,False,False,False
TXN_2961597,False,False,False,False,False
TXN_5957357,False,False,False,False,False
TXN_8386061,False,False,False,False,False
TXN_3134697,False,False,False,False,False
TXN_2751393,False,False,False,False,False
TXN_1928442,False,False,False,False,False
TXN_7765835,False,False,False,False,False
TXN_7569671,False,False,False,False,False
TXN_6186500,False,False,False,False,False
TXN_8796188,False,False,False,False,False
TXN_2664061,False,False,False,False,False
TXN_6755599,False,False,False,False,False
TXN_3413079,False,False,False,False,False
TXN_9362305,False,False,False,False,False
TXN_1924304,False,False,False,False,False
TXN_8941913,False,False,False,False,False
TXN_2547495,False,False,False,False,False
TXN_2445605,False,False,False,False,False
TXN_9890315,False,False,False,False,False
TXN_5169916,False,False,False,False,False
TXN_3427844,False,False,False,False,False
TXN_2133071,False,False,False,False,False
TXN_4436280,False,False,False,False,False
TXN_7137586,False,False,False,False,False
TXN_9458655,False,False,False,False,False
TXN_4943711,False,False,False,False,False
TXN_7572090,False,False,False,False,False
TXN_8061783,False,False,False,False,False
TXN_6409562,False,False,False,False,False
TXN_2061484,False,False,False,False,False
TXN_7580375,False,False,False,False,False
TXN_7295453,False,False,False,False,False
TXN_4482044,False,False,False,False,False
TXN_9020000,False,False,False,False,False
TXN_9769588,False,False,False,False,False
TXN_8831976,False,False,False,False,False
TXN_1752239,False,False,False,False,False
TXN_5976886,False,False,False,False,False
TXN_4276753,False,False,False,False,False
TXN_9754668,False,False,False,False,False
TXN_8846106,False,True,True,True,True
TXN_8047953,False,False,False,False,False
TXN_5342424,False,False,False,False,False
TXN_1851007,False,False,False,False,False
TXN_2432418,False,False,False,False,False
TXN_7570716,False,False,False,False,False
TXN_5595359,False,False,False,False,False
TXN_6837182,False,False,False,False,False
TXN_4321114,False,False,False,False,False
TXN_7908998,False,False,False,False,False
TXN_1491959,False,False,False,False,False
TXN_8268341,False,False,False,False,False
TXN_5646577,False,False,False,False,False
TXN_7580724,False,False,False,False,False
TXN_4366763,False,False,False,False,False
TXN_3185079,False,False,False,False,False
TXN_8852168,False,False,False,False,False
TXN_1255024,False,False,False,False,False
TXN_3838117,False,False,False,False,False
TXN_5016366,False,False,False,False,False
TXN_3875311,True,False,False,False,False
TXN_4665967,False,False,False,False,False
TXN_3334456,False,False,False,False,False
TXN_3443924,False,False,False,False,False
TXN_5841902,False,False,False,False,False
TXN_2971834,False,False,False,False,False
TXN_6314933,False,False,False,False,False
TXN_3633144,False,False,False,False,False
TXN_9216601,False,False,False,False,False
TXN_7695164,False,False,False,False,False
TXN_8199604,False,False,False,False,False
TXN_2256792,False,False,False,False,False
TXN_5796230,True,False,False,False,False
TXN_4205977,False,False,False,False,False
TXN_6663151,False,False,False,False,False
TXN_2175264,False,False,False,False,False
TXN_6636272,False,False,False,False,False
TXN_2654084,False,False,False,False,False
TXN_9280425,False,False,False,False,False
TXN_1559058,False,False,False,False,False
TXN_5380026,False,False,False,False,False
TXN_2931826,False,True,True,True,True
TXN_2487307,True,False,False,False,False
TXN_2242671,False,False,False,False,False
TXN_6988754,False,False,False,False,False
TXN_2826730,False,False,False,False,False
TXN_7965748,True,False,False,False,False
TXN_3873648,True,False,False,False,False
TXN_6499936,False,False,False,False,False
TXN_6842211,True,False,False,False,False
TXN_8959752,False,False,False,False,False
TXN_2231855,False,False,False,False,False
TXN_8040299,False,True,True,True,True
TXN_7164854,False,False,False,False,False
TXN_3366759,False,False,False,False,False
TXN_4237098,False,False,False,False,False
TXN_2270219,False,False,False,False,False
TXN_2715374,True,False,False,False,False
TXN_1310254,True,False,False,False,False
TXN_3577627,False,False,False,False,False
TXN_7659597,False,False,False,False,False
TXN_4532717,False,False,False,False,False
TXN_8528791,False,False,False,False,False
TXN_1422416,False,False,False,False,False
TXN_1156192,False,False,False,False,False
TXN_7177847,False,False,False,False,False
TXN_1259242,False,False,False,False,False
TXN_9753602,False,True,True,True,True
TXN_9860106,False,False,False,False,False
TXN_9060698,False,False,False,False,False
TXN_4559367,False,False,False,False,False
TXN_3311708,False,False,False,False,False
TXN_8233787,False,False,False,False,False
TXN_2402093,False,False,False,False,False
TXN_9170078,False,False,False,False,False
TXN_6748447,False,False,False,False,False
TXN_2436348,False,False,False,False,False
TXN_9864135,True,False,False,False,False
TXN_4703045,False,False,False,False,False
TXN_9195906,False,True,True,True,True
TXN_8881867,False,False,False,False,False
TXN_4878575,False,False,False,False,False
TXN_2392647,False,True,True,True,True
TXN_8731910,False,False,False,False,False
TXN_6553826,False,False,False,False,False
TXN_3602634,False,False,False,False,False
TXN_6583535,False,False,False,False,False
TXN_1326495,False,False,False,False,False
TXN_8477874,False,False,False,False,False
TXN_6933637,False,False,False,False,False
TXN_6722415,False,False,False,False,False
TXN_2722008,False,False,False,False,False
TXN_8736071,False,False,False,False,False
TXN_9480196,False,False,False,False,False
TXN_8773755,False,False,False,False,False
TXN_7954220,False,False,False,False,False
TXN_7827422,False,False,False,False,False
TXN_5773507,False,False,False,False,False
TXN_8523870,False,False,False,False,False
TXN_7852595,True,False,False,False,False
TXN_2374522,False,False,False,False,False
TXN_7900359,False,False,False,False,False
TXN_9777000,False,False,False,False,False
TXN_8323434,False,False,False,False,False
TXN_8994229,False,False,False,False,False
TXN_9536237,False,False,False,False,False
TXN_6172140,False,False,False,False,False
TXN_6615544,False,False,False,False,False
TXN_8941172,False,True,True,True,True
TXN_1388437,False,False,False,False,False
TXN_3017691,False,True,True,True,True
TXN_7840048,False,False,False,False,False
TXN_8256476,False,True,True,True,True
TXN_1757347,False,False,False,False,False
TXN_8072250,False,False,False,False,False
TXN_9830435,False,False,False,False,False
TXN_3717310,False,False,False,False,False
TXN_9544902,False,False,False,False,False
TXN_2303813,False,False,False,False,False
TXN_7760130,False,False,False,False,False
TXN_9841835,False,False,False,False,False
TXN_3666581,True,False,False,False,False
TXN_2899586,False,False,False,False,False
TXN_8838987,False,False,False,False,False
TXN_4289411,False,False,False,False,False
TXN_5594869,False,False,False,False,False
TXN_8020971,False,False,False,False,False
TXN_6257706,False,False,False,False,False
TXN_5815128,False,False,False,False,False
TXN_1693429,False,False,False,False,False
TXN_8909732,False,False,False,False,False
TXN_6903090,False,False,False,False,False
TXN_1900392,False,False,False,False,False
TXN_3926641,False,False,False,False,False
TXN_5719635,False,False,False,False,False
TXN_5667204,False,False,False,False,False
TXN_7882087,False,False,False,False,False
TXN_7905536,False,False,False,False,False
TXN_7851596,False,False,False,False,False
TXN_6281965,False,False,False,False,False
TXN_8552028,False,True,True,True,True
TXN_4144954,False,False,False,False,False
TXN_1020981,False,False,False,False,False
TXN_8506676,False,False,False,False,False
TXN_1222397,False,False,False,False,False
TXN_6278418,False,True,True,True,True
TXN_1962487,False,False,False,False,False
TXN_1821104,False,False,False,False,False
TXN_5992097,False,True,True,True,True
TXN_1189728,False,False,False,False,False
TXN_8852595,False,False,False,False,False
TXN_5410273,False,False,False,False,False
TXN_6278864,False,False,False,False,False
TXN_8411721,False,False,False,False,False
TXN_1846459,False,False,False,False,False
TXN_5595934,False,False,False,False,False
TXN_5009022,False,False,False,False,False
TXN_8321017,False,False,False,False,False
TXN_9923886,False,False,False,False,False
TXN_8919975,False,False,False,False,False
TXN_2085328,False,False,False,False,False
TXN_4525054,False,False,False,False,False
TXN_2059202,False,False,False,False,False
TXN_1899145,False,False,False,False,False
TXN_2761217,False,False,False,False,False
TXN_3159241,False,False,False,False,False
TXN_2854455,False,False,False,False,False
TXN_3687567,False,False,False,False,False
TXN_6125814,False,False,False,False,False
TXN_4093697,False,False,False,False,False
TXN_4620050,False,False,False,False,False
TXN_4853504,False,False,False,False,False
TXN_6157163,False,False,False,False,False
TXN_9850035,False,False,False,False,False
TXN_4620016,False,False,False,False,False
TXN_8303713,False,False,False,False,False
TXN_4215500,False,False,False,False,False
TXN_1476186,False,False,False,False,False
TXN_4445795,False,False,False,False,False
TXN_1943990,False,False,False,False,False
TXN_3679931,False,False,False,False,False
TXN_8373098,True,False,False,False,False
TXN_3019852,False,False,False,False,False
TXN_6709663,False,True,True,True,True
TXN_6948452,True,False,False,False,False
TXN_9762811,False,False,False,False,False
TXN_1420094,False,False,False,False,False
TXN_7099616,False,False,False,False,False
TXN_5707886,False,False,False,False,False
TXN_8837607,False,False,False,False,False
TXN_9750057,False,False,False,False,False
TXN_3518477,False,False,False,False,False
TXN_2109847,False,False,False,False,False
TXN_8283969,False,False,False,False,False
TXN_4393198,False,False,False,False,False
TXN_9735326,False,False,False,False,False
TXN_8252120,False,False,False,False,False
TXN_7505689,False,False,False,False,False
TXN_8444157,False,True,True,True,True
TXN_1854833,False,False,False,False,False
TXN_4563647,False,False,False,False,False
TXN_7753152,False,False,False,False,False
TXN_1874387,False,False,False,False,False
TXN_5972272,False,False,False,False,False
TXN_5460852,False,False,False,False,False
TXN_8690631,False,False,False,False,False
TXN_7597576,False,False,False,False,False
TXN_3311484,False,False,False,False,False
TXN_4004092,False,False,False,False,False
TXN_3676551,False,False,False,False,False
TXN_1767448,False,False,False,False,False
TXN_7804296,False,False,False,False,False
TXN_8024224,False,False,False,False,False
TXN_5830623,False,False,False,False,False
TXN_2669806,False,False,False,False,False
TXN_6938910,False,False,False,False,False
TXN_5275219,False,False,False,False,False
TXN_6342314,False,False,False,False,False
TXN_1502529,False,False,False,False,False
TXN_2388264,False,False,False,False,False
TXN_4671556,True,False,False,False,False
TXN_8454270,False,False,False,False,False
TXN_4036266,False,False,False,False,False
TXN_6866868,False,False,False,False,False
TXN_8199043,False,False,False,False,False
TXN_6474195,False,False,False,False,False
TXN_4689441,False,False,False,False,False
TXN_2594117,False,False,False,False,False
TXN_8961982,False,False,False,False,False
TXN_4351750,False,False,False,False,False
TXN_8180871,False,False,False,False,False
TXN_7079048,False,False,False,False,False
TXN_3523660,False,False,False,False,False
TXN_8883302,False,False,False,False,False
TXN_4921672,False,False,False,False,False
TXN_5837003,False,False,False,False,False
TXN_6181011,False,False,False,False,False
TXN_7088185,False,False,False,False,False
TXN_7162597,False,False,False,False,False
TXN_9175988,False,False,False,False,False
TXN_6730547,True,False,False,False,False
TXN_6651579,False,False,False,False,False
TXN_9790107,False,False,False,False,False
TXN_2848766,False,False,False,False,False
TXN_8963866,False,True,True,True,True
TXN_4949721,False,True,True,True,True
TXN_6213892,False,False,False,False,False
TXN_2869481,False,False,False,False,False
TXN_7498911,False,False,False,False,False
TXN_3792920,False,False,False,False,False
TXN_5562705,False,False,False,False,False
TXN_8357441,False,False,False,False,False
TXN_1795312,False,False,False,False,False
TXN_6272504,False,True,True,True,True
TXN_9861733,False,False,False,False,False
TXN_2326393,False,False,False,False,False
TXN_2154714,False,False,False,False,False
TXN_7110396,False,False,False,False,False
TXN_8463040,False,False,False,False,False
TXN_2536386,False,False,False,False,False
TXN_6219185,False,False,False,False,False
TXN_6414764,False,False,False,False,False
TXN_4492875,False,False,False,False,False
TXN_6241258,False,False,False,False,False
TXN_9110626,False,False,False,False,False
TXN_2474922,False,False,False,False,False
TXN_8644182,False,False,False,False,False
TXN_4550414,False,False,False,False,False
TXN_5485829,False,False,False,False,False
TXN_9739067,False,False,False,False,False
TXN_9416158,True,False,False,False,False
TXN_4304514,False,False,False,False,False
TXN_9008414,False,False,False,False,False
TXN_9911488,False,False,False,False,False
TXN_1881857,False,False,False,False,False
TXN_5744175,False,False,False,False,False
TXN_2686357,False,False,False,False,False
TXN_4171929,False,False,False,False,False
TXN_9200603,False,False,False,False,False
TXN_6115982,False,False,False,False,False
TXN_7594907,False,False,False,False,False
TXN_9933537,False,False,False,False,False
TXN_7302842,True,False,False,False,False
TXN_1589489,False,False,False,False,False
TXN_4901231,False,False,False,False,False
TXN_8241373,False,False,False,False,False
TXN_8430438,False,False,False,False,False
TXN_9268865,False,False,False,False,False
TXN_1164094,True,False,False,False,False
TXN_6429558,False,False,False,False,False
TXN_6156746,False,False,False,False,False
TXN_8215023,False,False,False,False,False
TXN_9889424,False,False,False,False,False
TXN_6876092,False,False,False,False,False
TXN_1917119,False,False,False,False,False
TXN_6231912,False,False,False,False,False
TXN_2920931,False,False,False,False,False
TXN_2861234,False,False,False,False,False
TXN_4599435,False,False,False,False,False
TXN_2243532,False,False,False,False,False
TXN_1855175,False,False,False,False,False
TXN_8378538,False,False,False,False,False
TXN_9352732,False,False,False,False,False
TXN_8477564,False,False,False,False,False
TXN_3421464,False,False,False,False,False
TXN_5831445,True,False,False,False,False
TXN_9211823,False,False,False,False,False
TXN_3609312,False,False,False,False,False
TXN_5459004,False,False,False,False,False
TXN_6752216,False,False,False,False,False
TXN_4968556,False,False,False,False,False
TXN_6736197,False,True,True,True,True
TXN_9474347,False,False,False,False,False
TXN_6884026,False,False,False,False,False
TXN_1681078,False,False,False,False,False
TXN_7697657,False,False,False,False,False
TXN_4532532,False,False,False,False,False
TXN_7152984,False,False,False,False,False
TXN_8739719,False,False,False,False,False
TXN_1353717,False,False,False,False,False
TXN_1858867,False,False,False,False,False
TXN_7930277,False,False,False,False,False
TXN_5217730,False,False,False,False,False
TXN_6400472,False,False,False,False,False
TXN_9958872,False,False,False,False,False
TXN_7929084,True,False,False,False,False
TXN_8535735,False,False,False,False,False
TXN_6700560,False,False,False,False,False
TXN_3768715,True,False,False,False,False
TXN_7779819,False,False,False,False,False
TXN_4523018,False,False,False,False,False
TXN_8160360,False,False,False,False,False
TXN_9173957,False,False,False,False,False
TXN_4782317,False,False,False,False,False
TXN_7681375,False,False,False,False,False
TXN_7663232,False,False,False,False,False
TXN_8887517,False,False,False,False,False
TXN_1197801,False,False,False,False,False
TXN_2216840,False,False,False,False,False
TXN_6623586,False,False,False,False,False
TXN_9759144,False,False,False,False,False
TXN_3033421,False,False,False,False,False
TXN_8674510,False,False,False,False,False
TXN_3811380,False,False,False,False,False
TXN_3770874,False,False,False,False,False
TXN_3444412,False,False,False,False,False
TXN_2513356,False,False,False,False,False
TXN_6632930,False,False,False,False,False
TXN_2358087,False,False,False,False,False
TXN_4705521,False,True,True,True,True
TXN_9110304,False,False,False,False,False
TXN_6672586,False,False,False,False,False
TXN_3970556,False,False,False,False,False
TXN_7070493,False,False,False,False,False
TXN_2633088,False,False,False,False,False
TXN_5092009,False,False,False,False,False
TXN_4161105,False,False,False,False,False
TXN_6835888,False,False,False,False,False
TXN_3271903,False,False,False,False,False
TXN_2894385,False,False,False,False,False
TXN_8328068,False,False,False,False,False
TXN_8984050,False,False,False,False,False
TXN_2582622,False,False,False,False,False
TXN_9239185,False,False,False,False,False
TXN_9805058,True,False,False,False,False
TXN_5939026,False,False,False,False,False
TXN_6077319,False,False,False,False,False
TXN_5624556,False,False,False,False,False
TXN_2459628,False,False,False,False,False
TXN_5761154,False,False,False,False,False
TXN_3893429,False,False,False,False,False
TXN_5106214,False,False,False,False,False
TXN_1910146,False,False,False,False,False
TXN_6287862,False,False,False,False,False
TXN_2260125,False,False,False,False,False
TXN_1389066,False,False,False,False,False
TXN_6548842,False,False,False,False,False
TXN_1995025,False,False,False,False,False
TXN_3226837,False,False,False,False,False
TXN_8799154,False,False,False,False,False
TXN_3175190,False,False,False,False,False
TXN_3968183,False,False,False,False,False
TXN_5410939,False,False,False,False,False
TXN_6345102,True,False,False,False,False
TXN_4523627,False,False,False,False,False
TXN_2640121,False,False,False,False,False
TXN_1869739,False,False,False,False,False
TXN_5926411,False,False,False,False,False
TXN_8310973,False,False,False,False,False
TXN_7664369,False,False,False,False,False
TXN_8095536,False,False,False,False,False
TXN_7487450,False,False,False,False,False
TXN_4183289,False,False,False,False,False
TXN_3047486,False,False,False,False,False
TXN_4726526,False,False,False,False,False
TXN_8354569,False,False,False,False,False
TXN_2595446,False,False,False,False,False
TXN_3555481,False,False,False,False,False
TXN_9595549,False,False,False,False,False
TXN_8403668,False,False,False,False,False
TXN_5149243,False,False,False,False,False
TXN_1632221,False,False,False,False,False
TXN_4684340,False,False,False,False,False
TXN_4719168,False,False,False,False,False
TXN_2592374,False,False,False,False,False
TXN_7421983,False,False,False,False,False
TXN_3143689,False,False,False,False,False
TXN_5449047,False,False,False,False,False
TXN_3445828,False,False,False,False,False
TXN_1127482,False,False,False,False,False
TXN_8686018,True,False,False,False,False
TXN_1570444,False,False,False,False,False
TXN_4487199,False,False,False,False,False
TXN_8838487,False,False,False,False,False
TXN_2727085,False,False,False,False,False
TXN_6992616,False,False,False,False,False
TXN_4772413,False,True,True,True,True
TXN_6944260,False,False,False,False,False
TXN_5907338,False,False,False,False,False
TXN_9110765,False,False,False,False,False
TXN_8831425,True,False,False,False,False
TXN_9860184,False,False,False,False,False
TXN_3501915,False,False,False,False,False
TXN_2790270,False,False,False,False,False
TXN_9018335,False,False,False,False,False
TXN_1034189,False,False,False,False,False
TXN_6026881,False,False,False,False,False
TXN_2705106,False,False,False,False,False
TXN_9810444,False,False,False,False,False
TXN_5806795,False,False,False,False,False
TXN_9155538,False,False,False,False,False
TXN_2386101,False,False,False,False,False
TXN_6963310,False,False,False,False,False
TXN_6468939,False,False,False,False,False
TXN_4219464,False,False,False,False,False
TXN_2496641,False,False,False,False,False
TXN_2093784,False,False,False,False,False
TXN_9499247,False,False,False,False,False
TXN_3471881,False,False,False,False,False
TXN_4461081,False,False,False,False,False
TXN_5231180,False,False,False,False,False
TXN_3673613,False,False,False,False,False
TXN_3807303,False,True,True,True,True
TXN_2770070,True,False,False,False,False
TXN_7974643,False,False,False,False,False
TXN_4763213,False,False,False,False,False
TXN_8516678,False,False,False,False,False
TXN_4783588,False,False,False,False,False
TXN_1164547,False,False,False,False,False
TXN_4087929,False,False,False,False,False
TXN_6087379,False,False,False,False,False
TXN_7744516,True,False,False,False,False
TXN_3495027,False,False,False,False,False
TXN_6214485,False,False,False,False,False
TXN_8912049,False,False,False,False,False
TXN_9780053,False,False,False,False,False
TXN_6263189,False,False,False,False,False
TXN_8944954,False,False,False,False,False
TXN_2119863,True,False,False,False,False
TXN_4752443,False,False,False,False,False
TXN_6562777,False,False,False,False,False
TXN_4514680,False,False,False,False,False
TXN_3414423,False,False,False,False,False
TXN_9856733,False,True,True,True,True
TXN_4979461,False,False,False,False,False
TXN_5217918,False,False,False,False,False
TXN_1806675,False,False,False,False,False
TXN_3133105,False,False,False,False,False
TXN_9753727,False,False,False,False,False
TXN_2478592,False,False,False,False,False
TXN_6760018,False,False,False,False,False
TXN_3175369,False,False,False,False,False
TXN_1291675,False,False,False,False,False
TXN_5584015,False,False,False,False,False
TXN_2039959,False,False,False,False,False
TXN_8747203,False,False,False,False,False
TXN_2412802,False,False,False,False,False
TXN_9401576,False,False,False,False,False
TXN_9584772,False,False,False,False,False
TXN_4695386,False,False,False,False,False
TXN_5675587,False,False,False,False,False
TXN_5250994,False,False,False,False,False
TXN_6162358,False,False,False,False,False
TXN_8966314,False,True,True,True,True
TXN_2908355,False,False,False,False,False
TXN_3789480,False,False,False,False,False
TXN_4486901,False,False,False,False,False
TXN_4269120,False,False,False,False,False
TXN_2893014,False,False,False,False,False
TXN_1041890,False,True,True,True,True
TXN_9037382,False,False,False,False,False
TXN_5906197,False,False,False,False,False
TXN_9023603,False,False,False,False,False
TXN_9495051,False,False,False,False,False
TXN_7819259,False,False,False,False,False
TXN_2334719,False,False,False,False,False
TXN_2406868,False,False,False,False,False
TXN_1511916,False,False,False,False,False
TXN_9759459,False,False,False,False,False
TXN_7603860,False,False,False,False,False
TXN_5372218,False,False,False,False,False
TXN_8994247,False,False,False,False,False
TXN_5849928,False,False,False,False,False
TXN_8426341,False,False,False,False,False
TXN_4632830,False,False,False,False,False
TXN_6185003,False,False,False,False,False
TXN_7326338,False,False,False,False,False
TXN_8692837,False,False,False,False,False
TXN_7531230,False,False,False,False,False
TXN_6027273,True,False,False,False,False
TXN_7467487,False,False,False,False,False
TXN_9163817,False,False,False,False,False
TXN_1881631,False,False,False,False,False
TXN_6050928,False,False,False,False,False
TXN_8401547,False,False,False,False,False
TXN_4576759,False,False,False,False,False
TXN_6946214,False,False,False,False,False
TXN_5092194,False,False,False,False,False
TXN_2839407,False,False,False,False,False
TXN_3634960,False,False,False,False,False
TXN_1759177,False,True,True,True,True
TXN_2443824,False,False,False,False,False
TXN_6147765,False,False,False,False,False
TXN_7653959,False,False,False,False,False
TXN_4490143,False,False,False,False,False
TXN_8465227,False,False,False,False,False
TXN_1440593,False,False,False,False,False
TXN_4325085,False,False,False,False,False
TXN_8003213,False,False,False,False,False
TXN_3725756,False,False,False,False,False
TXN_7821667,False,False,False,False,False
TXN_5829041,False,False,False,False,False
TXN_5597910,False,False,False,False,False
TXN_8367781,False,False,False,False,False
TXN_3277863,True,False,False,False,False
TXN_1826372,False,False,False,False,False
TXN_9139150,False,False,False,False,False
TXN_1310419,False,False,False,False,False
TXN_5373878,False,False,False,False,False
TXN_1006129,False,False,False,False,False
TXN_6698554,False,False,False,False,False
TXN_8080510,False,False,False,False,False
TXN_7979491,False,False,False,False,False
TXN_3089083,False,False,False,False,False
TXN_7515623,False,False,False,False,False
TXN_1540504,False,False,False,False,False
TXN_3290344,False,False,False,False,False
TXN_9017500,False,False,False,False,False
TXN_4824819,False,False,False,False,False
TXN_8100520,False,False,False,False,False
TXN_1657303,False,False,False,False,False
TXN_9610510,False,False,False,False,False
TXN_6187845,False,False,False,False,False
TXN_1712389,False,False,False,False,False
TXN_9174524,False,False,False,False,False
TXN_9066614,False,False,False,False,False
TXN_4743953,False,False,False,False,False
TXN_1249020,False,False,False,False,False
TXN_2759881,False,False,False,False,False
TXN_6665991,False,False,False,False,False
TXN_7586036,False,False,False,False,False
TXN_4956593,False,False,False,False,False
TXN_2595449,True,False,False,False,False
TXN_8431895,False,False,False,False,False
TXN_9161445,True,False,False,False,False
TXN_6562922,False,False,False,False,False
TXN_3922319,False,False,False,False,False
TXN_2602356,True,False,False,False,False
TXN_4573687,False,False,False,False,False
TXN_3048452,False,False,False,False,False
TXN_6953040,False,False,False,False,False
TXN_7254589,False,False,False,False,False
TXN_6783878,False,False,False,False,False
TXN_6959290,False,False,False,False,False
TXN_2630398,False,False,False,False,False
TXN_9587075,False,False,False,False,False
TXN_3425468,False,False,False,False,False
TXN_7119158,False,False,False,False,False
TXN_1060721,False,False,False,False,False
TXN_7246599,False,False,False,False,False
TXN_8027476,False,False,False,False,False
TXN_5491571,False,False,False,False,False
TXN_9921931,False,False,False,False,False
TXN_1374547,False,False,False,False,False
TXN_1463588,False,False,False,False,False
TXN_1411456,False,False,False,False,False
TXN_7906894,False,False,False,False,False
TXN_8802193,False,False,False,False,False
TXN_3605723,False,True,True,True,True
TXN_3645039,False,False,False,False,False
TXN_8310704,False,False,False,False,False
TXN_4525407,False,False,False,False,False
TXN_8743787,False,False,False,False,False
TXN_1821468,False,False,False,False,False
TXN_7697701,False,False,False,False,False
TXN_1545490,False,False,False,False,False
TXN_6571048,False,False,False,False,False
TXN_4111338,False,False,False,False,False
TXN_1144228,False,False,False,False,False
TXN_6970868,True,False,False,False,False
TXN_2381503,False,False,False,False,False
TXN_3358757,False,False,False,False,False
TXN_5239417,False,False,False,False,False
TXN_4637114,False,False,False,False,False
TXN_7684251,False,False,False,False,False
TXN_2315468,False,False,False,False,False
TXN_2535570,False,False,False,False,False
TXN_6964544,False,True,True,True,True
TXN_2409097,False,False,False,False,False
TXN_9417468,False,False,False,False,False
TXN_1827392,False,False,False,False,False
TXN_9892104,False,False,False,False,False
TXN_6175706,False,False,False,False,False
TXN_6414347,False,False,False,False,False
TXN_2523425,False,False,False,False,False
TXN_8580799,False,False,False,False,False
TXN_6519165,False,False,False,False,False
TXN_9860940,True,False,False,False,False
TXN_6852192,False,False,False,False,False
TXN_2660160,False,False,False,False,False
TXN_2266891,False,False,False,False,False
TXN_7717273,False,False,False,False,False
TXN_3858680,False,True,True,True,True
TXN_1116351,False,False,False,False,False
TXN_8912384,False,False,False,False,False
TXN_4576812,False,False,False,False,False
TXN_5121902,False,False,False,False,False
TXN_3408025,False,False,False,False,False
TXN_8845175,False,False,False,False,False
TXN_4974375,False,False,False,False,False
TXN_6838499,False,False,False,False,False
TXN_6276845,False,False,False,False,False
TXN_7754466,False,False,False,False,False
TXN_9471173,False,False,False,False,False
TXN_6185568,False,False,False,False,False
TXN_5050241,False,False,False,False,False
TXN_4915355,False,False,False,False,False
TXN_4130550,False,False,False,False,False
TXN_3584985,False,False,False,False,False
TXN_4006298,False,False,False,False,False
TXN_6647013,False,False,False,False,False
TXN_3526562,True,False,False,False,False
TXN_4570138,False,True,True,True,True
TXN_2774995,False,False,False,False,False
TXN_4144026,False,False,False,False,False
TXN_1688534,False,False,False,False,False
TXN_3033960,False,False,False,False,False
TXN_2215668,False,False,False,False,False
TXN_7383851,False,False,False,False,False
TXN_4967198,False,True,True,True,True
TXN_1260673,False,False,False,False,False
TXN_4961109,False,False,False,False,False
TXN_3278728,False,False,False,False,False
TXN_7139710,False,False,False,False,False
TXN_3249244,False,False,False,False,False
TXN_7608681,False,True,True,True,True
TXN_6036689,False,False,False,False,False
TXN_1032287,True,False,False,False,False
TXN_7350390,False,False,False,False,False
TXN_1382421,False,True,True,True,True
TXN_7378382,False,False,False,False,False
TXN_8250681,False,False,False,False,False
TXN_3509178,False,False,False,False,False
TXN_8037528,False,False,False,False,False
TXN_8270876,False,False,False,False,False
TXN_1011669,False,False,False,False,False
TXN_3689417,False,False,False,False,False
TXN_3349534,False,False,False,False,False
TXN_1199362,False,False,False,False,False
TXN_4545143,False,False,False,False,False
TXN_6360517,False,False,False,False,False
TXN_7394333,False,False,False,False,False
TXN_1686564,False,False,False,False,False
TXN_2902480,False,False,False,False,False
TXN_2357597,True,False,False,False,False
TXN_6787087,False,False,False,False,False
TXN_4862692,False,True,True,True,True
TXN_8640039,False,False,False,False,False
TXN_5073816,False,False,False,False,False
TXN_4069953,False,False,False,False,False
TXN_8766170,False,False,False,False,False
TXN_7868771,True,False,False,False,False
TXN_4476674,False,False,False,False,False
TXN_3788122,False,False,False,False,False
TXN_4148681,False,False,False,False,False
TXN_3839676,False,False,False,False,False
TXN_8044366,False,False,False,False,False
TXN_9152328,False,False,False,False,False
TXN_1586746,True,False,False,False,False
TXN_3480703,False,False,False,False,False
TXN_7218983,False,False,False,False,False
TXN_3295816,False,False,False,False,False
TXN_4106679,False,False,False,False,False
TXN_4525013,False,False,False,False,False
TXN_1803855,False,False,False,False,False
TXN_8716794,False,False,False,False,False
TXN_1986874,False,False,False,False,False
TXN_9414771,False,False,False,False,False
TXN_3466324,False,False,False,False,False
TXN_3342588,False,False,False,False,False
TXN_6786260,False,False,False,False,False
TXN_1836591,False,False,False,False,False
TXN_9655455,False,False,False,False,False
TXN_8040862,False,False,False,False,False
TXN_5037401,True,False,False,False,False
TXN_3851282,False,False,False,False,False
TXN_7338102,False,False,False,False,False
TXN_5391734,True,False,False,False,False
TXN_1884089,False,False,False,False,False
TXN_6004811,True,False,False,False,False
TXN_7086312,False,False,False,False,False
TXN_1823886,False,False,False,False,False
TXN_9020139,True,False,False,False,False
TXN_6152767,False,False,False,False,False
TXN_7991727,False,False,False,False,False
TXN_2685942,False,False,False,False,False
TXN_8355598,False,False,False,False,False
TXN_6360373,False,False,False,False,False
TXN_5825024,False,False,False,False,False
TXN_1738321,False,False,False,False,False
TXN_6906730,False,False,False,False,False
TXN_3634752,False,False,False,False,False
TXN_7765366,False,False,False,False,False
TXN_3195958,False,False,False,False,False
TXN_4240515,False,True,True,True,True
TXN_7451771,False,False,False,False,False
TXN_4020246,False,False,False,False,False
TXN_5979898,False,False,False,False,False
TXN_1283354,False,False,False,False,False
TXN_8334867,False,False,False,False,False
TXN_6926177,False,False,False,False,False
TXN_3456425,False,False,False,False,False
TXN_4684828,True,False,False,False,False
TXN_7634319,False,False,False,False,False
TXN_2548722,False,False,False,False,False
TXN_5042678,False,False,False,False,False
TXN_3452477,False,False,False,False,False
TXN_8278381,False,False,False,False,False
TXN_6461820,False,True,True,True,True
TXN_3007648,False,False,False,False,False
TXN_2294115,False,False,False,False,False
TXN_5716826,False,False,False,False,False
TXN_6866882,False,False,False,False,False
TXN_1009738,False,False,False,False,False
TXN_3435040,False,False,False,False,False
TXN_9140667,False,False,False,False,False
TXN_9748964,True,False,False,False,False
TXN_8978701,False,False,False,False,False
TXN_8757431,False,False,False,False,False
TXN_3262408,False,False,False,False,False
TXN_6104935,False,False,False,False,False
TXN_4792614,False,False,False,False,False
TXN_6990280,False,False,False,False,False
TXN_6287586,False,False,False,False,False
TXN_3465412,False,False,False,False,False
TXN_8243127,False,False,False,False,False
TXN_9714585,True,False,False,False,False
TXN_6632197,False,False,False,False,False
TXN_1676610,False,False,False,False,False
TXN_2610553,False,False,False,False,False
TXN_9047724,False,False,False,False,False
TXN_8618296,False,False,False,False,False
TXN_2039131,False,False,False,False,False
TXN_9980622,False,False,False,False,False
TXN_1384717,False,False,False,False,False
TXN_3465568,False,False,False,False,False
TXN_7190836,False,False,False,False,False
TXN_4859949,False,False,False,False,False
TXN_6832925,False,False,False,False,False
TXN_2158665,False,True,True,True,True
TXN_8227754,False,False,False,False,False
TXN_9233461,False,False,False,False,False
TXN_2205807,False,False,False,False,False
TXN_1681838,False,False,False,False,False
TXN_6651911,False,False,False,False,False
TXN_2375037,False,False,False,False,False
TXN_5188476,False,False,False,False,False
TXN_6314299,True,False,False,False,False
TXN_6931270,False,False,False,False,False
TXN_6778962,False,False,False,False,False
TXN_8574272,False,False,False,False,False
TXN_8251002,False,False,False,False,False
TXN_1681837,False,False,False,False,False
TXN_5549998,False,False,False,False,False
TXN_8684883,False,False,False,False,False
TXN_1107138,False,False,False,False,False
TXN_4104983,False,False,False,False,False
TXN_4257383,False,False,False,False,False
TXN_1926362,False,False,False,False,False
TXN_6968735,False,False,False,False,False
TXN_5326091,False,False,False,False,False
TXN_6093600,False,False,False,False,False
TXN_8076358,False,False,False,False,False
TXN_4695478,False,False,False,False,False
TXN_5412766,False,False,False,False,False
TXN_3023847,False,False,False,False,False
TXN_2841599,False,False,False,False,False
TXN_8768337,False,False,False,False,False
TXN_7191448,False,False,False,False,False
TXN_3888332,False,False,False,False,False
TXN_5569617,False,False,False,False,False
TXN_2696370,False,False,False,False,False
TXN_1027353,False,False,False,False,False
TXN_7528741,False,False,False,False,False
TXN_1916761,False,False,False,False,False
TXN_1957321,False,False,False,False,False
TXN_3638611,False,False,False,False,False
TXN_8244589,False,False,False,False,False
TXN_9777724,False,False,False,False,False
TXN_6595686,False,True,True,True,True
TXN_8089106,False,False,False,False,False
TXN_8316905,False,False,False,False,False
TXN_3943422,False,True,True,True,True
TXN_7733378,False,False,False,False,False
TXN_5156689,False,False,False,False,False
TXN_1073711,False,False,False,False,False
TXN_6263807,False,False,False,False,False
TXN_8888063,False,False,False,False,False
TXN_1220342,False,False,False,False,False
TXN_5804265,False,False,False,False,False
TXN_8098647,False,False,False,False,False
TXN_1806496,False,False,False,False,False
TXN_7007206,False,False,False,False,False
TXN_1862964,False,False,False,False,False
TXN_6182374,False,False,False,False,False
TXN_4062280,False,False,False,False,False
TXN_5701600,False,False,False,False,False
TXN_9758765,False,False,False,False,False
TXN_9616920,False,False,False,False,False
TXN_2261622,True,False,False,False,False
TXN_9333110,True,False,False,False,False
TXN_1181808,False,False,False,False,False
TXN_3724097,False,False,False,False,False
TXN_7761566,False,False,False,False,False
TXN_7439699,False,False,False,False,False
TXN_8964634,False,False,False,False,False
TXN_3125291,False,False,False,False,False
TXN_2157640,False,False,False,False,False
TXN_8666705,False,False,False,False,False
TXN_4886619,False,False,False,False,False
TXN_9641889,False,False,False,False,False
TXN_3333627,False,False,False,False,False
TXN_9645461,False,False,False,False,False
TXN_7346843,False,False,False,False,False
TXN_5445578,True,False,False,False,False
TXN_6989369,False,False,False,False,False
TXN_3096751,False,False,False,False,False
TXN_9698787,True,False,False,False,False
TXN_8264473,False,False,False,False,False
TXN_2031274,False,False,False,False,False
TXN_1471597,False,False,False,False,False
TXN_1178538,False,False,False,False,False
TXN_9312548,False,False,False,False,False
TXN_4636705,False,False,False,False,False
TXN_3574025,False,False,False,False,False
TXN_5577538,False,False,False,False,False
TXN_5405889,False,False,False,False,False
TXN_8887105,False,False,False,False,False
TXN_9906846,False,True,True,True,True
TXN_5237132,False,True,True,True,True
TXN_9290887,False,False,False,False,False
TXN_9740238,False,False,False,False,False
TXN_5285633,False,False,False,False,False
TXN_8393896,False,False,False,False,False
TXN_2883620,False,False,False,False,False
TXN_6764729,False,False,False,False,False
TXN_3119083,False,False,False,False,False
TXN_3843142,False,False,False,False,False
TXN_1221943,False,False,False,False,False
TXN_5782507,False,False,False,False,False
TXN_5659774,False,False,False,False,False
TXN_1857275,False,False,False,False,False
TXN_2299437,False,False,False,False,False
TXN_8242300,False,False,False,False,False
TXN_8355945,False,False,False,False,False
TXN_9925855,True,False,False,False,False
TXN_1266935,False,False,False,False,False
TXN_4634440,False,False,False,False,False
TXN_7826312,False,False,False,False,False
TXN_7003816,True,False,False,False,False
TXN_7841888,False,False,False,False,False
TXN_8332438,True,False,False,False,False
TXN_3649978,False,True,True,True,True
TXN_2897744,False,False,False,False,False
TXN_6909418,False,False,False,False,False
TXN_6743729,False,False,False,False,False
TXN_7688827,False,False,False,False,False
TXN_2756377,False,False,False,False,False
TXN_4976644,False,False,False,False,False
TXN_4327045,True,False,False,False,False
TXN_1071181,False,False,False,False,False
TXN_8733845,False,False,False,False,False
TXN_3341595,False,False,False,False,False
TXN_4888163,False,False,False,False,False
TXN_9069875,False,False,False,False,False
TXN_8611391,False,False,False,False,False
TXN_4923784,False,False,False,False,False
TXN_8713743,False,False,False,False,False
TXN_6366734,False,False,False,False,False
TXN_2866599,False,False,False,False,False
TXN_9180837,False,False,False,False,False
TXN_4251687,False,False,False,False,False
TXN_1436725,False,False,False,False,False
TXN_2582569,False,False,False,False,False
TXN_7831436,False,False,False,False,False
TXN_6379175,False,False,False,False,False
TXN_3829639,True,False,False,False,False
TXN_7607940,False,False,False,False,False
TXN_9487221,False,False,False,False,False
TXN_5639217,False,False,False,False,False
TXN_7034182,False,False,False,False,False
TXN_5867303,False,False,False,False,False
TXN_9644977,False,False,False,False,False
TXN_6008262,False,False,False,False,False
TXN_1654267,False,False,False,False,False
TXN_6118838,False,False,False,False,False
TXN_3515984,False,False,False,False,False
TXN_1311532,False,False,False,False,False
TXN_6991111,False,False,False,False,False
TXN_7808220,False,False,False,False,False
TXN_5621708,False,False,False,False,False
TXN_3087649,False,False,False,False,False
TXN_6161257,False,False,False,False,False
TXN_8741691,False,False,False,False,False
TXN_3841423,False,False,False,False,False
TXN_4989586,False,False,False,False,False
TXN_3222789,False,False,False,False,False
TXN_9504371,False,False,False,False,False
TXN_4189375,False,False,False,False,False
TXN_9825203,False,False,False,False,False
TXN_3427189,True,False,False,False,False
TXN_6798539,False,False,False,False,False
TXN_6310599,False,False,False,False,False
TXN_7684996,False,True,True,True,True
TXN_8470431,False,False,False,False,False
TXN_5597494,False,False,False,False,False
TXN_8787072,False,False,False,False,False
TXN_9183177,False,False,False,False,False
TXN_1814602,False,False,False,False,False
TXN_8223363,False,False,False,False,False
TXN_1408645,False,False,False,False,False
TXN_9460439,False,False,False,False,False
TXN_8650516,False,False,False,False,False
TXN_6882924,False,False,False,False,False
TXN_7652286,False,False,False,False,False
TXN_2718953,False,False,False,False,False
TXN_6042205,False,False,False,False,False
TXN_2664086,False,False,False,False,False
TXN_4501999,False,False,False,False,False
TXN_1366514,False,False,False,False,False
TXN_3460796,False,False,False,False,False
TXN_7356793,False,False,False,False,False
TXN_3651170,False,False,False,False,False
TXN_9016705,False,False,False,False,False
TXN_8370135,False,False,False,False,False
TXN_3758485,False,False,False,False,False
TXN_4743265,False,False,False,False,False
TXN_5225733,True,False,False,False,False
TXN_4955403,False,False,False,False,False
TXN_6910697,False,False,False,False,False
TXN_7006360,False,False,False,False,False
TXN_6218720,False,False,False,False,False
TXN_8257770,False,False,False,False,False
TXN_4675937,False,False,False,False,False
TXN_3144117,False,False,False,False,False
TXN_1370678,False,False,False,False,False
TXN_3478143,False,False,False,False,False
TXN_3728004,True,False,False,False,False
TXN_2771791,False,False,False,False,False
TXN_5963334,False,True,True,True,True
TXN_1446635,False,False,False,False,False
TXN_5044628,False,False,False,False,False
TXN_3976812,False,False,False,False,False
TXN_4347787,False,False,False,False,False
TXN_7592178,False,False,False,False,False
TXN_9587605,False,False,False,False,False
TXN_1245154,False,False,False,False,False
TXN_6636511,False,False,False,False,False
TXN_9924929,False,False,False,False,False
TXN_6267293,False,False,False,False,False
TXN_4004492,False,False,False,False,False
TXN_9995715,False,False,False,False,False
TXN_4815763,False,False,False,False,False
TXN_8145370,False,False,False,False,False
TXN_3924468,False,False,False,False,False
TXN_9052463,False,False,False,False,False
TXN_1428733,False,False,False,False,False
TXN_6293942,False,False,False,False,False
TXN_9705595,False,False,False,False,False
TXN_2023468,False,False,False,False,False
TXN_7366186,False,False,False,False,False
TXN_3416433,False,True,True,True,True
TXN_9661106,False,False,False,False,False
TXN_5958952,False,False,False,False,False
TXN_8032133,False,False,False,False,False
TXN_2202231,False,False,False,False,False
TXN_7694552,False,False,False,False,False
TXN_6474835,False,False,False,False,False
TXN_9655788,False,False,False,False,False
TXN_9263121,False,False,False,False,False
TXN_9270410,False,False,False,False,False
TXN_7762955,False,False,False,False,False
TXN_2417746,False,False,False,False,False
TXN_4011164,False,False,False,False,False
TXN_5289749,False,False,False,False,False
TXN_2160657,False,True,True,True,True
TXN_9271252,False,False,False,False,False
TXN_9896688,False,False,False,False,False
TXN_7893362,False,False,False,False,False
TXN_5883129,False,False,False,False,False
TXN_2636794,False,False,False,False,False
TXN_8036462,False,False,False,False,False
TXN_7614413,False,False,False,False,False
TXN_1289671,False,False,False,False,False
TXN_5083959,False,False,False,False,False
TXN_6285433,False,True,True,True,True
TXN_1321193,False,False,False,False,False
TXN_8635580,False,False,False,False,False
TXN_5404376,False,False,False,False,False
TXN_1284624,False,False,False,False,False
TXN_5630495,False,False,False,False,False
TXN_3961088,True,False,False,False,False
TXN_8619328,False,False,False,False,False
TXN_9217819,False,False,False,False,False
TXN_8928987,False,False,False,False,False
TXN_6204154,False,False,False,False,False
TXN_8111132,False,False,False,False,False
TXN_9551364,False,True,True,True,True
TXN_4195168,False,False,False,False,False
TXN_6659981,True,False,False,False,False
TXN_7164121,False,False,False,False,False
TXN_6087492,True,False,False,False,False
TXN_2712384,False,False,False,False,False
TXN_4865362,False,False,False,False,False
TXN_2828079,False,False,False,False,False
TXN_2393460,False,False,False,False,False
TXN_9413455,False,False,False,False,False
TXN_5849592,False,False,False,False,False
TXN_7856927,False,False,False,False,False
TXN_1419872,False,True,True,True,True
TXN_1175726,False,False,False,False,False
TXN_1929355,False,False,False,False,False
TXN_4047279,True,False,False,False,False
TXN_2909351,False,True,True,True,True
TXN_4128346,True,False,False,False,False
TXN_3915802,True,False,False,False,False
TXN_4380075,False,False,False,False,False
TXN_6002055,True,False,False,False,False
TXN_6330122,False,False,False,False,False
TXN_4515512,False,False,False,False,False
TXN_3513914,False,False,False,False,False
TXN_4703736,True,False,False,False,False
TXN_2984723,False,False,False,False,False
TXN_5147079,False,False,False,False,False
TXN_4683473,False,False,False,False,False
TXN_7283902,False,False,False,False,False
TXN_3968072,False,False,False,False,False
TXN_6547993,False,False,False,False,False
TXN_9571910,False,False,False,False,False
TXN_5744845,False,False,False,False,False
TXN_4276894,False,False,False,False,False
TXN_4691472,False,False,False,False,False
TXN_9896775,False,False,False,False,False
TXN_3349848,False,False,False,False,False
TXN_9696593,False,False,False,False,False
TXN_1157208,False,False,False,False,False
TXN_5520149,False,False,False,False,False
TXN_1045345,False,False,False,False,False
TXN_4248793,False,False,False,False,False
TXN_7071653,False,False,False,False,False
TXN_8149206,False,False,False,False,False
TXN_8294650,False,False,False,False,False
TXN_7179907,True,False,False,False,False
TXN_9587085,False,False,False,False,False
TXN_3106778,False,False,False,False,False
TXN_3827330,False,False,False,False,False
TXN_7588123,False,False,False,False,False
TXN_1334624,False,False,False,False,False
TXN_1403662,False,False,False,False,False
TXN_5962064,False,False,False,False,False
TXN_9167311,False,False,False,False,False
TXN_9994084,False,False,False,False,False
TXN_3225013,False,False,False,False,False
TXN_9120971,False,False,False,False,False
TXN_9999729,False,False,False,False,False
TXN_5683061,False,False,False,False,False
TXN_5501865,False,False,False,False,False
TXN_4699940,False,False,False,False,False
TXN_1674512,False,False,False,False,False
TXN_9618826,False,False,False,False,False
TXN_3734062,False,False,False,False,False
TXN_8628417,True,False,False,False,False
TXN_8105362,False,False,False,False,False
TXN_7636962,False,False,False,False,False
TXN_8596178,False,False,False,False,False
TXN_3480896,False,False,False,False,False
TXN_8155856,False,False,False,False,False
TXN_8543627,False,False,False,False,False
TXN_5964540,False,False,False,False,False
TXN_5138320,False,False,False,False,False
TXN_8291928,False,False,False,False,False
TXN_2578245,False,False,False,False,False
TXN_1435751,False,False,False,False,False
TXN_8552795,False,False,False,False,False
TXN_1701594,False,False,False,False,False
TXN_9301691,False,False,False,False,False
TXN_2038677,False,False,False,False,False
TXN_7051038,False,False,False,False,False
TXN_5452486,True,False,False,False,False
TXN_6871367,False,False,False,False,False
TXN_5532395,False,False,False,False,False
TXN_8750639,False,False,False,False,False
TXN_3639113,False,False,False,False,False
TXN_2496499,False,False,False,False,False
TXN_7805723,False,False,False,False,False
TXN_9261462,False,False,False,False,False
TXN_3845008,False,False,False,False,False
TXN_4852804,False,False,False,False,False
TXN_4782711,False,True,True,True,True
TXN_9861694,False,False,False,False,False
TXN_5651502,False,False,False,False,False
TXN_4611340,False,False,False,False,False
TXN_2619807,False,False,False,False,False
TXN_7472702,False,False,False,False,False
TXN_5486882,False,False,False,False,False
TXN_5634676,False,False,False,False,False
TXN_6932205,False,False,False,False,False
TXN_7898832,False,False,False,False,False
TXN_8297438,False,False,False,False,False
TXN_7194488,False,False,False,False,False
TXN_5465898,False,False,False,False,False
TXN_8878406,False,False,False,False,False
TXN_8890901,False,False,False,False,False
TXN_1440274,False,False,False,False,False
TXN_2701654,True,False,False,False,False
TXN_4721081,False,False,False,False,False
TXN_5387960,False,False,False,False,False
TXN_1230793,False,False,False,False,False
TXN_4601780,False,False,False,False,False
TXN_4953220,False,False,False,False,False
TXN_7689893,False,False,False,False,False
TXN_8771271,False,False,False,False,False
TXN_6992751,False,False,False,False,False
TXN_7119526,False,False,False,False,False
TXN_8866842,False,False,False,False,False
TXN_3349989,False,False,False,False,False
TXN_9522195,False,False,False,False,False
TXN_3516808,False,False,False,False,False
TXN_9659189,False,True,True,True,True
TXN_1742095,False,False,False,False,False
TXN_7866322,False,False,False,False,False
TXN_3745364,False,False,False,False,False
TXN_1738985,False,False,False,False,False
TXN_1208593,False,True,True,True,True
TXN_8738852,False,False,False,False,False
TXN_6657037,False,False,False,False,False
TXN_4249164,False,False,False,False,False
TXN_5347448,False,False,False,False,False
TXN_5557970,False,False,False,False,False
TXN_4349260,False,False,False,False,False
TXN_8501609,False,False,False,False,False
TXN_3471235,False,False,False,False,False
TXN_4430201,False,False,False,False,False
TXN_7112426,False,False,False,False,False
TXN_6660227,False,False,False,False,False
TXN_4840405,False,False,False,False,False
TXN_6405052,False,False,False,False,False
TXN_7164174,False,False,False,False,False
TXN_2794565,False,True,True,True,True
TXN_5127072,False,True,True,True,True
TXN_2324445,False,False,False,False,False
TXN_4467718,False,False,False,False,False
TXN_9938453,False,False,False,False,False
TXN_3455359,False,False,False,False,False
TXN_9017855,False,False,False,False,False
TXN_1297992,False,False,False,False,False
TXN_3935581,True,False,False,False,False
TXN_3216677,False,False,False,False,False
TXN_6968520,False,False,False,False,False
TXN_3774181,False,False,False,False,False
TXN_1004284,False,False,False,False,False
TXN_3394209,False,False,False,False,False
TXN_2369635,False,False,False,False,False
TXN_3422782,False,False,False,False,False
TXN_9582745,False,False,False,False,False
TXN_5612604,False,False,False,False,False
TXN_6641377,False,False,False,False,False
TXN_7186220,False,False,False,False,False
TXN_8493772,False,False,False,False,False
TXN_9964258,False,False,False,False,False
TXN_7611850,False,False,False,False,False
TXN_6315393,False,False,False,False,False
TXN_9816328,False,False,False,False,False
TXN_9065992,False,False,False,False,False
TXN_5728893,False,False,False,False,False
TXN_4603497,False,False,False,False,False
TXN_3088457,False,False,False,False,False
TXN_4581110,False,False,False,False,False
TXN_4899333,False,False,False,False,False
TXN_3810083,False,False,False,False,False
TXN_3243252,False,False,False,False,False
TXN_2298172,False,False,False,False,False
TXN_8389190,False,False,False,False,False
TXN_8889522,False,True,True,True,True
TXN_1543500,False,False,False,False,False
TXN_8921373,False,False,False,False,False
TXN_7053696,False,False,False,False,False
TXN_6541492,False,False,False,False,False
TXN_6614992,False,False,False,False,False
TXN_8540228,False,False,False,False,False
TXN_3701394,False,True,True,True,True
TXN_8576039,False,False,False,False,False
TXN_2956326,False,False,False,False,False
TXN_4057105,False,False,False,False,False
TXN_7622517,False,False,False,False,False
TXN_4452945,False,False,False,False,False
TXN_8929732,False,False,False,False,False
TXN_7872818,False,False,False,False,False
TXN_4786065,False,False,False,False,False
TXN_2503594,False,False,False,False,False
TXN_3794764,False,False,False,False,False
TXN_1243748,False,False,False,False,False
TXN_7160397,False,False,False,False,False
TXN_4738336,False,True,True,True,True
TXN_9344133,False,False,False,False,False
TXN_5500210,False,False,False,False,False
TXN_6622369,False,False,False,False,False
TXN_1075886,False,False,False,False,False
TXN_6307499,False,True,True,True,True
TXN_8746397,False,False,False,False,False
TXN_8332750,False,False,False,False,False
TXN_3666421,False,False,False,False,False
TXN_8839212,False,False,False,False,False
TXN_3072387,False,False,False,False,False
TXN_2573370,False,False,False,False,False
TXN_7599500,False,False,False,False,False
TXN_2028203,False,False,False,False,False
TXN_2561337,False,False,False,False,False
TXN_1202968,True,False,False,False,False
TXN_3638356,False,False,False,False,False
TXN_9102833,False,False,False,False,False
TXN_2885766,False,False,False,False,False
TXN_8974716,False,False,False,False,False
TXN_2168513,False,False,False,False,False
TXN_2995389,False,True,True,True,True
TXN_2603033,False,False,False,False,False
TXN_1087400,False,False,False,False,False
TXN_1535436,False,False,False,False,False
TXN_3316842,False,False,False,False,False
TXN_9558785,False,False,False,False,False
TXN_8396647,False,False,False,False,False
TXN_5833782,False,True,True,True,True
TXN_2456641,False,False,False,False,False
TXN_4088113,False,False,False,False,False
TXN_7783753,False,False,False,False,False
TXN_5520385,True,False,False,False,False
TXN_5828470,False,False,False,False,False
TXN_5649900,False,False,False,False,False
TXN_9074980,False,True,True,True,True
TXN_9634433,False,False,False,False,False
TXN_1931355,False,False,False,False,False
TXN_4538515,False,False,False,False,False
TXN_7894785,False,False,False,False,False
TXN_4781872,False,False,False,False,False
TXN_3963107,False,False,False,False,False
TXN_1667308,False,False,False,False,False
TXN_6162855,False,False,False,False,False
TXN_4551815,False,False,False,False,False
TXN_1967870,False,False,False,False,False
TXN_9321773,False,False,False,False,False
TXN_9186802,False,False,False,False,False
TXN_1498100,False,False,False,False,False
TXN_6564279,False,False,False,False,False
TXN_9466601,False,False,False,False,False
TXN_1661883,False,False,False,False,False
TXN_2560977,False,False,False,False,False
TXN_6376357,False,True,True,True,True
TXN_8315216,False,False,False,False,False
TXN_2770735,False,False,False,False,False
TXN_1407421,False,False,False,False,False
TXN_1892062,False,False,False,False,False
TXN_3303658,False,False,False,False,False
TXN_2733999,False,False,False,False,False
TXN_7297135,False,False,False,False,False
TXN_1453840,False,False,False,False,False
TXN_9509818,False,False,False,False,False
TXN_5613119,False,False,False,False,False
TXN_7126481,False,False,False,False,False
TXN_7718157,False,False,False,False,False
TXN_4005697,False,False,False,False,False
TXN_3806405,False,False,False,False,False
TXN_6229496,False,False,False,False,False
TXN_8138219,False,False,False,False,False
TXN_5274417,False,False,False,False,False
TXN_9248009,False,False,False,False,False
TXN_2735321,False,False,False,False,False
TXN_5270278,False,False,False,False,False
TXN_6780976,False,False,False,False,False
TXN_9629011,False,False,False,False,False
TXN_1931392,False,False,False,False,False
TXN_4114361,False,False,False,False,False
TXN_3224536,False,True,True,True,True
TXN_5427219,False,True,True,True,True
TXN_9435614,False,False,False,False,False
TXN_6280574,False,False,False,False,False
TXN_7691237,False,False,False,False,False
TXN_2519908,False,False,False,False,False
TXN_6105571,False,False,False,False,False
TXN_2823557,False,False,False,False,False
TXN_4786607,False,False,False,False,False
TXN_5302343,False,False,False,False,False
TXN_3986838,False,False,False,False,False
TXN_2182761,False,False,False,False,False
TXN_8397219,False,False,False,False,False
TXN_3163776,False,False,False,False,False
TXN_1172683,False,False,False,False,False
TXN_3068888,False,False,False,False,False
TXN_2633896,False,False,False,False,False
TXN_1683620,False,False,False,False,False
TXN_7505995,False,False,False,False,False
TXN_1990907,False,False,False,False,False
TXN_5095185,False,False,False,False,False
TXN_2997969,False,False,False,False,False
TXN_5387564,False,False,False,False,False
TXN_8169294,False,False,False,False,False
TXN_7346745,False,False,False,False,False
TXN_6581631,False,False,False,False,False
TXN_1305990,False,False,False,False,False
TXN_5731969,False,False,False,False,False
TXN_2181378,False,False,False,False,False
TXN_1522116,False,False,False,False,False
TXN_9848727,False,False,False,False,False
TXN_8546325,False,False,False,False,False
TXN_6250088,False,False,False,False,False
TXN_2973939,False,False,False,False,False
TXN_9097911,False,False,False,False,False
TXN_2582556,False,False,False,False,False
TXN_2206422,False,False,False,False,False
TXN_3325627,False,False,False,False,False
TXN_6657595,False,False,False,False,False
TXN_9941927,False,False,False,False,False
TXN_1525936,True,False,False,False,False
TXN_5856641,False,False,False,False,False
TXN_3394998,False,False,False,False,False
TXN_8965991,False,False,False,False,False
TXN_4893885,False,False,False,False,False
TXN_5034759,False,False,False,False,False
TXN_1289184,False,False,False,False,False
TXN_4422875,True,False,False,False,False
TXN_6976106,False,False,False,False,False
TXN_1248527,False,False,False,False,False
TXN_7928826,False,False,False,False,False
TXN_3553069,False,False,False,False,False
TXN_5765739,False,False,False,False,False
TXN_1382423,False,False,False,False,False
TXN_5590212,False,False,False,False,False
TXN_4125241,False,False,False,False,False
TXN_3251996,False,False,False,False,False
TXN_4300165,False,False,False,False,False
TXN_2977393,False,False,False,False,False
TXN_2320393,False,False,False,False,False
TXN_1679032,False,False,False,False,False
TXN_2968416,False,True,True,True,True
TXN_4260472,False,False,False,False,False
TXN_6396781,False,True,True,True,True
TXN_4900538,False,False,False,False,False
TXN_2948772,False,False,False,False,False
TXN_9122442,True,False,False,False,False
TXN_6945422,False,False,False,False,False
TXN_8377069,False,False,False,False,False
TXN_2564188,False,True,True,True,True
TXN_9712639,False,True,True,True,True
TXN_9449378,False,False,False,False,False
TXN_7043815,False,False,False,False,False
TXN_2406573,False,False,False,False,False
TXN_7618002,False,False,False,False,False
TXN_3425571,False,False,False,False,False
TXN_3434610,False,False,False,False,False
TXN_5715479,False,False,False,False,False
TXN_1696105,False,False,False,False,False
TXN_2029167,False,False,False,False,False
TXN_4900166,False,False,False,False,False
TXN_7764643,False,False,False,False,False
TXN_2534435,False,False,False,False,False
TXN_3909456,False,False,False,False,False
TXN_9768625,False,False,False,False,False
TXN_2891447,False,False,False,False,False
TXN_3500597,False,False,False,False,False
TXN_7553716,False,True,True,True,True
TXN_1676641,False,False,False,False,False
TXN_7744488,False,False,False,False,False
TXN_3932434,False,False,False,False,False
TXN_4940851,False,False,False,False,False
TXN_8229936,False,False,False,False,False
TXN_9945795,False,False,False,False,False
TXN_2124243,False,False,False,False,False
TXN_6532456,False,False,False,False,False
TXN_7117116,False,False,False,False,False
TXN_8417758,False,False,False,False,False
TXN_6717441,False,False,False,False,False
TXN_6233251,False,False,False,False,False
TXN_4044183,False,False,False,False,False
TXN_2982700,False,False,False,False,False
TXN_9296085,False,False,False,False,False
TXN_8165628,False,False,False,False,False
TXN_7194672,True,False,False,False,False
TXN_2466028,False,False,False,False,False
TXN_2910590,False,False,False,False,False
TXN_6725698,True,False,False,False,False
TXN_7254324,False,False,False,False,False
TXN_4878295,False,False,False,False,False
TXN_1807679,False,False,False,False,False
TXN_8377185,False,False,False,False,False
TXN_1583003,False,False,False,False,False
TXN_3206331,False,False,False,False,False
TXN_1870960,False,False,False,False,False
TXN_3138269,False,False,False,False,False
TXN_5899779,False,False,False,False,False
TXN_7603643,False,False,False,False,False
TXN_3290365,False,False,False,False,False
TXN_8529373,False,False,False,False,False
TXN_9881966,False,False,False,False,False
TXN_7719299,False,False,False,False,False
TXN_8131304,False,False,False,False,False
TXN_4656312,False,True,True,True,True
TXN_7493700,False,False,False,False,False
TXN_6408271,False,False,False,False,False
TXN_5937092,False,False,False,False,False
TXN_3475045,False,False,False,False,False
TXN_1102033,False,False,False,False,False
TXN_2138805,False,False,False,False,False
TXN_7274579,False,False,False,False,False
TXN_7054732,False,False,False,False,False
TXN_9114949,False,True,True,True,True
TXN_4332290,False,False,False,False,False
TXN_7998829,False,False,False,False,False
TXN_1927624,False,False,False,False,False
TXN_1632854,False,False,False,False,False
TXN_9986809,False,False,False,False,False
TXN_7904844,False,False,False,False,False
TXN_3869371,False,False,False,False,False
TXN_2459307,False,False,False,False,False
TXN_1077412,False,False,False,False,False
TXN_8866836,False,False,False,False,False
TXN_8342635,True,False,False,False,False
TXN_9279531,False,False,False,False,False
TXN_1038947,False,False,False,False,False
TXN_8114380,False,False,False,False,False
TXN_8945922,False,False,False,False,False
TXN_3023899,False,False,False,False,False
TXN_9237487,False,True,True,True,True
TXN_1565839,False,False,False,False,False
TXN_4765966,False,False,False,False,False
TXN_2207487,False,False,False,False,False
TXN_7629978,False,False,False,False,False
TXN_2329051,False,False,False,False,False
TXN_9590838,False,False,False,False,False
TXN_6091744,False,False,False,False,False
TXN_8678788,False,False,False,False,False
TXN_6883886,False,False,False,False,False
TXN_4075359,False,True,True,True,True
TXN_4705033,False,False,False,False,False
TXN_5617475,False,False,False,False,False
TXN_3003679,False,False,False,False,False
TXN_6634398,False,False,False,False,False
TXN_8101715,False,False,False,False,False
TXN_2108164,False,False,False,False,False
TXN_7172046,False,False,False,False,False
TXN_1585678,False,False,False,False,False
TXN_7026068,False,False,False,False,False
TXN_1634206,False,False,False,False,False
TXN_2516949,False,False,False,False,False
TXN_1611004,False,False,False,False,False
TXN_7350591,False,False,False,False,False
TXN_6868345,False,False,False,False,False
TXN_6376665,False,False,False,False,False
TXN_9796982,False,False,False,False,False
TXN_1201977,False,False,False,False,False
TXN_6113286,False,False,False,False,False
TXN_5655357,False,False,False,False,False
TXN_5178964,False,False,False,False,False
TXN_4964635,False,False,False,False,False
TXN_1574964,False,False,False,False,False
TXN_3192449,False,False,False,False,False
TXN_4077402,False,False,False,False,False
TXN_1133577,False,False,False,False,False
TXN_8645893,False,False,False,False,False
TXN_9581850,False,False,False,False,False
TXN_6135201,False,False,False,False,False
TXN_4948429,False,False,False,False,False
TXN_1095513,False,False,False,False,False
TXN_1564693,False,False,False,False,False
TXN_3955193,False,False,False,False,False
TXN_9832770,False,False,False,False,False
TXN_6690069,False,False,False,False,False
TXN_8473783,False,False,False,False,False
TXN_4388498,False,False,False,False,False
TXN_9104951,False,False,False,False,False
TXN_7449467,False,False,False,False,False
TXN_3604823,False,False,False,False,False
TXN_6617081,False,False,False,False,False
TXN_7896612,False,False,False,False,False
TXN_5501227,False,False,False,False,False
TXN_8403235,False,False,False,False,False
TXN_5157840,False,False,False,False,False
TXN_6079647,False,False,False,False,False
TXN_5044258,True,False,False,False,False
TXN_4882057,False,False,False,False,False
TXN_2029816,False,False,False,False,False
TXN_4433717,False,False,False,False,False
TXN_3025023,False,False,False,False,False
TXN_7013735,False,True,True,True,True
TXN_7867899,False,False,False,False,False
TXN_4892102,False,False,False,False,False
TXN_8661004,False,False,False,False,False
TXN_1991165,False,False,False,False,False
TXN_6461021,False,False,False,False,False
TXN_8467828,False,False,False,False,False
TXN_2797531,False,False,False,False,False
TXN_6094184,False,False,False,False,False
TXN_7358436,False,False,False,False,False
TXN_6179500,False,False,False,False,False
TXN_4655797,False,False,False,False,False
TXN_6607897,False,False,False,False,False
TXN_2775332,False,False,False,False,False
TXN_8186737,True,False,False,False,False
TXN_8388501,False,True,True,True,True
TXN_6453492,False,False,False,False,False
TXN_3320818,False,False,False,False,False
TXN_5945537,False,False,False,False,False
TXN_9135173,False,False,False,False,False
TXN_2716104,False,False,False,False,False
TXN_6603466,False,False,False,False,False
TXN_5665378,False,False,False,False,False
TXN_7755568,False,False,False,False,False
TXN_7949139,False,False,False,False,False
TXN_8768729,False,False,False,False,False
TXN_7777970,False,True,True,True,True
TXN_2969024,False,False,False,False,False
TXN_9633424,False,False,False,False,False
TXN_1595061,False,False,False,False,False
TXN_4002530,False,False,False,False,False
TXN_1230120,False,False,False,False,False
TXN_1143957,False,False,False,False,False
TXN_4595509,False,False,False,False,False
TXN_9116992,False,False,False,False,False
TXN_7346993,False,False,False,False,False
TXN_1693687,False,False,False,False,False
TXN_8574907,False,False,False,False,False
TXN_2704600,False,False,False,False,False
TXN_7901897,False,False,False,False,False
TXN_9997234,False,False,False,False,False
TXN_3794593,False,False,False,False,False
TXN_1814977,False,False,False,False,False
TXN_4415248,False,False,False,False,False
TXN_5449515,False,False,False,False,False
TXN_9650087,False,False,False,False,False
TXN_8802679,False,False,False,False,False
TXN_9724017,False,False,False,False,False
TXN_7256305,False,False,False,False,False
TXN_1217844,False,False,False,False,False
TXN_3537194,False,False,False,False,False
TXN_9877509,False,False,False,False,False
TXN_6983787,False,False,False,False,False
TXN_9323213,False,False,False,False,False
TXN_4075095,False,False,False,False,False
TXN_5568136,True,False,False,False,False
TXN_9764772,False,False,False,False,False
TXN_5842704,True,False,False,False,False
TXN_9534133,False,False,False,False,False
TXN_8537042,False,False,False,False,False
TXN_7000451,False,False,False,False,False
TXN_8906015,False,False,False,False,False
TXN_6174168,False,False,False,False,False
TXN_7932286,False,False,False,False,False
TXN_8894971,False,False,False,False,False
TXN_6102615,False,False,False,False,False
TXN_7238273,False,False,False,False,False
TXN_6314451,False,False,False,False,False
TXN_1273571,False,False,False,False,False
TXN_7344843,False,False,False,False,False
TXN_1602301,False,False,False,False,False
TXN_2807320,False,False,False,False,False
TXN_5395458,False,False,False,False,False
TXN_7533495,False,False,False,False,False
TXN_6677596,False,True,True,True,True
TXN_8865856,False,True,True,True,True
TXN_8568991,False,False,False,False,False
TXN_3272067,False,False,False,False,False
TXN_3234903,False,False,False,False,False
TXN_1517860,False,False,False,False,False
TXN_6820348,False,False,False,False,False
TXN_1209021,False,False,False,False,False
TXN_6612014,False,False,False,False,False
TXN_4718422,True,False,False,False,False
TXN_4090288,False,False,False,False,False
TXN_9196283,False,False,False,False,False
TXN_1829770,False,False,False,False,False
TXN_9930429,False,False,False,False,False
TXN_2651294,False,False,False,False,False
TXN_7861115,False,False,False,False,False
TXN_7190013,False,False,False,False,False
TXN_2966161,False,False,False,False,False
TXN_9246983,False,True,True,True,True
TXN_1211734,False,False,False,False,False
TXN_3800683,False,False,False,False,False
TXN_9024754,False,False,False,False,False
TXN_4548028,False,True,True,True,True
TXN_1300257,False,False,False,False,False
TXN_8201653,False,False,False,False,False
TXN_5351182,False,True,True,True,True
TXN_6314178,False,False,False,False,False
TXN_9174754,False,False,False,False,False
TXN_1464828,False,False,False,False,False
TXN_7108214,False,False,False,False,False
TXN_9086462,False,False,False,False,False
TXN_7941502,False,False,False,False,False
TXN_6426118,False,False,False,False,False
TXN_4992208,False,True,True,True,True
TXN_6992970,False,False,False,False,False
TXN_9519628,False,False,False,False,False
TXN_9463303,False,False,False,False,False
TXN_7972987,False,False,False,False,False
TXN_8229242,False,False,False,False,False
TXN_3941354,False,False,False,False,False
TXN_8360784,False,False,False,False,False
TXN_2205066,True,False,False,False,False
TXN_7070508,False,False,False,False,False
TXN_2480021,False,False,False,False,False
TXN_7705088,False,False,False,False,False
TXN_3443251,False,False,False,False,False
TXN_6545897,False,False,False,False,False
TXN_8250306,False,False,False,False,False
TXN_1684657,False,False,False,False,False
TXN_3631452,True,False,False,False,False
TXN_2809812,True,False,False,False,False
TXN_3387043,False,False,False,False,False
TXN_7529592,False,False,False,False,False
TXN_7852820,False,False,False,False,False
TXN_3854610,False,False,False,False,False
TXN_6989263,False,False,False,False,False
TXN_2398549,False,False,False,False,False
TXN_8192036,False,False,False,False,False
TXN_3113686,False,False,False,False,False
TXN_5908874,False,False,False,False,False
TXN_3460510,False,False,False,False,False
TXN_4984302,False,False,False,False,False
TXN_5659150,False,False,False,False,False
TXN_7275320,False,False,False,False,False
TXN_3827311,False,False,False,False,False
TXN_1665071,False,False,False,False,False
TXN_9123011,False,False,False,False,False
TXN_2191926,False,True,True,True,True
TXN_1641449,False,False,False,False,False
TXN_1207984,True,False,False,False,False
TXN_8211512,False,False,False,False,False
TXN_1387633,False,False,False,False,False
TXN_8152726,False,False,False,False,False
TXN_7758732,False,False,False,False,False
TXN_6292683,False,False,False,False,False
TXN_8242549,False,False,False,False,False
TXN_1030654,False,False,False,False,False
TXN_4459141,False,False,False,False,False
TXN_1168511,False,False,False,False,False
TXN_6187461,False,False,False,False,False
TXN_9122970,False,False,False,False,False
TXN_9779568,False,False,False,False,False
TXN_7342519,False,False,False,False,False
TXN_8414334,True,False,False,False,False
TXN_7694074,False,False,False,False,False
TXN_5746977,False,False,False,False,False
TXN_7011651,False,False,False,False,False
TXN_3447649,False,False,False,False,False
TXN_9534348,False,False,False,False,False
TXN_1888268,False,False,False,False,False
TXN_8984720,False,False,False,False,False
TXN_9635879,False,False,False,False,False
TXN_4979950,False,False,False,False,False
TXN_9604839,False,False,False,False,False
TXN_4086576,False,False,False,False,False
TXN_5140377,False,False,False,False,False
TXN_8749911,False,False,False,False,False
TXN_9066835,False,False,False,False,False
TXN_7404296,False,False,False,False,False
TXN_1481272,False,False,False,False,False
TXN_6871081,False,False,False,False,False
TXN_4727980,False,False,False,False,False
TXN_7017635,False,False,False,False,False
TXN_4570231,False,False,False,False,False
TXN_5107572,False,False,False,False,False
TXN_2300485,False,False,False,False,False
TXN_6203082,False,False,False,False,False
TXN_6981287,False,False,False,False,False
TXN_6483684,False,False,False,False,False
TXN_9580760,False,False,False,False,False
TXN_5286547,False,False,False,False,False
TXN_6640803,False,False,False,False,False
TXN_9174227,False,False,False,False,False
TXN_1507506,False,False,False,False,False
TXN_5254886,False,False,False,False,False
TXN_5689168,False,False,False,False,False
TXN_7793902,False,False,False,False,False
TXN_6111459,False,False,False,False,False
TXN_6212454,False,False,False,False,False
TXN_1950133,False,False,False,False,False
TXN_8932184,False,False,False,False,False
TXN_1538849,False,False,False,False,False
TXN_5687185,False,False,False,False,False
TXN_4396084,False,True,True,True,True
TXN_9029187,False,False,False,False,False
TXN_6681054,False,False,False,False,False
TXN_2973718,False,False,False,False,False
TXN_9943430,False,False,False,False,False
TXN_8091223,False,False,False,False,False
TXN_1293012,False,False,False,False,False
TXN_3149006,False,True,True,True,True
TXN_5721092,False,False,False,False,False
TXN_8636216,False,False,False,False,False
TXN_5682462,False,False,False,False,False
TXN_9204093,False,False,False,False,False
TXN_5541676,True,False,False,False,False
TXN_7490726,False,False,False,False,False
TXN_2501669,False,False,False,False,False
TXN_3145941,False,False,False,False,False
TXN_8930734,False,False,False,False,False
TXN_9455438,False,False,False,False,False
TXN_3742213,False,True,True,True,True
TXN_7274761,False,False,False,False,False
TXN_9169164,False,False,False,False,False
TXN_2092141,False,False,False,False,False
TXN_3552188,False,False,False,False,False
TXN_1738308,False,False,False,False,False
TXN_7661176,False,False,False,False,False
TXN_5407536,False,False,False,False,False
TXN_8242424,False,False,False,False,False
TXN_1653522,False,False,False,False,False
TXN_3964623,False,True,True,True,True
TXN_5196281,False,False,False,False,False
TXN_5324237,True,False,False,False,False
TXN_7798410,False,False,False,False,False
TXN_5717880,False,False,False,False,False
TXN_8732641,False,False,False,False,False
TXN_4219923,False,False,False,False,False
TXN_3710830,False,False,False,False,False
TXN_8568373,False,False,False,False,False
TXN_3947387,True,False,False,False,False
TXN_4589320,False,False,False,False,False
TXN_8992034,False,False,False,False,False
TXN_9452460,False,False,False,False,False
TXN_7871535,False,False,False,False,False
TXN_3314885,False,False,False,False,False
TXN_2553920,False,False,False,False,False
TXN_7228490,False,False,False,False,False
TXN_9675839,True,False,False,False,False
TXN_1140976,False,False,False,False,False
TXN_2311938,False,False,False,False,False
TXN_3036860,False,False,False,False,False
TXN_9732293,False,False,False,False,False
TXN_3690471,False,False,False,False,False
TXN_8689868,False,False,False,False,False
TXN_7853822,False,False,False,False,False
TXN_7795859,False,False,False,False,False
TXN_7870096,False,False,False,False,False
TXN_9030177,False,False,False,False,False
TXN_9240994,False,False,False,False,False
TXN_9988833,False,False,False,False,False
TXN_4711190,False,False,False,False,False
TXN_4488397,False,False,False,False,False
TXN_8197865,False,False,False,False,False
TXN_8480994,False,False,False,False,False
TXN_1374187,False,False,False,False,False
TXN_8984027,False,False,False,False,False
TXN_9128895,False,False,False,False,False
TXN_8451193,False,False,False,False,False
TXN_7814128,False,False,False,False,False
TXN_3658490,False,False,False,False,False
TXN_8092468,False,False,False,False,False
TXN_6040995,False,False,False,False,False
TXN_2987293,False,False,False,False,False
TXN_4340415,False,False,False,False,False
TXN_2857681,False,False,False,False,False
TXN_8514144,False,False,False,False,False
TXN_7428897,False,False,False,False,False
TXN_8831168,False,False,False,False,False
TXN_8886498,False,False,False,False,False
TXN_9554512,False,False,False,False,False
TXN_5769114,True,False,False,False,False
TXN_3907047,True,False,False,False,False
TXN_7359698,False,False,False,False,False
TXN_3384705,False,True,True,True,True
TXN_4173885,False,False,False,False,False
TXN_9003520,False,False,False,False,False
TXN_2453313,False,False,False,False,False
TXN_8917078,True,False,False,False,False
TXN_1122145,False,False,False,False,False
TXN_2635940,False,False,False,False,False
TXN_6729334,False,False,False,False,False
TXN_9478901,True,False,False,False,False
TXN_5200691,True,False,False,False,False
TXN_8957817,False,False,False,False,False
TXN_8126831,False,True,True,True,True
TXN_5862292,False,True,True,True,True
TXN_5444047,True,False,False,False,False
TXN_6983480,False,False,False,False,False
TXN_3067798,False,False,False,False,False
TXN_1031561,False,False,False,False,False
TXN_5492495,False,False,False,False,False
TXN_2917453,False,False,False,False,False
TXN_2700658,False,False,False,False,False
TXN_5531565,False,False,False,False,False
TXN_9314258,False,False,False,False,False
TXN_5298336,False,False,False,False,False
TXN_8760288,False,False,False,False,False
TXN_5606970,False,False,False,False,False
TXN_7282375,False,False,False,False,False
TXN_8489525,False,False,False,False,False
TXN_5328299,False,False,False,False,False
TXN_3454798,False,False,False,False,False
TXN_8283036,False,False,False,False,False
TXN_2504184,False,False,False,False,False
TXN_1551643,False,False,False,False,False
TXN_6764514,False,False,False,False,False
TXN_8853331,False,False,False,False,False
TXN_3333833,False,False,False,False,False
TXN_1422045,False,False,False,False,False
TXN_8161781,False,False,False,False,False
TXN_9800440,False,False,False,False,False
TXN_4482538,False,False,False,False,False
TXN_8508878,False,False,False,False,False
TXN_2951536,False,False,False,False,False
TXN_2933401,False,False,False,False,False
TXN_7817446,False,False,False,False,False
TXN_4235196,False,False,False,False,False
TXN_5429014,False,False,False,False,False
TXN_1380719,False,False,False,False,False
TXN_7191353,True,False,False,False,False
TXN_9575417,False,False,False,False,False
TXN_8476669,False,False,False,False,False
TXN_7672297,False,False,False,False,False
TXN_3203935,False,False,False,False,False
TXN_4379449,False,False,False,False,False
TXN_9930960,False,False,False,False,False
TXN_6183279,False,False,False,False,False
TXN_1481798,False,False,False,False,False
TXN_7510710,False,False,False,False,False
TXN_9177670,False,True,True,True,True
TXN_5436799,False,False,False,False,False
TXN_7124384,False,False,False,False,False
TXN_7964647,False,False,False,False,False
TXN_4880413,False,True,True,True,True
TXN_3408382,False,False,False,False,False
TXN_6486541,False,False,False,False,False
TXN_6730028,False,False,False,False,False
TXN_8879321,False,False,False,False,False
TXN_1143989,False,False,False,False,False
TXN_9875507,False,True,True,True,True
TXN_2912976,False,False,False,False,False
TXN_5533070,False,False,False,False,False
TXN_8685497,True,False,False,False,False
TXN_7633013,False,False,False,False,False
TXN_9341849,False,False,False,False,False
TXN_2024709,False,False,False,False,False
TXN_2333490,False,False,False,False,False
TXN_5643700,False,False,False,False,False
TXN_7926265,False,False,False,False,False
TXN_2158875,False,False,False,False,False
TXN_8763870,False,False,False,False,False
TXN_5456972,True,False,False,False,False
TXN_2929086,False,False,False,False,False
TXN_2952993,False,False,False,False,False
TXN_4801469,False,False,False,False,False
TXN_4714235,False,False,False,False,False
TXN_7881392,False,False,False,False,False
TXN_9315342,False,False,False,False,False
TXN_6117034,False,False,False,False,False
TXN_4691043,False,False,False,False,False
TXN_8653997,False,False,False,False,False
TXN_1840133,False,False,False,False,False
TXN_6563779,False,False,False,False,False
TXN_3240724,False,False,False,False,False
TXN_5709336,False,False,False,False,False
TXN_6673236,False,False,False,False,False
TXN_8631297,False,False,False,False,False
TXN_4884921,False,False,False,False,False
TXN_3056537,False,False,False,False,False
TXN_4581027,False,True,True,True,True
TXN_6438974,False,False,False,False,False
TXN_4062925,False,False,False,False,False
TXN_7399994,False,False,False,False,False
TXN_7005757,False,False,False,False,False
TXN_4116590,False,False,False,False,False
TXN_9811351,True,False,False,False,False
TXN_7478191,False,False,False,False,False
TXN_6850311,False,False,False,False,False
TXN_9969837,False,False,False,False,False
TXN_9576872,True,False,False,False,False
TXN_4376840,False,False,False,False,False
TXN_1148392,False,False,False,False,False
TXN_2621151,False,False,False,False,False
TXN_4261143,False,True,True,True,True
TXN_2014213,False,False,False,False,False
TXN_8528517,False,False,False,False,False
TXN_1738657,False,False,False,False,False
TXN_2665357,False,False,False,False,False
TXN_5710989,False,False,False,False,False
TXN_9779989,False,False,False,False,False
TXN_2305142,False,False,False,False,False
TXN_5214483,False,False,False,False,False
TXN_7097000,False,False,False,False,False
TXN_7172192,False,False,False,False,False
TXN_4398511,False,False,False,False,False
TXN_7000637,False,False,False,False,False
TXN_3857219,False,False,False,False,False
TXN_5878279,False,False,False,False,False
TXN_8631857,False,True,True,True,True
TXN_3972926,False,False,False,False,False
TXN_2337021,False,False,False,False,False
TXN_9213019,False,False,False,False,False
TXN_2682265,False,False,False,False,False
TXN_5404975,False,False,False,False,False
TXN_3867607,False,False,False,False,False
TXN_3348669,False,False,False,False,False
TXN_4639911,False,False,False,False,False
TXN_8276463,False,False,False,False,False
TXN_9719161,True,False,False,False,False
TXN_9544241,False,False,False,False,False
TXN_6188649,False,False,False,False,False
TXN_4296408,False,False,False,False,False
TXN_8711676,False,False,False,False,False
TXN_9579049,False,False,False,False,False
TXN_2838184,False,False,False,False,False
TXN_2396087,False,False,False,False,False
TXN_6234812,False,False,False,False,False
TXN_1547338,False,False,False,False,False
TXN_8681656,False,False,False,False,False
TXN_6809427,False,False,False,False,False
TXN_2314837,False,False,False,False,False
TXN_6500125,False,False,False,False,False
TXN_9234803,False,False,False,False,False
TXN_6970314,False,False,False,False,False
TXN_2169323,False,False,False,False,False
TXN_4086512,False,False,False,False,False
TXN_9493303,False,False,False,False,False
TXN_6023854,False,False,False,False,False
TXN_8077906,False,False,False,False,False
TXN_3515383,False,False,False,False,False
TXN_6065064,False,False,False,False,False
TXN_6286190,False,False,False,False,False
TXN_5308843,False,True,True,True,True
TXN_4143842,False,True,True,True,True
TXN_6878442,False,False,False,False,False
TXN_3852840,False,False,False,False,False
TXN_1513426,False,False,False,False,False
TXN_2898737,False,False,False,False,False
TXN_4865786,False,False,False,False,False
TXN_8954299,False,False,False,False,False
TXN_6392061,False,False,False,False,False
TXN_6811437,False,False,False,False,False
TXN_5902799,False,False,False,False,False
TXN_8674521,False,False,False,False,False
TXN_9708800,False,False,False,False,False
TXN_9917996,False,False,False,False,False
TXN_1294354,False,False,False,False,False
TXN_3944336,False,False,False,False,False
TXN_9777557,False,False,False,False,False
TXN_5586175,False,False,False,False,False
TXN_9703514,False,False,False,False,False
TXN_9063254,False,False,False,False,False
TXN_7961558,False,False,False,False,False
TXN_3396013,False,False,False,False,False
TXN_4425679,False,False,False,False,False
TXN_4212096,False,False,False,False,False
TXN_3046542,False,False,False,False,False
TXN_5997049,False,False,False,False,False
TXN_5498797,False,False,False,False,False
TXN_9961587,False,False,False,False,False
TXN_5645945,False,False,False,False,False
TXN_2752080,False,False,False,False,False
TXN_3022586,False,True,True,True,True
TXN_9365217,False,False,False,False,False
TXN_8371014,False,False,False,False,False
TXN_7275004,False,False,False,False,False
TXN_6629897,True,False,False,False,False
TXN_4459954,False,False,False,False,False
TXN_6921763,False,False,False,False,False
TXN_5266615,False,True,True,True,True
TXN_6713692,False,False,False,False,False
TXN_8568204,False,False,False,False,False
TXN_2648609,False,False,False,False,False
TXN_7986151,False,False,False,False,False
TXN_8350913,False,False,False,False,False
TXN_6218354,False,False,False,False,False
TXN_5612933,False,True,True,True,True
TXN_1715848,False,False,False,False,False
TXN_9209672,False,False,False,False,False
TXN_1287015,False,False,False,False,False
TXN_4786582,True,False,False,False,False
TXN_1630063,False,False,False,False,False
TXN_5432899,False,False,False,False,False
TXN_5936964,False,False,False,False,False
TXN_8551130,False,False,False,False,False
TXN_1195231,False,False,False,False,False
TXN_2009520,False,False,False,False,False
TXN_2241242,False,False,False,False,False
TXN_3095861,False,False,False,False,False
TXN_2654851,False,False,False,False,False
TXN_3846417,True,False,False,False,False
TXN_6434836,False,False,False,False,False
TXN_6928841,False,False,False,False,False
TXN_9885565,False,False,False,False,False
TXN_3056004,False,False,False,False,False
TXN_8219398,False,False,False,False,False
TXN_7178378,False,False,False,False,False
TXN_1055174,False,False,False,False,False
TXN_6064627,False,False,False,False,False
TXN_9313276,False,False,False,False,False
TXN_1223573,False,False,False,False,False
TXN_8835062,False,False,False,False,False
TXN_9367468,False,False,False,False,False
TXN_8782783,False,False,False,False,False
TXN_2566784,False,False,False,False,False
TXN_5853925,False,False,False,False,False
TXN_9038879,False,False,False,False,False
TXN_5277679,False,False,False,False,False
TXN_9364068,False,False,False,False,False
TXN_5023868,False,False,False,False,False
TXN_6893842,False,False,False,False,False
TXN_1785816,False,False,False,False,False
TXN_2092821,False,False,False,False,False
TXN_4702637,False,False,False,False,False
TXN_1913617,False,False,False,False,False
TXN_7638443,False,False,False,False,False
TXN_8022463,False,False,False,False,False
TXN_3480460,False,False,False,False,False
TXN_1198866,False,False,False,False,False
TXN_7701507,False,False,False,False,False
TXN_3753292,False,False,False,False,False
TXN_4297569,False,False,False,False,False
TXN_9644345,False,False,False,False,False
TXN_4857821,False,False,False,False,False
TXN_5597551,False,False,False,False,False
TXN_1980146,False,False,False,False,False
TXN_7489353,False,False,False,False,False
TXN_2694884,False,False,False,False,False
TXN_8892525,False,False,False,False,False
TXN_1382113,False,False,False,False,False
TXN_3256982,False,False,False,False,False
TXN_8830578,True,False,False,False,False
TXN_9103065,False,True,True,True,True
TXN_8658665,False,False,False,False,False
TXN_4369693,False,False,False,False,False
TXN_9100315,False,False,False,False,False
TXN_6237111,False,False,False,False,False
TXN_1955780,False,True,True,True,True
TXN_6038207,False,False,False,False,False
TXN_6025445,False,False,False,False,False
TXN_8591611,False,False,False,False,False
TXN_9989402,False,False,False,False,False
TXN_6469412,False,False,False,False,False
TXN_9160928,False,False,False,False,False
TXN_6928165,False,False,False,False,False
TXN_8047214,False,False,False,False,False
TXN_3404090,False,False,False,False,False
TXN_7375815,False,False,False,False,False
TXN_4975771,False,False,False,False,False
TXN_7887414,False,False,False,False,False
TXN_2851908,False,False,False,False,False
TXN_7285632,False,False,False,False,False
TXN_3635725,False,False,False,False,False
TXN_8949666,False,False,False,False,False
TXN_6241198,False,True,True,True,True
TXN_7402104,False,False,False,False,False
TXN_3521530,False,False,False,False,False
TXN_2527692,False,False,False,False,False
TXN_6590291,False,False,False,False,False
TXN_5635056,True,False,False,False,False
TXN_7304233,False,False,False,False,False
TXN_9253623,False,False,False,False,False
TXN_6165989,False,False,False,False,False
TXN_1046262,True,False,False,False,False
TXN_9201978,False,False,False,False,False
TXN_7454284,False,False,False,False,False
TXN_8123523,False,False,False,False,False
TXN_1768505,False,True,True,True,True
TXN_1086949,False,False,False,False,False
TXN_5460457,False,False,False,False,False
TXN_9861930,False,False,False,False,False
TXN_7622488,False,False,False,False,False
TXN_3499913,False,False,False,False,False
TXN_1913469,False,False,False,False,False
TXN_9233065,False,False,False,False,False
TXN_8008279,False,False,False,False,False
TXN_7044349,False,False,False,False,False
TXN_2345067,False,False,False,False,False
TXN_7720273,False,False,False,False,False
TXN_5600824,False,False,False,False,False
TXN_5120829,False,False,False,False,False
TXN_3760533,False,True,True,True,True
TXN_8155559,False,False,False,False,False
TXN_6806342,False,False,False,False,False
TXN_2121764,False,False,False,False,False
TXN_8437474,False,False,False,False,False
TXN_1470677,False,False,False,False,False
TXN_5810679,False,False,False,False,False
TXN_5483650,False,False,False,False,False
TXN_6087995,False,False,False,False,False
TXN_6696518,False,False,False,False,False
TXN_6271428,False,False,False,False,False
TXN_8688377,False,False,False,False,False
TXN_6400966,False,False,False,False,False
TXN_3171599,False,False,False,False,False
TXN_2458698,False,False,False,False,False
TXN_5969212,False,False,False,False,False
TXN_8763482,False,False,False,False,False
TXN_8869702,False,False,False,False,False
TXN_9247458,False,False,False,False,False
TXN_2297342,False,False,False,False,False
TXN_9828877,False,False,False,False,False
TXN_1451533,False,False,False,False,False
TXN_2971712,False,False,False,False,False
TXN_4431438,False,False,False,False,False
TXN_5692167,False,False,False,False,False
TXN_4770477,True,False,False,False,False
TXN_9966592,True,False,False,False,False
TXN_2858218,False,False,False,False,False
TXN_6585500,False,True,True,True,True
TXN_3457042,False,False,False,False,False
TXN_8170521,False,False,False,False,False
TXN_5690028,False,False,False,False,False
TXN_4571221,False,False,False,False,False
TXN_7439015,False,False,False,False,False
TXN_7446628,False,False,False,False,False
TXN_4255190,False,False,False,False,False
TXN_5838263,False,False,False,False,False
TXN_4617673,False,False,False,False,False
TXN_6342389,False,True,True,True,True
TXN_8648672,False,False,False,False,False
TXN_6440331,False,False,False,False,False
TXN_2467589,False,False,False,False,False
TXN_5821224,False,False,False,False,False
TXN_8315157,False,True,True,True,True
TXN_9550618,False,False,False,False,False
TXN_5007237,False,False,False,False,False
TXN_7842114,False,False,False,False,False
TXN_8419008,False,False,False,False,False
TXN_6182431,False,False,False,False,False
TXN_6666892,False,False,False,False,False
TXN_3247687,False,False,False,False,False
TXN_1622017,False,False,False,False,False
TXN_3576007,False,False,False,False,False
TXN_2880014,False,False,False,False,False
TXN_7641109,False,False,False,False,False
TXN_4193004,False,False,False,False,False
TXN_2599833,False,False,False,False,False
TXN_9277068,False,False,False,False,False
TXN_9035121,False,False,False,False,False
TXN_5951718,False,False,False,False,False
TXN_5174529,False,False,False,False,False
TXN_4544094,False,False,False,False,False
TXN_4481519,False,False,False,False,False
TXN_8170834,False,False,False,False,False
TXN_2681399,False,False,False,False,False
TXN_9262722,False,False,False,False,False
TXN_4654556,True,False,False,False,False
TXN_4279707,True,False,False,False,False
TXN_1384378,False,False,False,False,False
TXN_6609869,False,False,False,False,False
TXN_2808540,False,False,False,False,False
TXN_4909656,False,False,False,False,False
TXN_4062425,False,False,False,False,False
TXN_1919855,False,False,False,False,False
TXN_6329610,False,False,False,False,False
TXN_4870452,False,False,False,False,False
TXN_5729612,False,False,False,False,False
TXN_2683705,False,False,False,False,False
TXN_4142629,False,False,False,False,False
TXN_6082372,False,False,False,False,False
TXN_4076284,False,False,False,False,False
TXN_3798658,True,False,False,False,False
TXN_2233028,False,False,False,False,False
TXN_2593320,False,False,False,False,False
TXN_8574556,False,False,False,False,False
TXN_7949216,False,False,False,False,False
TXN_7517582,False,False,False,False,False
TXN_4344721,False,False,False,False,False
TXN_2284744,False,False,False,False,False
TXN_9760823,False,False,False,False,False
TXN_6090167,False,False,False,False,False
TXN_7528195,False,True,True,True,True
TXN_4479885,False,False,False,False,False
TXN_5380293,False,False,False,False,False
TXN_8616642,True,False,False,False,False
TXN_2417229,False,False,False,False,False
TXN_8674282,False,False,False,False,False
TXN_6352989,False,False,False,False,False
TXN_4721128,False,False,False,False,False
TXN_9316296,False,False,False,False,False
TXN_9305312,False,False,False,False,False
TXN_3795064,False,False,False,False,False
TXN_5983240,False,False,False,False,False
TXN_6738480,False,False,False,False,False
TXN_3081988,False,False,False,False,False
TXN_3978170,False,False,False,False,False
TXN_2080604,False,False,False,False,False
TXN_9217850,False,False,False,False,False
TXN_8573178,False,False,False,False,False
TXN_6755240,False,False,False,False,False
TXN_9799936,False,False,False,False,False
TXN_1285084,False,False,False,False,False
TXN_9275968,False,False,False,False,False
TXN_2123484,False,False,False,False,False
TXN_3995208,False,True,True,True,True
TXN_1595090,True,False,False,False,False
TXN_6761654,False,False,False,False,False
TXN_8487424,False,False,False,False,False
TXN_3867722,False,False,False,False,False
TXN_6129392,False,False,False,False,False
TXN_4838066,False,False,False,False,False
TXN_6454214,False,False,False,False,False
TXN_3876726,False,False,False,False,False
TXN_2268464,False,False,False,False,False
TXN_2797985,False,False,False,False,False
TXN_2032489,True,False,False,False,False
TXN_1372787,False,False,False,False,False
TXN_8749312,False,False,False,False,False
TXN_8241824,False,False,False,False,False
TXN_4116552,False,False,False,False,False
TXN_4411326,False,False,False,False,False
TXN_4396796,False,False,False,False,False
TXN_6954466,False,False,False,False,False
TXN_8699943,False,False,False,False,False
TXN_7451610,False,False,False,False,False
TXN_7467051,False,True,True,True,True
TXN_8244764,False,False,False,False,False
TXN_3490256,False,False,False,False,False
TXN_2251815,False,False,False,False,False
TXN_4106782,False,False,False,False,False
TXN_6637102,False,False,False,False,False
TXN_3192013,True,False,False,False,False
TXN_1411832,False,False,False,False,False
TXN_5336983,False,False,False,False,False
TXN_6109021,False,False,False,False,False
TXN_8963861,False,False,False,False,False
TXN_1014375,False,False,False,False,False
TXN_5308548,False,False,False,False,False
TXN_9404791,True,False,False,False,False
TXN_3394031,False,False,False,False,False
TXN_9868145,False,True,True,True,True
TXN_5681367,False,False,False,False,False
TXN_3260804,False,False,False,False,False
TXN_7432361,False,False,False,False,False
TXN_2598151,False,False,False,False,False
TXN_3171724,False,True,True,True,True
TXN_3249079,False,False,False,False,False
TXN_3482951,False,False,False,False,False
TXN_1494063,False,False,False,False,False
TXN_3939276,False,False,False,False,False
TXN_6343666,False,False,False,False,False
TXN_1961400,False,False,False,False,False
TXN_4016049,False,False,False,False,False
TXN_8390560,False,False,False,False,False
TXN_2718872,False,False,False,False,False
TXN_3770345,False,False,False,False,False
TXN_8107966,False,False,False,False,False
TXN_4585670,False,False,False,False,False
TXN_9724342,False,False,False,False,False
TXN_3101171,False,False,False,False,False
TXN_6630344,False,False,False,False,False
TXN_7277962,False,False,False,False,False
TXN_5289066,False,False,False,False,False
TXN_5637756,False,False,False,False,False
TXN_4758145,False,False,False,False,False
TXN_6853941,False,False,False,False,False
TXN_6196135,False,False,False,False,False
TXN_3217845,False,False,False,False,False
TXN_9488694,False,False,False,False,False
TXN_5926111,False,False,False,False,False
TXN_3365345,False,False,False,False,False
TXN_9083605,False,False,False,False,False
TXN_1669239,False,False,False,False,False
TXN_8927323,False,False,False,False,False
TXN_7673761,False,False,False,False,False
TXN_6078486,False,False,False,False,False
TXN_4329433,False,False,False,False,False
TXN_4700436,False,False,False,False,False
TXN_6608719,False,False,False,False,False
TXN_1851869,False,True,True,True,True
TXN_2370062,False,False,False,False,False
TXN_3664941,False,False,False,False,False
TXN_6595084,False,False,False,False,False
TXN_6837562,False,False,False,False,False
TXN_6834166,False,False,False,False,False
TXN_4935565,False,False,False,False,False
TXN_4795710,False,False,False,False,False
TXN_2232621,False,False,False,False,False
TXN_1962874,False,False,False,False,False
TXN_2562140,False,False,False,False,False
TXN_2291678,False,False,False,False,False
TXN_3245632,False,False,False,False,False
TXN_3581663,False,False,False,False,False
TXN_8972502,False,True,True,True,True
TXN_3431927,False,False,False,False,False
TXN_5219250,False,False,False,False,False
TXN_7356854,False,False,False,False,False
TXN_8911952,False,False,False,False,False
TXN_9550546,False,False,False,False,False
TXN_3810168,False,False,False,False,False
TXN_4759525,False,False,False,False,False
TXN_2228877,False,False,False,False,False
TXN_7459959,False,False,False,False,False
TXN_1516520,False,False,False,False,False
TXN_3201354,False,False,False,False,False
TXN_9537792,False,False,False,False,False
TXN_5161250,False,False,False,False,False
TXN_6874926,False,False,False,False,False
TXN_4658138,False,False,False,False,False
TXN_3918997,False,False,False,False,False
TXN_8108026,False,False,False,False,False
TXN_2868753,False,False,False,False,False
TXN_2156507,False,False,False,False,False
TXN_7485369,False,False,False,False,False
TXN_4508080,False,False,False,False,False
TXN_5577761,False,False,False,False,False
TXN_7869272,False,True,True,True,True
TXN_7450689,False,True,True,True,True
TXN_3456456,False,False,False,False,False
TXN_7666691,False,False,False,False,False
TXN_6766893,False,False,False,False,False
TXN_6528640,False,False,False,False,False
TXN_8423167,False,False,False,False,False
TXN_6845254,False,False,False,False,False
TXN_6271401,False,False,False,False,False
TXN_6184133,False,False,False,False,False
TXN_9776378,False,False,False,False,False
TXN_2377075,False,False,False,False,False
TXN_5859797,False,False,False,False,False
TXN_5434376,False,False,False,False,False
TXN_5277964,False,False,False,False,False
TXN_6110164,False,False,False,False,False
TXN_3573477,False,True,True,True,True
TXN_9654178,False,False,False,False,False
TXN_3145344,False,False,False,False,False
TXN_6688642,False,False,False,False,False
TXN_8689399,False,False,False,False,False
TXN_4133670,False,False,False,False,False
TXN_1135615,False,False,False,False,False
TXN_4017920,False,False,False,False,False
TXN_1174385,False,False,False,False,False
TXN_5481214,False,False,False,False,False
TXN_9648410,False,False,False,False,False
TXN_7536831,False,False,False,False,False
TXN_4090954,False,True,True,True,True
TXN_4466822,False,False,False,False,False
TXN_4562594,False,False,False,False,False
TXN_6724795,False,False,False,False,False
TXN_3478292,False,False,False,False,False
TXN_3627669,False,False,False,False,False
TXN_5455904,False,False,False,False,False
TXN_8994166,False,False,False,False,False
TXN_8680983,False,False,False,False,False
TXN_9980683,False,False,False,False,False
TXN_5598682,False,False,False,False,False
TXN_5238332,False,True,True,True,True
TXN_6868890,False,False,False,False,False
TXN_3412748,False,False,False,False,False
TXN_2632666,False,False,False,False,False
TXN_3389691,False,False,False,False,False
TXN_9815869,True,False,False,False,False
TXN_7284110,False,False,False,False,False
TXN_3614727,False,False,False,False,False
TXN_9403273,False,False,False,False,False
TXN_7152319,False,False,False,False,False
TXN_8405843,False,False,False,False,False
TXN_8620480,False,False,False,False,False
TXN_1520722,False,False,False,False,False
TXN_9518640,False,False,False,False,False
TXN_6166332,False,False,False,False,False
TXN_2192262,False,False,False,False,False
TXN_7604093,False,False,False,False,False
TXN_6442349,True,False,False,False,False
TXN_9208311,False,True,True,True,True
TXN_3140238,False,False,False,False,False
TXN_4436192,False,False,False,False,False
TXN_5838495,False,False,False,False,False
TXN_9189148,False,False,False,False,False
TXN_2472029,False,False,False,False,False
TXN_5501281,False,False,False,False,False
TXN_1394876,False,False,False,False,False
TXN_4200825,False,False,False,False,False
TXN_2084835,False,False,False,False,False
TXN_4475893,False,False,False,False,False
TXN_9702142,False,False,False,False,False
TXN_4571123,False,False,False,False,False
TXN_3522960,False,False,False,False,False
TXN_8637678,False,False,False,False,False
TXN_1033656,False,False,False,False,False
TXN_3887868,False,False,False,False,False
TXN_8141257,False,False,False,False,False
TXN_9454455,False,False,False,False,False
TXN_6582092,False,False,False,False,False
TXN_3091025,False,False,False,False,False
TXN_4665437,False,False,False,False,False
TXN_2434158,False,False,False,False,False
TXN_7790991,False,False,False,False,False
TXN_5951686,False,False,False,False,False
TXN_2811659,False,False,False,False,False
TXN_8438783,True,False,False,False,False
TXN_1540116,False,False,False,False,False
TXN_2065846,True,False,False,False,False
TXN_9993395,False,False,False,False,False
TXN_9037115,False,False,False,False,False
TXN_6354290,False,False,False,False,False
TXN_5943276,True,False,False,False,False
TXN_6931532,False,False,False,False,False
TXN_9259738,False,False,False,False,False
TXN_7589315,False,False,False,False,False
TXN_2767877,False,False,False,False,False
TXN_6088854,False,False,False,False,False
TXN_2097083,False,False,False,False,False
TXN_7169895,False,False,False,False,False
TXN_2174591,False,False,False,False,False
TXN_6812555,False,False,False,False,False
TXN_2691375,False,False,False,False,False
TXN_7904645,False,False,False,False,False
TXN_3384109,False,False,False,False,False
TXN_7624812,False,False,False,False,False
TXN_1278400,False,False,False,False,False
TXN_7152095,False,False,False,False,False
TXN_5151400,False,False,False,False,False
TXN_4473481,False,False,False,False,False
TXN_9161684,False,False,False,False,False
TXN_7865105,False,False,False,False,False
TXN_2221764,False,False,False,False,False
TXN_2476664,False,False,False,False,False
TXN_2124123,False,False,False,False,False
TXN_2215196,False,False,False,False,False
TXN_7369427,False,False,False,False,False
TXN_4281742,False,False,False,False,False
TXN_5443961,False,False,False,False,False
TXN_5407015,False,False,False,False,False
TXN_5608512,False,False,False,False,False
TXN_1219590,False,False,False,False,False
TXN_1424166,False,False,False,False,False
TXN_3964699,False,True,True,True,True
TXN_2940196,False,False,False,False,False
TXN_7648026,False,False,False,False,False
TXN_2052834,False,False,False,False,False
TXN_9276040,False,False,False,False,False
TXN_8666461,False,False,False,False,False
TXN_8585970,False,False,False,False,False
TXN_4021555,False,False,False,False,False
TXN_9197284,False,False,False,False,False
TXN_4824863,False,False,False,False,False
TXN_3306261,False,True,True,True,True
TXN_1193062,False,False,False,False,False
TXN_4914355,False,False,False,False,False
TXN_7528525,False,False,False,False,False
TXN_3203939,False,False,False,False,False
TXN_4897799,False,False,False,False,False
TXN_9618649,False,False,False,False,False
TXN_5421103,False,False,False,False,False
TXN_4245153,False,False,False,False,False
TXN_3854731,False,False,False,False,False
TXN_6582789,False,False,False,False,False
TXN_5509332,False,False,False,False,False
TXN_6900823,False,False,False,False,False
TXN_5581558,False,False,False,False,False
TXN_8877890,False,False,False,False,False
TXN_9478937,False,True,True,True,True
TXN_3981959,False,False,False,False,False
TXN_3044686,False,False,False,False,False
TXN_5269978,False,False,False,False,False
TXN_4140793,False,False,False,False,False
TXN_5870737,False,False,False,False,False
TXN_7979356,False,False,False,False,False
TXN_8222598,False,False,False,False,False
TXN_4007615,False,False,False,False,False
TXN_7952000,False,False,False,False,False
TXN_9012822,False,False,False,False,False
TXN_3513460,False,False,False,False,False
TXN_5061512,False,False,False,False,False
TXN_9777368,False,False,False,False,False
TXN_9601038,False,False,False,False,False
TXN_8582247,False,False,False,False,False
TXN_9520489,False,False,False,False,False
TXN_4311947,False,True,True,True,True
TXN_9554139,False,False,False,False,False
TXN_4845406,False,False,False,False,False
TXN_9612514,False,False,False,False,False
TXN_5290650,False,False,False,False,False
TXN_6873753,False,False,False,False,False
TXN_7228096,False,False,False,False,False
TXN_4323462,False,False,False,False,False
TXN_3151420,False,False,False,False,False
TXN_9158265,False,False,False,False,False
TXN_9736193,False,False,False,False,False
TXN_3462357,False,False,False,False,False
TXN_1834624,False,True,True,True,True
TXN_3322099,False,False,False,False,False
TXN_3406391,False,False,False,False,False
TXN_2403041,False,False,False,False,False
TXN_8306625,False,False,False,False,False
TXN_5118834,False,False,False,False,False
TXN_6162781,False,False,False,False,False
TXN_1095198,False,False,False,False,False
TXN_1244212,False,False,False,False,False
TXN_3456696,False,False,False,False,False
TXN_6195298,False,False,False,False,False
TXN_8769384,False,False,False,False,False
TXN_3969448,False,False,False,False,False
TXN_3969761,True,False,False,False,False
TXN_1780281,False,False,False,False,False
TXN_5125056,False,False,False,False,False
TXN_6481590,False,False,False,False,False
TXN_8521009,False,False,False,False,False
TXN_9663281,False,True,True,True,True
TXN_8252234,False,False,False,False,False
TXN_8874047,False,False,False,False,False
TXN_2816347,False,False,False,False,False
TXN_7107634,True,False,False,False,False
TXN_7967269,False,False,False,False,False
TXN_1039114,False,False,False,False,False
TXN_7529501,False,False,False,False,False
TXN_4071110,False,False,False,False,False
TXN_9914794,False,False,False,False,False
TXN_3003224,False,False,False,False,False
TXN_9024860,False,False,False,False,False
TXN_6635815,False,False,False,False,False
TXN_7595390,False,False,False,False,False
TXN_5770406,False,False,False,False,False
TXN_8878131,False,False,False,False,False
TXN_9464600,False,False,False,False,False
TXN_7308336,False,False,False,False,False
TXN_6956096,False,False,False,False,False
TXN_5365850,False,False,False,False,False
TXN_2663672,False,False,False,False,False
TXN_9931237,False,False,False,False,False
TXN_6970525,False,False,False,False,False
TXN_1901259,False,False,False,False,False
TXN_2052776,False,False,False,False,False
TXN_8658857,False,False,False,False,False
TXN_9527872,False,False,False,False,False
TXN_1838690,False,False,False,False,False
TXN_5796919,False,False,False,False,False
TXN_8832056,False,False,False,False,False
TXN_8047218,False,True,True,True,True
TXN_4475227,False,True,True,True,True
TXN_1753380,False,False,False,False,False
TXN_6633737,False,False,False,False,False
TXN_2210266,False,False,False,False,False
TXN_3534846,False,False,False,False,False
TXN_5899902,False,False,False,False,False
TXN_8429586,False,False,False,False,False
TXN_2017195,False,False,False,False,False
TXN_6530858,False,False,False,False,False
TXN_8237202,False,False,False,False,False
TXN_9946792,False,False,False,False,False
TXN_2444942,True,False,False,False,False
TXN_3931564,False,False,False,False,False
TXN_4954384,False,False,False,False,False
TXN_8813563,False,False,False,False,False
TXN_7120744,False,False,False,False,False
TXN_8689221,False,False,False,False,False
TXN_7039501,False,False,False,False,False
TXN_6449781,False,False,False,False,False
TXN_7354850,False,False,False,False,False
TXN_5585946,False,False,False,False,False
TXN_9350355,False,False,False,False,False
TXN_3421227,False,False,False,False,False
TXN_7822326,False,False,False,False,False
TXN_6902290,False,False,False,False,False
TXN_2210332,False,False,False,False,False
TXN_2569828,False,False,False,False,False
TXN_9081402,False,False,False,False,False
TXN_7525583,False,False,False,False,False
TXN_1762272,False,False,False,False,False
TXN_2752566,False,False,False,False,False
TXN_3811791,False,False,False,False,False
TXN_1399723,False,False,False,False,False
TXN_4764622,False,False,False,False,False
TXN_4401677,False,False,False,False,False
TXN_3275079,False,False,False,False,False
TXN_5078189,False,False,False,False,False
TXN_9558666,False,False,False,False,False
TXN_4346191,False,False,False,False,False
TXN_1978587,False,False,False,False,False
TXN_1299663,False,False,False,False,False
TXN_5412780,False,False,False,False,False
TXN_4056154,False,False,False,False,False
TXN_2256249,False,False,False,False,False
TXN_1727861,False,False,False,False,False
TXN_4848427,False,False,False,False,False
TXN_2892369,True,False,False,False,False
TXN_3185633,False,False,False,False,False
TXN_2320854,False,False,False,False,False
TXN_3424321,False,False,False,False,False
TXN_6496274,False,False,False,False,False
TXN_7040885,False,False,False,False,False
TXN_6604135,False,False,False,False,False
TXN_6964148,False,False,False,False,False
TXN_3135262,False,False,False,False,False
TXN_1089119,False,False,False,False,False
TXN_6062926,False,False,False,False,False
TXN_9926710,False,False,False,False,False
TXN_4147529,False,False,False,False,False
TXN_1500879,False,False,False,False,False
TXN_2272691,False,False,False,False,False
TXN_7695850,False,False,False,False,False
TXN_4032210,False,False,False,False,False
TXN_9996909,False,False,False,False,False
TXN_3631999,False,False,False,False,False
TXN_7274941,False,False,False,False,False
TXN_1004124,False,False,False,False,False
TXN_5374493,False,False,False,False,False
TXN_2305144,False,True,True,True,True
TXN_8425366,False,False,False,False,False
TXN_9340588,False,False,False,False,False
TXN_5702123,False,False,False,False,False
TXN_3311644,False,True,True,True,True
TXN_3582606,False,False,False,False,False
TXN_9434913,False,False,False,False,False
TXN_8535067,False,False,False,False,False
TXN_8702969,False,False,False,False,False
TXN_9502131,True,False,False,False,False
TXN_4092798,False,False,False,False,False
TXN_3767932,False,False,False,False,False
TXN_4581969,False,False,False,False,False
TXN_7026879,False,False,False,False,False
TXN_9677000,False,False,False,False,False
TXN_1647479,False,False,False,False,False
TXN_6546571,False,False,False,False,False
TXN_1020775,False,False,False,False,False
TXN_5259819,True,False,False,False,False
TXN_1005750,False,False,False,False,False
TXN_9735000,False,False,False,False,False
TXN_3546275,False,False,False,False,False
TXN_6136306,False,False,False,False,False
TXN_8732067,False,False,False,False,False
TXN_1102675,False,False,False,False,False
TXN_4259454,False,True,True,True,True
TXN_4055976,False,False,False,False,False
TXN_4811114,False,False,False,False,False
TXN_1935246,False,False,False,False,False
TXN_3887687,False,False,False,False,False
TXN_5395129,False,False,False,False,False
TXN_4869342,False,False,False,False,False
TXN_7306114,False,False,False,False,False
TXN_3204284,False,False,False,False,False
TXN_9711658,False,False,False,False,False
TXN_1512993,False,False,False,False,False
TXN_2143826,True,False,False,False,False
TXN_9436654,False,False,False,False,False
TXN_8641832,False,False,False,False,False
TXN_4778282,False,False,False,False,False
TXN_9025071,False,False,False,False,False
TXN_8132309,False,False,False,False,False
TXN_7177193,True,False,False,False,False
TXN_4270618,False,False,False,False,False
TXN_5350553,False,False,False,False,False
TXN_3087686,False,False,False,False,False
TXN_9067738,False,False,False,False,False
TXN_3604177,False,False,False,False,False
TXN_3336876,False,False,False,False,False
TXN_9466734,False,False,False,False,False
TXN_1795726,False,False,False,False,False
TXN_4451880,False,False,False,False,False
TXN_4533853,False,False,False,False,False
TXN_8180724,False,False,False,False,False
TXN_4459060,False,False,False,False,False
TXN_4286798,False,False,False,False,False
TXN_4997665,False,False,False,False,False
TXN_7644218,False,False,False,False,False
TXN_1201757,False,False,False,False,False
TXN_1363454,False,False,False,False,False
TXN_5725550,False,False,False,False,False
TXN_1575700,False,False,False,False,False
TXN_4034447,False,False,False,False,False
TXN_5228318,False,False,False,False,False
TXN_8435121,False,False,False,False,False
TXN_7003676,False,False,False,False,False
TXN_8077020,False,False,False,False,False
TXN_4972248,False,False,False,False,False
TXN_5921082,False,False,False,False,False
TXN_5498300,False,False,False,False,False
TXN_5578307,False,False,False,False,False
TXN_4725018,False,False,False,False,False
TXN_4111121,False,False,False,False,False
TXN_9052265,False,False,False,False,False
TXN_5750278,False,False,False,False,False
TXN_4268207,False,False,False,False,False
TXN_3542101,False,False,False,False,False
TXN_8414492,False,False,False,False,False
TXN_7422235,False,False,False,False,False
TXN_2120609,False,False,False,False,False
TXN_8765485,False,False,False,False,False
TXN_5263251,False,False,False,False,False
TXN_6058330,True,False,False,False,False
TXN_3327266,False,False,False,False,False
TXN_8269434,False,False,False,False,False
TXN_4995249,True,False,False,False,False
TXN_8157843,False,True,True,True,True
TXN_5690131,False,False,False,False,False
TXN_6697034,False,False,False,False,False
TXN_5071954,False,False,False,False,False
TXN_2992974,False,False,False,False,False
TXN_1810111,False,False,False,False,False
TXN_2176750,False,False,False,False,False
TXN_2570854,False,False,False,False,False
TXN_8487509,False,False,False,False,False
TXN_9299347,False,False,False,False,False
TXN_5654404,False,False,False,False,False
TXN_8178715,False,False,False,False,False
TXN_8875914,False,False,False,False,False
TXN_5618781,True,False,False,False,False
TXN_4366890,False,False,False,False,False
TXN_1017199,False,False,False,False,False
TXN_4863159,False,False,False,False,False
TXN_9958675,True,False,False,False,False
TXN_5970986,False,False,False,False,False
TXN_4523273,False,False,False,False,False
TXN_1645781,False,False,False,False,False
TXN_6711906,False,False,False,False,False
TXN_1892600,False,False,False,False,False
TXN_1790105,False,False,False,False,False
TXN_2830771,False,False,False,False,False
TXN_8622375,False,False,False,False,False
TXN_8776916,False,False,False,False,False
TXN_4195971,False,False,False,False,False
TXN_9649833,False,False,False,False,False
TXN_1127219,False,False,False,False,False
TXN_7220277,False,False,False,False,False
TXN_5490508,False,False,False,False,False
TXN_6910028,False,False,False,False,False
TXN_8421920,False,False,False,False,False
TXN_9713065,False,False,False,False,False
TXN_2394864,False,False,False,False,False
TXN_5211253,False,True,True,True,True
TXN_8963284,False,False,False,False,False
TXN_4901726,False,False,False,False,False
TXN_5386507,False,False,False,False,False
TXN_3994914,False,False,False,False,False
TXN_8407265,False,True,True,True,True
TXN_5657839,True,False,False,False,False
TXN_8362813,True,False,False,False,False
TXN_6573349,False,False,False,False,False
TXN_5682458,False,False,False,False,False
TXN_2598056,False,True,True,True,True
TXN_6096297,False,False,False,False,False
TXN_2163609,False,False,False,False,False
TXN_4180223,False,False,False,False,False
TXN_1422215,False,False,False,False,False
TXN_2626673,False,False,False,False,False
TXN_5992182,False,False,False,False,False
TXN_1071762,True,False,False,False,False
TXN_9876893,False,False,False,False,False
TXN_8581920,False,False,False,False,False
TXN_1248793,False,False,False,False,False
TXN_9218401,False,False,False,False,False
TXN_5306857,False,False,False,False,False
TXN_3831310,False,False,False,False,False
TXN_7815351,False,False,False,False,False
TXN_8969664,False,False,False,False,False
TXN_1190422,False,False,False,False,False
TXN_9023234,False,False,False,False,False
TXN_2621464,False,False,False,False,False
TXN_4587896,False,False,False,False,False
TXN_9979169,False,False,False,False,False
TXN_9258508,False,False,False,False,False
TXN_8878104,False,False,False,False,False
TXN_8718529,False,False,False,False,False
TXN_7637745,False,False,False,False,False
TXN_3461490,False,False,False,False,False
TXN_5010435,False,False,False,False,False
TXN_1573513,False,False,False,False,False
TXN_1201718,False,False,False,False,False
TXN_7833453,False,False,False,False,False
TXN_7714982,True,False,False,False,False
TXN_4713817,False,False,False,False,False
TXN_2843740,False,False,False,False,False
TXN_8471781,False,False,False,False,False
TXN_2060935,False,False,False,False,False
TXN_6499717,False,False,False,False,False
TXN_7426702,False,False,False,False,False
TXN_5821825,False,False,False,False,False
TXN_7938026,False,False,False,False,False
TXN_8011504,False,False,False,False,False
TXN_5566685,False,False,False,False,False
TXN_8439414,False,False,False,False,False
TXN_4780435,False,False,False,False,False
TXN_8976767,False,False,False,False,False
TXN_2691157,False,False,False,False,False
TXN_4604728,False,False,False,False,False
TXN_7955635,False,False,False,False,False
TXN_5410671,False,False,False,False,False
TXN_1407563,False,False,False,False,False
TXN_7869591,False,False,False,False,False
TXN_6189191,False,False,False,False,False
TXN_4522379,False,False,False,False,False
TXN_3465341,False,False,False,False,False
TXN_1056184,False,False,False,False,False
TXN_9266601,True,False,False,False,False
TXN_8831675,False,False,False,False,False
TXN_9974710,False,False,False,False,False
TXN_2843646,False,False,False,False,False
TXN_9683320,False,False,False,False,False
TXN_9594561,False,False,False,False,False
TXN_3871513,True,False,False,False,False
TXN_9792470,False,False,False,False,False
TXN_7453758,False,False,False,False,False
TXN_7009968,False,False,False,False,False
TXN_5134226,False,False,False,False,False
TXN_7662644,False,False,False,False,False
TXN_4422759,False,False,False,False,False
TXN_8272294,False,False,False,False,False
TXN_2357266,False,False,False,False,False
TXN_1947569,False,False,False,False,False
TXN_2423691,False,False,False,False,False
TXN_9770361,False,False,False,False,False
TXN_2159886,False,False,False,False,False
TXN_1799662,False,True,True,True,True
TXN_3763280,True,False,False,False,False
TXN_1576195,False,False,False,False,False
TXN_6304327,False,True,True,True,True
TXN_1751349,False,False,False,False,False
TXN_8085968,False,False,False,False,False
TXN_1375118,False,False,False,False,False
TXN_4777181,False,False,False,False,False
TXN_2316382,False,False,False,False,False
TXN_3971751,False,False,False,False,False
TXN_2481299,False,False,False,False,False
TXN_2685666,False,False,False,False,False
TXN_6776764,False,False,False,False,False
TXN_2972823,False,False,False,False,False
TXN_4525970,False,False,False,False,False
TXN_7798925,True,False,False,False,False
TXN_1906985,False,False,False,False,False
TXN_7062557,True,False,False,False,False
TXN_5240612,False,False,False,False,False
TXN_4145243,True,False,False,False,False
TXN_2798740,False,False,False,False,False
TXN_5192905,False,False,False,False,False
TXN_4834959,False,False,False,False,False
TXN_8801583,False,False,False,False,False
TXN_9358058,False,False,False,False,False
TXN_6108978,False,False,False,False,False
TXN_7644695,False,False,False,False,False
TXN_6038887,False,False,False,False,False
TXN_2913235,False,False,False,False,False
TXN_9224762,False,False,False,False,False
TXN_3724129,False,False,False,False,False
TXN_8952212,False,False,False,False,False
TXN_4788104,False,False,False,False,False
TXN_1037036,False,False,False,False,False
TXN_6639076,False,False,False,False,False
TXN_3369728,False,False,False,False,False
TXN_8307314,False,False,False,False,False
TXN_4090699,False,False,False,False,False
TXN_9560804,False,False,False,False,False
TXN_8222717,False,False,False,False,False
TXN_8739336,False,False,False,False,False
TXN_6292835,False,False,False,False,False
TXN_7241224,False,False,False,False,False
TXN_9675873,False,False,False,False,False
TXN_9867797,False,False,False,False,False
TXN_1449888,False,False,False,False,False
TXN_1765249,False,False,False,False,False
TXN_3185475,False,False,False,False,False
TXN_8011706,False,False,False,False,False
TXN_1595881,False,False,False,False,False
TXN_5501500,False,False,False,False,False
TXN_5798656,False,False,False,False,False
TXN_4491566,False,False,False,False,False
TXN_3718315,False,False,False,False,False
TXN_6943850,False,False,False,False,False
TXN_5670625,False,False,False,False,False
TXN_7836121,False,False,False,False,False
TXN_3775360,False,False,False,False,False
TXN_1624550,False,False,False,False,False
TXN_3412638,False,False,False,False,False
TXN_8970327,False,True,True,True,True
TXN_5693955,False,True,True,True,True
TXN_5999343,False,False,False,False,False
TXN_5096509,False,False,False,False,False
TXN_6297355,False,False,False,False,False
TXN_6404565,False,False,False,False,False
TXN_6198629,True,False,False,False,False
TXN_3168813,False,False,False,False,False
TXN_8375614,False,False,False,False,False
TXN_4703372,False,False,False,False,False
TXN_6699940,False,False,False,False,False
TXN_4682522,False,True,True,True,True
TXN_5448250,False,False,False,False,False
TXN_2156878,False,False,False,False,False
TXN_8540247,False,False,False,False,False
TXN_8694108,False,False,False,False,False
TXN_5502712,False,False,False,False,False
TXN_2279408,False,False,False,False,False
TXN_8505513,False,False,False,False,False
TXN_1571058,False,False,False,False,False
TXN_3119913,False,False,False,False,False
TXN_1781013,False,False,False,False,False
TXN_6516845,False,False,False,False,False
TXN_2209765,False,False,False,False,False
TXN_7871362,False,False,False,False,False
TXN_4886343,False,False,False,False,False
TXN_3792534,False,False,False,False,False
TXN_3846992,False,False,False,False,False
TXN_9755184,False,False,False,False,False
TXN_8886427,False,False,False,False,False
TXN_4098785,False,False,False,False,False
TXN_4692212,False,False,False,False,False
TXN_5190143,False,False,False,False,False
TXN_8527006,False,False,False,False,False
TXN_1068864,False,False,False,False,False
TXN_3971472,False,False,False,False,False
TXN_5799395,False,False,False,False,False
TXN_5743639,False,False,False,False,False
TXN_4611823,False,False,False,False,False
TXN_8576669,False,False,False,False,False
TXN_6756069,False,False,False,False,False
TXN_8456166,False,False,False,False,False
TXN_3989112,False,False,False,False,False
TXN_6816528,False,False,False,False,False
TXN_7102203,False,False,False,False,False
TXN_1825577,False,False,False,False,False
TXN_9056792,False,False,False,False,False
TXN_1075229,False,False,False,False,False
TXN_3422017,False,False,False,False,False
TXN_7000051,False,False,False,False,False
TXN_9849482,False,False,False,False,False
TXN_2056215,False,False,False,False,False
TXN_9534194,False,False,False,False,False
TXN_2043452,False,False,False,False,False
TXN_2825406,False,False,False,False,False
TXN_7745199,True,False,False,False,False
TXN_8951116,True,False,False,False,False
TXN_6606275,False,False,False,False,False
TXN_9847297,False,False,False,False,False
TXN_8279471,False,False,False,False,False
TXN_1820052,False,False,False,False,False
TXN_7224775,False,True,True,True,True
TXN_3662714,False,False,False,False,False
TXN_6141590,False,False,False,False,False
TXN_4743910,False,False,False,False,False
TXN_1479443,False,False,False,False,False
TXN_7075340,False,False,False,False,False
TXN_1125784,False,False,False,False,False
TXN_1748782,False,False,False,False,False
TXN_8064922,False,False,False,False,False
TXN_1550222,False,False,False,False,False
TXN_2718193,False,False,False,False,False
TXN_2060703,False,False,False,False,False
TXN_8385458,False,False,False,False,False
TXN_1696678,False,False,False,False,False
TXN_4297692,True,False,False,False,False
TXN_8230533,False,False,False,False,False
TXN_6213133,False,False,False,False,False
TXN_9810837,False,False,False,False,False
TXN_4338398,False,True,True,True,True
TXN_4624883,False,False,False,False,False
TXN_2746895,False,False,False,False,False
TXN_9298092,False,True,True,True,True
TXN_3760030,True,False,False,False,False
TXN_8655450,False,False,False,False,False
TXN_9690494,False,False,False,False,False
TXN_9328310,False,False,False,False,False
TXN_6480679,False,False,False,False,False
TXN_7706309,False,False,False,False,False
TXN_5602943,False,False,False,False,False
TXN_5970836,False,False,False,False,False
TXN_1084358,False,False,False,False,False
TXN_8969654,False,False,False,False,False
TXN_8722597,False,False,False,False,False
TXN_5498501,False,False,False,False,False
TXN_6506416,True,False,False,False,False
TXN_1201215,True,False,False,False,False
TXN_3245407,False,False,False,False,False
TXN_9807861,False,False,False,False,False
TXN_4689236,False,False,False,False,False
TXN_1445554,False,False,False,False,False
TXN_6544317,False,False,False,False,False
TXN_4057605,False,False,False,False,False
TXN_2229400,False,False,False,False,False
TXN_5974170,False,False,False,False,False
TXN_5928216,False,False,False,False,False
TXN_8227236,True,False,False,False,False
TXN_7132653,False,False,False,False,False
TXN_5150834,False,False,False,False,False
TXN_5819995,False,False,False,False,False
TXN_2713911,False,False,False,False,False
TXN_9273608,False,False,False,False,False
TXN_7738387,False,False,False,False,False
TXN_7989998,False,False,False,False,False
TXN_4829324,False,False,False,False,False
TXN_9632054,False,False,False,False,False
TXN_1141770,False,False,False,False,False
TXN_8812902,False,True,True,True,True
TXN_7182787,False,False,False,False,False
TXN_8613508,False,False,False,False,False
TXN_1643393,False,False,False,False,False
TXN_9791556,False,False,False,False,False
TXN_6129356,False,False,False,False,False
TXN_4169051,False,False,False,False,False
TXN_1657130,False,False,False,False,False
TXN_9325414,False,False,False,False,False
TXN_4584080,False,False,False,False,False
TXN_1003940,False,False,False,False,False
TXN_8053944,False,False,False,False,False
TXN_7216595,False,False,False,False,False
TXN_4457696,True,False,False,False,False
TXN_1499023,False,False,False,False,False
TXN_3320709,False,False,False,False,False
TXN_2444260,False,False,False,False,False
TXN_5091544,False,False,False,False,False
TXN_4562537,False,False,False,False,False
TXN_3442651,False,False,False,False,False
TXN_5283395,False,False,False,False,False
TXN_9831254,False,False,False,False,False
TXN_3108062,False,False,False,False,False
TXN_1082353,False,False,False,False,False
TXN_1113295,False,False,False,False,False
TXN_7506005,False,False,False,False,False
TXN_8764735,False,False,False,False,False
TXN_9794272,False,False,False,False,False
TXN_2556431,True,False,False,False,False
TXN_3282392,False,False,False,False,False
TXN_5204789,False,False,False,False,False
TXN_9897293,False,False,False,False,False
TXN_5942806,False,False,False,False,False
TXN_6529533,False,False,False,False,False
TXN_2363652,False,False,False,False,False
TXN_5926128,False,False,False,False,False
TXN_5612017,False,False,False,False,False
TXN_4023955,False,False,False,False,False
TXN_6089049,False,False,False,False,False
TXN_1898727,False,False,False,False,False
TXN_6038542,False,False,False,False,False
TXN_4151275,False,False,False,False,False
TXN_5698201,False,False,False,False,False
TXN_6928167,False,False,False,False,False
TXN_6429820,False,False,False,False,False
TXN_4690086,False,False,False,False,False
TXN_4900137,False,False,False,False,False
TXN_2766289,False,False,False,False,False
TXN_2558306,False,False,False,False,False
TXN_4471077,False,False,False,False,False
TXN_7875396,False,False,False,False,False
TXN_6750796,False,False,False,False,False
TXN_9852381,False,False,False,False,False
TXN_7471824,False,False,False,False,False
TXN_8762760,False,False,False,False,False
TXN_5246412,False,False,False,False,False
TXN_4625903,False,False,False,False,False
TXN_5495445,True,False,False,False,False
TXN_8227894,False,False,False,False,False
TXN_8055736,False,False,False,False,False
TXN_8445692,False,False,False,False,False
TXN_4033083,False,False,False,False,False
TXN_8987762,False,False,False,False,False
TXN_4810670,False,False,False,False,False
TXN_6146488,False,False,False,False,False
TXN_2102550,False,False,False,False,False
TXN_5985666,False,False,False,False,False
TXN_2585566,False,False,False,False,False
TXN_9611005,False,False,False,False,False
TXN_8649002,False,False,False,False,False
TXN_9974657,False,False,False,False,False
TXN_9717609,False,False,False,False,False
TXN_8696709,False,False,False,False,False
TXN_9113838,True,False,False,False,False
TXN_2033155,False,False,False,False,False
TXN_9136980,False,False,False,False,False
TXN_2924230,False,False,False,False,False
TXN_5171451,False,False,False,False,False
TXN_5709844,False,False,False,False,False
TXN_6424495,False,False,False,False,False
TXN_8027800,False,False,False,False,False
TXN_9576699,False,False,False,False,False
TXN_4445624,False,False,False,False,False
TXN_6607116,False,False,False,False,False
TXN_5798687,False,False,False,False,False
TXN_5993328,False,False,False,False,False
TXN_1345478,False,False,False,False,False
TXN_7602955,False,False,False,False,False
TXN_2477793,False,False,False,False,False
TXN_4194229,False,True,True,True,True
TXN_6533357,False,False,False,False,False
TXN_9874492,False,False,False,False,False
TXN_4756646,False,False,False,False,False
TXN_1482435,False,False,False,False,False
TXN_4635603,False,False,False,False,False
TXN_2487390,False,False,False,False,False
TXN_5959676,False,False,False,False,False
TXN_3485127,False,False,False,False,False
TXN_4879610,False,True,True,True,True
TXN_2479039,False,False,False,False,False
TXN_4461705,False,False,False,False,False
TXN_1072609,False,False,False,False,False
TXN_5613029,False,False,False,False,False
TXN_1223128,False,True,True,True,True
TXN_1464198,False,False,False,False,False
TXN_8915425,False,False,False,False,False
TXN_5637200,False,False,False,False,False
TXN_3741544,False,False,False,False,False
TXN_5385403,False,False,False,False,False
TXN_9163687,False,False,False,False,False
TXN_2568580,False,False,False,False,False
TXN_4090239,False,False,False,False,False
TXN_4548737,False,False,False,False,False
TXN_8543296,False,False,False,False,False
TXN_7671253,True,False,False,False,False
TXN_2252968,False,True,True,True,True
TXN_9169456,False,False,False,False,False
TXN_7234193,False,False,False,False,False
TXN_1606266,False,False,False,False,False
TXN_3652625,False,False,False,False,False
TXN_3433935,False,False,False,False,False
TXN_1367723,False,False,False,False,False
TXN_5958317,False,False,False,False,False
TXN_7347689,False,False,False,False,False
TXN_8297757,False,True,True,True,True
TXN_4002627,False,False,False,False,False
TXN_1658095,False,False,False,False,False
TXN_2421656,False,False,False,False,False
TXN_3525275,True,False,False,False,False
TXN_8270365,False,False,False,False,False
TXN_3784155,False,False,False,False,False
TXN_6668642,False,False,False,False,False
TXN_1771404,False,False,False,False,False
TXN_3180157,False,False,False,False,False
TXN_6439849,False,False,False,False,False
TXN_1346294,False,False,False,False,False
TXN_3421332,False,False,False,False,False
TXN_1862637,False,False,False,False,False
TXN_6330621,False,True,True,True,True
TXN_3443658,False,False,False,False,False
TXN_1051037,False,False,False,False,False
TXN_1659323,False,False,False,False,False
TXN_5545903,False,True,True,True,True
TXN_3406456,False,False,False,False,False
TXN_4000119,False,False,False,False,False
TXN_3708702,True,False,False,False,False
TXN_4959669,False,False,False,False,False
TXN_7218006,False,False,False,False,False
TXN_9601873,False,False,False,False,False
TXN_6430445,False,False,False,False,False
TXN_1942110,False,False,False,False,False
TXN_7861272,False,False,False,False,False
TXN_6292699,True,False,False,False,False
TXN_3043873,False,False,False,False,False
TXN_5105838,True,False,False,False,False
TXN_1043899,False,False,False,False,False
TXN_4117981,False,False,False,False,False
TXN_6618312,False,False,False,False,False
TXN_6237980,False,False,False,False,False
TXN_6664485,False,False,False,False,False
TXN_4674977,False,False,False,False,False
TXN_9944467,False,False,False,False,False
TXN_9699376,False,False,False,False,False
TXN_7109690,False,False,False,False,False
TXN_8631188,False,False,False,False,False
TXN_5990486,False,False,False,False,False
TXN_5740887,False,False,False,False,False
TXN_9980491,False,False,False,False,False
TXN_8074184,False,False,False,False,False
TXN_7739400,False,False,False,False,False
TXN_8617279,False,False,False,False,False
TXN_5830740,False,False,False,False,False
TXN_7476250,False,False,False,False,False
TXN_1383780,False,False,False,False,False
TXN_2558768,False,False,False,False,False
TXN_9099567,False,False,False,False,False
TXN_9394458,False,False,False,False,False
TXN_9567750,False,False,False,False,False
TXN_7518278,False,False,False,False,False
TXN_1960454,False,False,False,False,False
TXN_2634754,True,False,False,False,False
TXN_9474780,False,False,False,False,False
TXN_3758932,False,False,False,False,False
TXN_4912510,False,False,False,False,False
TXN_2414883,False,True,True,True,True
TXN_3876549,False,False,False,False,False
TXN_8796772,False,False,False,False,False
TXN_2895764,False,False,False,False,False
TXN_5308530,False,False,False,False,False
TXN_6824383,False,False,False,False,False
TXN_5894246,False,False,False,False,False
TXN_6218723,False,False,False,False,False
TXN_7080216,False,False,False,False,False
TXN_1413741,False,False,False,False,False
TXN_2248111,False,False,False,False,False
TXN_5161441,False,False,False,False,False
TXN_8133054,False,False,False,False,False
TXN_5035840,False,False,False,False,False
TXN_6128965,False,False,False,False,False
TXN_6193647,False,False,False,False,False
TXN_3982286,False,False,False,False,False
TXN_4266749,True,False,False,False,False
TXN_7014462,True,False,False,False,False
TXN_7029443,False,False,False,False,False
TXN_4774375,False,False,False,False,False
TXN_9720178,False,False,False,False,False
TXN_1594555,False,False,False,False,False
TXN_8449935,False,False,False,False,False
TXN_6754018,False,False,False,False,False
TXN_6098786,False,False,False,False,False
TXN_5241822,False,False,False,False,False
TXN_1720372,False,True,True,True,True
TXN_9669469,False,False,False,False,False
TXN_7582292,False,False,False,False,False
TXN_3598923,False,False,False,False,False
TXN_4817603,False,False,False,False,False
TXN_9901111,False,False,False,False,False
TXN_3054311,False,False,False,False,False
TXN_7412715,False,False,False,False,False
TXN_1278695,False,False,False,False,False
TXN_1953026,False,False,False,False,False
TXN_8219700,False,False,False,False,False
TXN_8441709,False,False,False,False,False
TXN_8889008,False,False,False,False,False
TXN_2590429,False,False,False,False,False
TXN_9279801,False,True,True,True,True
TXN_2403712,False,False,False,False,False
TXN_8654066,False,False,False,False,False
TXN_5657102,False,False,False,False,False
TXN_8797238,False,False,False,False,False
TXN_3568403,False,False,False,False,False
TXN_7072261,False,True,True,True,True
TXN_9493727,False,True,True,True,True
TXN_6936220,False,False,False,False,False
TXN_8782397,False,False,False,False,False
TXN_6091565,False,False,False,False,False
TXN_1558530,False,False,False,False,False
TXN_4247005,False,False,False,False,False
TXN_9377177,False,False,False,False,False
TXN_3364809,False,False,False,False,False
TXN_9655096,False,False,False,False,False
TXN_6073559,False,True,True,True,True
TXN_4477071,False,False,False,False,False
TXN_3619820,False,False,False,False,False
TXN_3541009,False,False,False,False,False
TXN_4678316,False,False,False,False,False
TXN_1016292,False,False,False,False,False
TXN_5389562,False,False,False,False,False
TXN_9397079,False,False,False,False,False
TXN_7949162,False,False,False,False,False
TXN_5147764,True,False,False,False,False
TXN_5113959,False,False,False,False,False
TXN_4864042,False,False,False,False,False
TXN_5449031,False,False,False,False,False
TXN_4551789,False,False,False,False,False
TXN_8653248,False,False,False,False,False
TXN_8751139,False,False,False,False,False
TXN_7016337,False,False,False,False,False
TXN_6850372,False,False,False,False,False
TXN_1851428,False,False,False,False,False
TXN_8090236,False,False,False,False,False
TXN_9422597,False,False,False,False,False
TXN_8564216,False,False,False,False,False
TXN_6013565,False,False,False,False,False
TXN_7799651,False,False,False,False,False
TXN_7502019,False,False,False,False,False
TXN_2328288,False,False,False,False,False
TXN_5573907,False,False,False,False,False
TXN_2471176,False,False,False,False,False
TXN_1384868,False,False,False,False,False
TXN_2912144,False,True,True,True,True
TXN_9164663,False,False,False,False,False
TXN_1352194,True,False,False,False,False
TXN_6492555,False,False,False,False,False
TXN_3425314,False,True,True,True,True
TXN_6577325,False,False,False,False,False
TXN_2988794,False,False,False,False,False
TXN_5573824,False,True,True,True,True
TXN_2071777,False,False,False,False,False
TXN_8996671,False,False,False,False,False
TXN_2450919,False,True,True,True,True
TXN_4174028,False,True,True,True,True
TXN_8285743,False,False,False,False,False
TXN_7460913,False,False,False,False,False
TXN_3430293,False,False,False,False,False
TXN_7765690,False,False,False,False,False
TXN_8790118,False,False,False,False,False
TXN_7807887,False,False,False,False,False
TXN_2951623,False,False,False,False,False
TXN_2752036,False,False,False,False,False
TXN_2777924,False,False,False,False,False
TXN_5890815,False,False,False,False,False
TXN_5625684,True,False,False,False,False
TXN_4534500,False,False,False,False,False
TXN_2491384,False,False,False,False,False
TXN_1395838,False,False,False,False,False
TXN_1156632,False,False,False,False,False
TXN_7038132,False,False,False,False,False
TXN_4274237,False,False,False,False,False
TXN_4236200,False,False,False,False,False
TXN_8878797,False,False,False,False,False
TXN_4829316,False,False,False,False,False
TXN_1188935,False,False,False,False,False
TXN_4407953,False,False,False,False,False
TXN_4918465,False,False,False,False,False
TXN_2934230,False,False,False,False,False
TXN_7894525,True,False,False,False,False
TXN_6518451,False,False,False,False,False
TXN_5987428,False,False,False,False,False
TXN_6199720,False,False,False,False,False
TXN_2997457,False,True,True,True,True
TXN_5257621,False,False,False,False,False
TXN_1877576,False,False,False,False,False
TXN_6655731,False,False,False,False,False
TXN_5602350,False,False,False,False,False
TXN_6801032,False,False,False,False,False
TXN_2896400,False,False,False,False,False
TXN_5928099,False,False,False,False,False
TXN_8828761,False,False,False,False,False
TXN_3294780,False,False,False,False,False
TXN_7457909,False,False,False,False,False
TXN_5411098,False,False,False,False,False
TXN_4426921,False,False,False,False,False
TXN_1724677,False,False,False,False,False
TXN_4853688,False,False,False,False,False
TXN_5832757,False,False,False,False,False
TXN_5715500,True,False,False,False,False
TXN_1102582,False,False,False,False,False
TXN_8114757,False,False,False,False,False
TXN_2855409,False,False,False,False,False
TXN_9210011,False,False,False,False,False
TXN_5050894,False,False,False,False,False
TXN_6733308,False,False,False,False,False
TXN_1511195,False,False,False,False,False
TXN_3638067,False,True,True,True,True
TXN_7459774,False,False,False,False,False
TXN_3268417,False,False,False,False,False
TXN_3279700,False,False,False,False,False
TXN_6176210,False,False,False,False,False
TXN_6195779,False,False,False,False,False
TXN_3506491,False,False,False,False,False
TXN_9920471,False,False,False,False,False
TXN_1069238,False,True,True,True,True
TXN_1118794,False,False,False,False,False
TXN_9846740,False,False,False,False,False
TXN_8111105,False,False,False,False,False
TXN_8761612,False,False,False,False,False
TXN_5042193,False,False,False,False,False
TXN_8935590,False,False,False,False,False
TXN_9556376,False,False,False,False,False
TXN_2260801,False,False,False,False,False
TXN_2919179,False,False,False,False,False
TXN_6377971,False,False,False,False,False
TXN_9753366,False,False,False,False,False
TXN_3604299,False,False,False,False,False
TXN_4685476,False,False,False,False,False
TXN_2937151,False,False,False,False,False
TXN_7484072,False,False,False,False,False
TXN_3361053,False,False,False,False,False
TXN_6726738,False,False,False,False,False
TXN_2599418,False,False,False,False,False
TXN_8129450,False,False,False,False,False
TXN_2361835,False,False,False,False,False
TXN_2340343,False,False,False,False,False
TXN_9373460,False,False,False,False,False
TXN_6627221,False,False,False,False,False
TXN_3673685,False,False,False,False,False
TXN_4823896,False,True,True,True,True
TXN_3271634,False,False,False,False,False
TXN_1434202,False,False,False,False,False
TXN_9743446,False,False,False,False,False
TXN_4397672,False,True,True,True,True
TXN_7239201,False,False,False,False,False
TXN_6295698,False,False,False,False,False
TXN_5604451,False,False,False,False,False
TXN_6972612,False,False,False,False,False
TXN_6960333,False,False,False,False,False
TXN_7422454,False,True,True,True,True
TXN_5394856,False,False,False,False,False
TXN_2153066,False,True,True,True,True
TXN_1712895,False,False,False,False,False
TXN_6298574,False,False,False,False,False
TXN_4890318,False,False,False,False,False
TXN_1096134,False,False,False,False,False
TXN_2318174,False,False,False,False,False
TXN_9347481,False,False,False,False,False
TXN_4009414,False,False,False,False,False
TXN_5306010,False,False,False,False,False
TXN_5167298,False,False,False,False,False
TXN_2407494,False,False,False,False,False
